data,view,mercado,familia,evento,dias_corridos_ate_evento,selecionado,ativa,motivo_inativa,c_nivel1,fator_estabilidade,fator_coerencia,volume_notional,tem_portao,n_pontos_janela,n_slots_esperados_janela
2025-02-08,2.2_inflacao,CPI_february-inflation-monthly,,2025-03-12,32.000000,True,True,,1.341862,1.156777,1.160000,1548.669293,True,2,2
2025-02-09,2.2_inflacao,CPI_february-inflation-monthly,,2025-03-12,31.000000,True,True,,1.240458,1.170243,1.060000,278.205199,True,4,4
2025-02-10,2.2_inflacao,CPI_february-inflation-monthly,,2025-03-12,30.000000,True,True,,1.203383,1.124657,1.070000,41.622600,True,6,6
2025-02-11,2.2_inflacao,CPI_february-inflation-monthly,,2025-03-12,29.000000,True,True,,1.076450,1.050195,1.025000,309.645000,True,6,6
2025-02-12,2.2_inflacao,CPI_february-inflation-monthly,,2025-03-12,28.000000,True,True,,1.159012,1.058459,1.095000,294.252898,True,6,6
2025-02-13,2.2_inflacao,CPI_february-inflation-monthly,,2025-03-12,27.000000,True,True,,1.084625,1.058171,1.025000,1121.910981,True,6,6
2025-02-14,2.2_inflacao,CPI_february-inflation-monthly,,2025-03-12,26.000000,True,True,,1.095216,1.058180,1.035000,227.020000,True,6,6
2025-02-15,2.2_inflacao,CPI_february-inflation-monthly,,2025-03-12,25.000000,True,True,,1.056298,1.030535,1.025000,126.480000,True,6,6
2025-02-16,2.2_inflacao,CPI_february-inflation-monthly,,2025-03-12,24.000000,True,True,,1.100219,1.033069,1.065000,579.510000,True,6,6
2025-02-17,2.2_inflacao,CPI_february-inflation-monthly,,2025-03-12,23.000000,True,True,,1.043834,1.033499,1.010000,52.374600,True,6,6
2025-02-18,2.2_inflacao,CPI_february-inflation-monthly,,2025-03-12,22.000000,True,True,,1.070516,1.034315,1.035000,84.150000,True,6,6
2025-02-19,2.2_inflacao,CPI_february-inflation-monthly,,2025-03-12,21.000000,True,True,,1.164733,1.044604,1.115000,201.191999,True,6,6
2025-02-20,2.2_inflacao,CPI_february-inflation-monthly,,2025-03-12,20.000000,True,True,,1.088004,1.051212,1.035000,282.686398,True,6,6
2025-02-21,2.2_inflacao,CPI_february-inflation-monthly,,2025-03-12,19.000000,True,True,,1.047925,1.047402,1.000500,228.599600,True,6,6
2025-02-22,2.2_inflacao,CPI_february-inflation-monthly,,2025-03-12,18.000000,True,True,,1.025110,1.020010,1.005000,1395.231900,True,6,6
2025-02-23,2.2_inflacao,CPI_february-inflation-monthly,,2025-03-12,17.000000,True,True,,1.037397,1.031210,1.006000,4.400000,True,6,6
2025-02-24,2.2_inflacao,CPI_february-inflation-monthly,,2025-03-12,16.000000,True,True,,1.069598,1.032431,1.036000,1061.844400,True,6,6
2025-02-25,2.2_inflacao,CPI_february-inflation-monthly,,2025-03-12,15.000000,True,True,,1.043157,1.021701,1.021000,262.464709,True,6,6
2025-02-26,2.2_inflacao,CPI_february-inflation-monthly,,2025-03-12,14.000000,True,True,,1.057023,1.027233,1.029000,477.152400,True,6,6
2025-02-27,2.2_inflacao,CPI_february-inflation-monthly,,2025-03-12,13.000000,True,True,,1.059303,1.023481,1.035000,100.089990,True,6,6
2025-02-28,2.2_inflacao,CPI_february-inflation-monthly,,2025-03-12,12.000000,True,False,volume_zero,,1.014126,1.020000,0.000000,True,6,6
2025-03-01,2.2_inflacao,CPI_february-inflation-monthly,,2025-03-12,11.000000,True,True,,1.032042,1.006380,1.025500,18.950400,True,6,6
2025-03-02,2.2_inflacao,CPI_february-inflation-monthly,,2025-03-12,10.000000,True,True,,1.027952,1.002880,1.025000,409.118000,True,6,6
2025-03-03,2.2_inflacao,CPI_february-inflation-monthly,,2025-03-12,9.000000,True,True,,1.017400,1.011332,1.006000,386.051113,True,6,6
2025-03-04,2.2_inflacao,CPI_february-inflation-monthly,,2025-03-12,8.000000,True,True,,1.025167,1.018546,1.006500,954.648259,True,6,6
2025-03-05,2.2_inflacao,CPI_february-inflation-monthly,,2025-03-12,7.000000,True,True,,1.022860,1.020309,1.002500,234.628120,True,6,6
2025-03-06,2.2_inflacao,CPI_february-inflation-monthly,,2025-03-12,6.000000,True,True,,1.038509,1.016153,1.022000,855.380200,True,6,6
2025-03-07,2.2_inflacao,CPI_february-inflation-monthly,,2025-03-12,5.000000,True,True,,1.051451,1.017369,1.033500,5.764720,True,6,6
2025-03-08,2.2_inflacao,CPI_february-inflation-monthly,,2025-03-12,4.000000,True,True,,1.081269,1.029290,1.050500,603.323178,True,6,6
2025-03-09,2.2_inflacao,CPI_february-inflation-monthly,,2025-03-12,3.000000,True,True,,1.046442,1.031994,1.014000,665.563866,True,6,6
2025-03-10,2.2_inflacao,CPI_february-inflation-monthly,,2025-03-12,2.000000,True,True,,1.061712,1.025809,1.035000,438.870248,True,6,6
2025-03-11,2.2_inflacao,CPI_february-inflation-monthly,,2025-03-12,1.000000,True,True,,1.049566,1.020978,1.028000,4414.374248,True,6,6
2025-03-12,2.2_inflacao,CPI_february-inflation-monthly,,2025-03-12,0.000000,True,True,,1.026065,1.025040,1.001000,19197.554543,True,6,6
2025-03-13,2.2_inflacao,CPI_march-inflation-monthly,,2025-04-10,28.000000,True,True,,1.224527,1.206430,1.015000,1109.092381,True,2,2
2025-03-14,2.2_inflacao,CPI_march-inflation-monthly,,2025-04-10,27.000000,True,True,,1.115621,1.093746,1.020000,434.816399,True,4,4
2025-03-15,2.2_inflacao,CPI_march-inflation-monthly,,2025-04-10,26.000000,True,True,,1.085373,1.064091,1.020000,634.174490,True,6,6
2025-03-16,2.2_inflacao,CPI_march-inflation-monthly,,2025-04-10,25.000000,True,True,,1.047549,1.027008,1.020000,0.999998,True,6,6
2025-03-17,2.2_inflacao,CPI_march-inflation-monthly,,2025-04-10,24.000000,True,True,,1.038312,1.017953,1.020000,176.640000,True,6,6
2025-03-18,2.2_inflacao,CPI_march-inflation-monthly,,2025-04-10,23.000000,True,True,,1.024834,1.004739,1.020000,1355.082398,True,6,6
2025-03-19,2.2_inflacao,CPI_march-inflation-monthly,,2025-04-10,22.000000,True,True,,1.047076,1.016579,1.030000,2.499999,True,6,6
2025-03-20,2.2_inflacao,CPI_march-inflation-monthly,,2025-04-10,21.000000,True,True,,1.037122,1.022802,1.014000,971.146731,True,6,6
2025-03-21,2.2_inflacao,CPI_march-inflation-monthly,,2025-04-10,20.000000,True,True,,1.043570,1.019112,1.024000,4241.580490,True,6,6
2025-03-22,2.2_inflacao,CPI_march-inflation-monthly,,2025-04-10,19.000000,True,True,,1.102811,1.029221,1.071500,6.631500,True,6,6
2025-03-23,2.2_inflacao,CPI_march-inflation-monthly,,2025-04-10,18.000000,True,True,,1.046133,1.026627,1.019000,552.589528,True,6,6
2025-03-24,2.2_inflacao,CPI_march-inflation-monthly,,2025-04-10,17.000000,True,True,,1.042992,1.012123,1.030500,78.332449,True,6,6
2025-03-25,2.2_inflacao,CPI_march-inflation-monthly,,2025-04-10,16.000000,True,True,,1.048658,1.010755,1.037500,446.903896,True,6,6
2025-03-26,2.2_inflacao,CPI_march-inflation-monthly,,2025-04-10,15.000000,True,True,,1.017281,1.008207,1.009000,58.859998,True,6,6
2025-03-27,2.2_inflacao,CPI_march-inflation-monthly,,2025-04-10,14.000000,True,True,,1.015142,1.006087,1.009000,3.049999,True,6,6
2025-03-28,2.2_inflacao,CPI_march-inflation-monthly,,2025-04-10,13.000000,True,True,,1.005842,1.001336,1.004500,36.365908,True,6,6
2025-03-29,2.2_inflacao,CPI_march-inflation-monthly,,2025-04-10,12.000000,True,True,,1.005729,1.002221,1.003500,88.193670,True,6,6
2025-03-30,2.2_inflacao,CPI_march-inflation-monthly,,2025-04-10,11.000000,True,True,,1.005981,1.001475,1.004500,90.794677,True,6,6
2025-03-31,2.2_inflacao,CPI_march-inflation-monthly,,2025-04-10,10.000000,True,True,,1.011164,1.000657,1.010500,631.724407,True,6,6
2025-04-01,2.2_inflacao,CPI_march-inflation-monthly,,2025-04-10,9.000000,True,True,,1.004375,1.001371,1.003000,1186.454630,True,6,6
2025-04-02,2.2_inflacao,CPI_march-inflation-monthly,,2025-04-10,8.000000,True,False,volume_zero,,1.006487,1.001000,0.000000,True,6,6
2025-04-03,2.2_inflacao,CPI_march-inflation-monthly,,2025-04-10,7.000000,True,True,,1.019020,1.007933,1.011000,694.339858,True,6,6
2025-04-04,2.2_inflacao,CPI_march-inflation-monthly,,2025-04-10,6.000000,True,True,,1.040498,1.016111,1.024000,4431.602049,True,6,6
2025-04-05,2.2_inflacao,CPI_march-inflation-monthly,,2025-04-10,5.000000,True,True,,1.114045,1.033917,1.077500,279.680081,True,6,6
2025-04-06,2.2_inflacao,CPI_march-inflation-monthly,,2025-04-10,4.000000,True,True,,1.083924,1.038241,1.044000,698.445504,True,6,6
2025-04-07,2.2_inflacao,CPI_march-inflation-monthly,,2025-04-10,3.000000,True,True,,1.036811,1.010045,1.026500,2816.892258,True,6,6
2025-04-08,2.2_inflacao,CPI_march-inflation-monthly,,2025-04-10,2.000000,True,True,,1.031464,1.025822,1.005500,1349.254257,True,6,6
2025-04-09,2.2_inflacao,CPI_march-inflation-monthly,,2025-04-10,1.000000,True,True,,1.146072,1.043306,1.098500,11386.064573,True,6,6
2025-04-10,2.2_inflacao,CPI_march-inflation-monthly,,2025-04-10,0.000000,True,True,,1.402576,1.125663,1.246000,4538.730555,True,6,6
2025-05-14,2.2_inflacao,CPI_may-inflation-monthly,,2025-06-11,28.000000,True,True,,1.057525,1.036789,1.020000,1594.180971,True,2,2
2025-05-15,2.2_inflacao,CPI_may-inflation-monthly,,2025-06-11,27.000000,True,True,,1.041557,1.021134,1.020000,1154.854395,True,4,4
2025-05-16,2.2_inflacao,CPI_may-inflation-monthly,,2025-06-11,26.000000,True,True,,1.063947,1.018131,1.045000,1448.478885,True,6,6
2025-05-17,2.2_inflacao,CPI_may-inflation-monthly,,2025-06-11,25.000000,True,True,,1.020307,1.010205,1.010000,175.405392,True,6,6
2025-05-18,2.2_inflacao,CPI_may-inflation-monthly,,2025-06-11,24.000000,True,True,,1.035937,1.010670,1.025000,589.866600,True,6,6
2025-05-19,2.2_inflacao,CPI_may-inflation-monthly,,2025-06-11,23.000000,True,True,,1.051279,1.015729,1.035000,4357.946976,True,6,6
2025-05-20,2.2_inflacao,CPI_may-inflation-monthly,,2025-06-11,22.000000,True,True,,1.055602,1.019905,1.035000,7904.409081,True,6,6
2025-05-21,2.2_inflacao,CPI_may-inflation-monthly,,2025-06-11,21.000000,True,True,,1.053916,1.028211,1.025000,715.478787,True,6,6
2025-05-22,2.2_inflacao,CPI_may-inflation-monthly,,2025-06-11,20.000000,True,True,,1.048977,1.023392,1.025000,215.550599,True,6,6
2025-05-23,2.2_inflacao,CPI_may-inflation-monthly,,2025-06-11,19.000000,True,True,,1.034190,1.018907,1.015000,51204.427077,True,6,6
2025-05-24,2.2_inflacao,CPI_may-inflation-monthly,,2025-06-11,18.000000,True,True,,1.036339,1.016019,1.020000,110.928787,True,6,6
2025-05-25,2.2_inflacao,CPI_may-inflation-monthly,,2025-06-11,17.000000,True,False,volume_zero,,1.009118,1.025000,0.000000,True,6,6
2025-05-26,2.2_inflacao,CPI_may-inflation-monthly,,2025-06-11,16.000000,True,True,,1.024732,1.004639,1.020000,11.905000,True,6,6
2025-05-27,2.2_inflacao,CPI_may-inflation-monthly,,2025-06-11,15.000000,True,True,,1.021784,1.006684,1.015000,1123.775983,True,6,6
2025-05-28,2.2_inflacao,CPI_may-inflation-monthly,,2025-06-11,14.000000,True,True,,1.066161,1.025155,1.040000,639.572292,True,6,6
2025-05-29,2.2_inflacao,CPI_may-inflation-monthly,,2025-06-11,13.000000,True,True,,1.033117,1.033117,1.000000,606.164098,True,6,6
2025-05-30,2.2_inflacao,CPI_may-inflation-monthly,,2025-06-11,12.000000,True,True,,1.068978,1.032829,1.035000,2376.129985,True,6,6
2025-05-31,2.2_inflacao,CPI_may-inflation-monthly,,2025-06-11,11.000000,True,True,,1.048093,1.022529,1.025000,599.273794,True,6,6
2025-06-01,2.2_inflacao,CPI_may-inflation-monthly,,2025-06-11,10.000000,True,True,,1.055424,1.019733,1.035000,833.579975,True,6,6
2025-06-02,2.2_inflacao,CPI_may-inflation-monthly,,2025-06-11,9.000000,True,True,,1.045243,1.014799,1.030000,1234.672196,True,6,6
2025-06-03,2.2_inflacao,CPI_may-inflation-monthly,,2025-06-11,8.000000,True,True,,1.042619,1.012251,1.030000,2249.917796,True,6,6
2025-06-04,2.2_inflacao,CPI_may-inflation-monthly,,2025-06-11,7.000000,True,True,,1.049873,1.019294,1.030000,2967.422666,True,6,6
2025-06-05,2.2_inflacao,CPI_may-inflation-monthly,,2025-06-11,6.000000,True,True,,1.058195,1.017495,1.040000,5271.477454,True,6,6
2025-06-06,2.2_inflacao,CPI_may-inflation-monthly,,2025-06-11,5.000000,True,True,,1.052277,1.041343,1.010500,1390.711274,True,6,6
2025-06-07,2.2_inflacao,CPI_may-inflation-monthly,,2025-06-11,4.000000,True,True,,1.084967,1.055929,1.027500,3978.735973,True,6,6
2025-06-08,2.2_inflacao,CPI_may-inflation-monthly,,2025-06-11,3.000000,True,True,,1.078255,1.051956,1.025000,4480.481846,True,6,6
2025-06-09,2.2_inflacao,CPI_may-inflation-monthly,,2025-06-11,2.000000,True,True,,1.086430,1.058899,1.026000,9270.466175,True,6,6
2025-06-10,2.2_inflacao,CPI_may-inflation-monthly,,2025-06-11,1.000000,True,True,,1.087807,1.063870,1.022500,8526.746341,True,6,6
2025-06-11,2.2_inflacao,CPI_may-inflation-monthly,,2025-06-11,0.000000,True,True,,1.234986,1.078120,1.145500,8638.417669,True,6,6
2025-06-12,2.2_inflacao,CPI_june-inflation-monthly,,2025-07-15,33.000000,True,True,,1.272253,1.234597,1.030500,12651.066877,True,2,2
2025-06-13,2.2_inflacao,CPI_june-inflation-monthly,,2025-07-15,32.000000,True,True,,1.134131,1.104314,1.027000,4343.670130,True,4,4
2025-06-14,2.2_inflacao,CPI_june-inflation-monthly,,2025-07-15,31.000000,True,True,,1.115819,1.082794,1.030500,5135.804418,True,6,6
2025-06-15,2.2_inflacao,CPI_june-inflation-monthly,,2025-07-15,30.000000,True,True,,1.053910,1.033245,1.020000,1643.707224,True,6,6
2025-06-16,2.2_inflacao,CPI_june-inflation-monthly,,2025-07-15,29.000000,True,True,,1.033684,1.018408,1.015000,3471.973229,True,6,6
2025-06-17,2.2_inflacao,CPI_june-inflation-monthly,,2025-07-15,28.000000,True,True,,1.061961,1.047816,1.013500,4820.466018,True,6,6
2025-06-18,2.2_inflacao,CPI_june-inflation-monthly,,2025-07-15,27.000000,True,True,,1.079973,1.058279,1.020500,3877.238207,True,6,6
2025-06-19,2.2_inflacao,CPI_june-inflation-monthly,,2025-07-15,26.000000,True,True,,1.076513,1.060081,1.015500,2448.869434,True,6,6
2025-06-20,2.2_inflacao,CPI_june-inflation-monthly,,2025-07-15,25.000000,True,True,,1.057831,1.044771,1.012500,5095.960446,True,6,6
2025-06-21,2.2_inflacao,CPI_june-inflation-monthly,,2025-07-15,24.000000,True,True,,1.049263,1.048739,1.000500,295.847438,True,6,6
2025-06-22,2.2_inflacao,CPI_june-inflation-monthly,,2025-07-15,23.000000,True,True,,1.059830,1.046746,1.012500,3863.296387,True,6,6
2025-06-23,2.2_inflacao,CPI_june-inflation-monthly,,2025-07-15,22.000000,True,True,,1.059885,1.039103,1.020000,5302.748135,True,6,6
2025-06-24,2.2_inflacao,CPI_june-inflation-monthly,,2025-07-15,21.000000,True,True,,1.087089,1.048302,1.037000,5812.669320,True,6,6
2025-06-25,2.2_inflacao,CPI_june-inflation-monthly,,2025-07-15,20.000000,True,True,,1.070365,1.055066,1.014500,2337.819103,True,6,6
2025-06-26,2.2_inflacao,CPI_june-inflation-monthly,,2025-07-15,19.000000,True,True,,1.063862,1.051247,1.012000,9450.846938,True,6,6
2025-06-27,2.2_inflacao,CPI_june-inflation-monthly,,2025-07-15,18.000000,True,True,,1.053123,1.044247,1.008500,8898.049474,True,6,6
2025-06-28,2.2_inflacao,CPI_june-inflation-monthly,,2025-07-15,17.000000,True,True,,1.075448,1.055395,1.019000,1787.589298,True,6,6
2025-06-29,2.2_inflacao,CPI_june-inflation-monthly,,2025-07-15,16.000000,True,True,,1.070338,1.046274,1.023000,3159.121590,True,6,6
2025-06-30,2.2_inflacao,CPI_june-inflation-monthly,,2025-07-15,15.000000,True,True,,1.035221,1.031096,1.004000,12361.012313,True,6,6
2025-07-01,2.2_inflacao,CPI_june-inflation-monthly,,2025-07-15,14.000000,True,True,,1.031834,1.029774,1.002000,12471.736118,True,6,6
2025-07-02,2.2_inflacao,CPI_june-inflation-monthly,,2025-07-15,13.000000,True,True,,1.052313,1.032692,1.019000,18936.771885,True,6,6
2025-07-03,2.2_inflacao,CPI_june-inflation-monthly,,2025-07-15,12.000000,True,True,,1.049418,1.037487,1.011500,7594.582742,True,6,6
2025-07-04,2.2_inflacao,CPI_june-inflation-monthly,,2025-07-15,11.000000,True,True,,1.054201,1.033530,1.020000,8699.067042,True,6,6
2025-07-05,2.2_inflacao,CPI_june-inflation-monthly,,2025-07-15,10.000000,True,True,,1.048529,1.034052,1.014000,736.334163,True,6,6
2025-07-06,2.2_inflacao,CPI_june-inflation-monthly,,2025-07-15,9.000000,True,True,,1.035761,1.018949,1.016500,2518.924360,True,6,6
2025-07-07,2.2_inflacao,CPI_june-inflation-monthly,,2025-07-15,8.000000,True,True,,1.032043,1.014791,1.017000,9250.694970,True,6,6
2025-07-08,2.2_inflacao,CPI_june-inflation-monthly,,2025-07-15,7.000000,True,True,,1.024889,1.019283,1.005500,4533.522047,True,6,6
2025-07-09,2.2_inflacao,CPI_june-inflation-monthly,,2025-07-15,6.000000,True,True,,1.034022,1.024798,1.009000,22549.042695,True,6,6
2025-07-10,2.2_inflacao,CPI_june-inflation-monthly,,2025-07-15,5.000000,True,True,,1.049871,1.035887,1.013500,14742.582767,True,6,6
2025-07-11,2.2_inflacao,CPI_june-inflation-monthly,,2025-07-15,4.000000,True,True,,1.083362,1.062119,1.020000,9341.218765,True,6,6
2025-07-12,2.2_inflacao,CPI_june-inflation-monthly,,2025-07-15,3.000000,True,True,,1.080372,1.061791,1.017500,4637.260113,True,6,6
2025-07-13,2.2_inflacao,CPI_june-inflation-monthly,,2025-07-15,2.000000,True,True,,1.060223,1.043527,1.016000,6937.251856,True,6,6
2025-07-14,2.2_inflacao,CPI_june-inflation-monthly,,2025-07-15,1.000000,True,True,,1.056411,1.037222,1.018500,15867.029957,True,6,6
2025-07-15,2.2_inflacao,CPI_june-inflation-monthly,,2025-07-15,0.000000,True,True,,1.134225,1.092702,1.038000,66773.601940,True,6,6
2025-07-16,2.2_inflacao,CPI_july-inflation-monthly,,2025-08-12,27.000000,True,True,,1.190000,1.144231,1.040000,10428.421535,True,2,2
2025-07-17,2.2_inflacao,CPI_july-inflation-monthly,,2025-08-12,26.000000,True,True,,1.134550,1.078983,1.051500,9957.733370,True,4,4
2025-07-18,2.2_inflacao,CPI_july-inflation-monthly,,2025-08-12,25.000000,True,True,,1.092371,1.055941,1.034500,8178.126598,True,6,6
2025-07-19,2.2_inflacao,CPI_july-inflation-monthly,,2025-08-12,24.000000,True,True,,1.055682,1.021958,1.033000,223.114799,True,6,6
2025-07-20,2.2_inflacao,CPI_july-inflation-monthly,,2025-08-12,23.000000,True,True,,1.040395,1.017004,1.023000,732.976199,True,6,6
2025-07-21,2.2_inflacao,CPI_july-inflation-monthly,,2025-08-12,22.000000,True,True,,1.029042,1.014834,1.014000,8154.021984,True,6,6
2025-07-22,2.2_inflacao,CPI_july-inflation-monthly,,2025-08-12,21.000000,True,True,,1.042672,1.025747,1.016500,152.436360,True,6,6
2025-07-23,2.2_inflacao,CPI_july-inflation-monthly,,2025-08-12,20.000000,True,True,,1.041818,1.026928,1.014500,158.165015,True,6,6
2025-07-24,2.2_inflacao,CPI_july-inflation-monthly,,2025-08-12,19.000000,True,True,,1.049014,1.016979,1.031500,1432.676348,True,6,6
2025-07-25,2.2_inflacao,CPI_july-inflation-monthly,,2025-08-12,18.000000,True,True,,1.017354,1.012293,1.005000,508.369995,True,6,6
2025-07-26,2.2_inflacao,CPI_july-inflation-monthly,,2025-08-12,17.000000,True,True,,1.018082,1.011507,1.006500,4532.253350,True,6,6
2025-07-27,2.2_inflacao,CPI_july-inflation-monthly,,2025-08-12,16.000000,True,True,,1.048223,1.022657,1.025000,21567.191181,True,6,6
2025-07-28,2.2_inflacao,CPI_july-inflation-monthly,,2025-08-12,15.000000,True,True,,1.059789,1.037991,1.021000,20137.736757,True,6,6
2025-07-29,2.2_inflacao,CPI_july-inflation-monthly,,2025-08-12,14.000000,True,True,,1.076118,1.039728,1.035000,12336.506557,True,6,6
2025-07-30,2.2_inflacao,CPI_july-inflation-monthly,,2025-08-12,13.000000,True,True,,1.047183,1.027153,1.019500,7139.337044,True,6,6
2025-07-31,2.2_inflacao,CPI_july-inflation-monthly,,2025-08-12,12.000000,True,True,,1.048687,1.022611,1.025500,14141.702262,True,6,6
2025-08-01,2.2_inflacao,CPI_july-inflation-monthly,,2025-08-12,11.000000,True,True,,1.045209,1.023711,1.021000,16004.331132,True,6,6
2025-08-02,2.2_inflacao,CPI_july-inflation-monthly,,2025-08-12,10.000000,True,True,,1.048139,1.028092,1.019500,34562.422325,True,6,6
2025-08-03,2.2_inflacao,CPI_july-inflation-monthly,,2025-08-12,9.000000,True,True,,1.062851,1.028897,1.033000,29425.962780,True,6,6
2025-08-04,2.2_inflacao,CPI_july-inflation-monthly,,2025-08-12,8.000000,True,True,,1.060121,1.034770,1.024500,34091.050737,True,6,6
2025-08-05,2.2_inflacao,CPI_july-inflation-monthly,,2025-08-12,7.000000,True,True,,1.060475,1.032093,1.027500,14288.013923,True,6,6
2025-08-06,2.2_inflacao,CPI_july-inflation-monthly,,2025-08-12,6.000000,True,True,,1.059637,1.030775,1.028000,9816.322673,True,6,6
2025-08-07,2.2_inflacao,CPI_july-inflation-monthly,,2025-08-12,5.000000,True,True,,1.048857,1.026781,1.021500,6411.485180,True,6,6
2025-08-08,2.2_inflacao,CPI_july-inflation-monthly,,2025-08-12,4.000000,True,True,,1.089398,1.027734,1.060000,9465.039051,True,6,6
2025-08-09,2.2_inflacao,CPI_july-inflation-monthly,,2025-08-12,3.000000,True,True,,1.037501,1.025705,1.011500,6894.462492,True,6,6
2025-08-10,2.2_inflacao,CPI_july-inflation-monthly,,2025-08-12,2.000000,True,True,,1.044145,1.036887,1.007000,17657.769973,True,6,6
2025-08-11,2.2_inflacao,CPI_july-inflation-monthly,,2025-08-12,1.000000,True,True,,1.049458,1.041645,1.007500,9383.543100,True,6,6
2025-08-12,2.2_inflacao,CPI_july-inflation-monthly,,2025-08-12,0.000000,True,True,,1.091833,1.068330,1.022000,86781.443311,True,6,6
2025-08-13,2.2_inflacao,CPI_august-inflation-monthly,,2025-09-11,29.000000,True,True,,1.113180,1.099437,1.012500,18255.849395,True,2,2
2025-08-14,2.2_inflacao,CPI_august-inflation-monthly,,2025-09-11,28.000000,True,True,,1.068245,1.051422,1.016000,3552.596539,True,4,4
2025-08-15,2.2_inflacao,CPI_august-inflation-monthly,,2025-09-11,27.000000,True,True,,1.052750,1.034644,1.017500,1159.758226,True,6,6
2025-08-16,2.2_inflacao,CPI_august-inflation-monthly,,2025-09-11,26.000000,True,True,,1.028435,1.013735,1.014500,6218.024762,True,6,6
2025-08-17,2.2_inflacao,CPI_august-inflation-monthly,,2025-09-11,25.000000,True,True,,1.022017,1.006417,1.015500,2158.385028,True,6,6
2025-08-18,2.2_inflacao,CPI_august-inflation-monthly,,2025-09-11,24.000000,True,True,,1.025135,1.009488,1.015500,1358.937595,True,6,6
2025-08-19,2.2_inflacao,CPI_august-inflation-monthly,,2025-09-11,23.000000,True,True,,1.034419,1.017628,1.016500,1155.582429,True,6,6
2025-08-20,2.2_inflacao,CPI_august-inflation-monthly,,2025-09-11,22.000000,True,True,,1.029511,1.019823,1.009500,3604.371408,True,6,6
2025-08-21,2.2_inflacao,CPI_august-inflation-monthly,,2025-09-11,21.000000,True,True,,1.046573,1.025047,1.021000,8390.038778,True,6,6
2025-08-22,2.2_inflacao,CPI_august-inflation-monthly,,2025-09-11,20.000000,True,True,,1.024749,1.023214,1.001500,3206.276499,True,6,6
2025-08-23,2.2_inflacao,CPI_august-inflation-monthly,,2025-09-11,19.000000,True,True,,1.029269,1.021100,1.008000,1618.105039,True,6,6
2025-08-24,2.2_inflacao,CPI_august-inflation-monthly,,2025-09-11,18.000000,True,True,,1.039086,1.017714,1.021000,1874.792592,True,6,6
2025-08-25,2.2_inflacao,CPI_august-inflation-monthly,,2025-09-11,17.000000,True,True,,1.034628,1.016833,1.017500,3289.697187,True,6,6
2025-08-26,2.2_inflacao,CPI_august-inflation-monthly,,2025-09-11,16.000000,True,True,,1.026409,1.020288,1.006000,3577.466983,True,6,6
2025-08-27,2.2_inflacao,CPI_august-inflation-monthly,,2025-09-11,15.000000,True,True,,1.033800,1.026613,1.007000,3306.150334,True,6,6
2025-08-28,2.2_inflacao,CPI_august-inflation-monthly,,2025-09-11,14.000000,True,True,,1.034701,1.032635,1.002000,182.437384,True,6,6
2025-08-29,2.2_inflacao,CPI_august-inflation-monthly,,2025-09-11,13.000000,True,True,,1.033720,1.019448,1.014000,11349.595020,True,6,6
2025-08-30,2.2_inflacao,CPI_august-inflation-monthly,,2025-09-11,12.000000,True,True,,1.038227,1.021374,1.016500,3157.252882,True,6,6
2025-08-31,2.2_inflacao,CPI_august-inflation-monthly,,2025-09-11,11.000000,True,True,,1.034400,1.017109,1.017000,3907.508053,True,6,6
2025-09-01,2.2_inflacao,CPI_august-inflation-monthly,,2025-09-11,10.000000,True,True,,1.039601,1.018218,1.021000,4148.349338,True,6,6
2025-09-02,2.2_inflacao,CPI_august-inflation-monthly,,2025-09-11,9.000000,True,True,,1.016369,1.016369,1.000000,2775.344389,True,6,6
2025-09-03,2.2_inflacao,CPI_august-inflation-monthly,,2025-09-11,8.000000,True,True,,1.023882,1.017270,1.006500,3147.176334,True,6,6
2025-09-04,2.2_inflacao,CPI_august-inflation-monthly,,2025-09-11,7.000000,True,True,,1.021596,1.021596,1.000000,3820.354279,True,6,6
2025-09-05,2.2_inflacao,CPI_august-inflation-monthly,,2025-09-11,6.000000,True,True,,1.035893,1.017576,1.018000,5149.989797,True,6,6
2025-09-06,2.2_inflacao,CPI_august-inflation-monthly,,2025-09-11,5.000000,True,True,,1.035295,1.025553,1.009500,2699.721200,True,6,6
2025-09-07,2.2_inflacao,CPI_august-inflation-monthly,,2025-09-11,4.000000,True,True,,1.057497,1.025700,1.031000,3043.064798,True,6,6
2025-09-08,2.2_inflacao,CPI_august-inflation-monthly,,2025-09-11,3.000000,True,True,,1.045130,1.022632,1.022000,5222.473031,True,6,6
2025-09-09,2.2_inflacao,CPI_august-inflation-monthly,,2025-09-11,2.000000,True,True,,1.026028,1.017885,1.008000,2043.533437,True,6,6
2025-09-10,2.2_inflacao,CPI_august-inflation-monthly,,2025-09-11,1.000000,True,True,,1.027196,1.014014,1.013000,16588.545414,True,6,6
2025-09-11,2.2_inflacao,CPI_august-inflation-monthly,,2025-09-11,0.000000,True,True,,1.055551,1.022820,1.032000,33540.423840,True,6,6
2025-09-12,2.2_inflacao,CPI_september-inflation-monthly,,2025-10-24,42.000000,True,True,,1.161240,1.146338,1.013000,4726.502230,True,2,2
2025-09-13,2.2_inflacao,CPI_september-inflation-monthly,,2025-10-24,41.000000,True,True,,1.078361,1.064522,1.013000,1021.693937,True,4,4
2025-09-14,2.2_inflacao,CPI_september-inflation-monthly,,2025-10-24,40.000000,True,True,,1.045775,1.042128,1.003500,649.061517,True,6,6
2025-09-15,2.2_inflacao,CPI_september-inflation-monthly,,2025-10-24,39.000000,True,True,,1.024245,1.008611,1.015500,958.981893,True,6,6
2025-09-16,2.2_inflacao,CPI_september-inflation-monthly,,2025-10-24,38.000000,True,True,,1.013967,1.006918,1.007000,2327.073167,True,6,6
2025-09-17,2.2_inflacao,CPI_september-inflation-monthly,,2025-10-24,37.000000,True,True,,1.026144,1.008991,1.017000,160.608933,True,6,6
2025-09-18,2.2_inflacao,CPI_september-inflation-monthly,,2025-10-24,36.000000,True,True,,1.028532,1.012335,1.016000,1223.639885,True,6,6
2025-09-19,2.2_inflacao,CPI_september-inflation-monthly,,2025-10-24,35.000000,True,True,,1.027633,1.011450,1.016000,42.159999,True,6,6
2025-09-20,2.2_inflacao,CPI_september-inflation-monthly,,2025-10-24,34.000000,True,True,,1.028968,1.010278,1.018500,300.535070,True,6,6
2025-09-21,2.2_inflacao,CPI_september-inflation-monthly,,2025-10-24,33.000000,True,True,,1.022654,1.008037,1.014500,62.799967,True,6,6
2025-09-22,2.2_inflacao,CPI_september-inflation-monthly,,2025-10-24,32.000000,True,True,,1.019841,1.009244,1.010500,1374.188000,True,6,6
2025-09-23,2.2_inflacao,CPI_september-inflation-monthly,,2025-10-24,31.000000,True,True,,1.021452,1.010338,1.011000,1979.384596,True,6,6
2025-09-24,2.2_inflacao,CPI_september-inflation-monthly,,2025-10-24,30.000000,True,True,,1.027481,1.011798,1.015500,1888.680806,True,6,6
2025-09-25,2.2_inflacao,CPI_september-inflation-monthly,,2025-10-24,29.000000,True,True,,1.034414,1.017123,1.017000,1145.037173,True,6,6
2025-09-26,2.2_inflacao,CPI_september-inflation-monthly,,2025-10-24,28.000000,True,True,,1.024021,1.017913,1.006000,380.082248,True,6,6
2025-09-27,2.2_inflacao,CPI_september-inflation-monthly,,2025-10-24,27.000000,True,True,,1.024798,1.014651,1.010000,1228.443749,True,6,6
2025-09-28,2.2_inflacao,CPI_september-inflation-monthly,,2025-10-24,26.000000,True,True,,1.026944,1.011768,1.015000,547.925349,True,6,6
2025-09-29,2.2_inflacao,CPI_september-inflation-monthly,,2025-10-24,25.000000,True,True,,1.014511,1.007959,1.006500,2246.887086,True,6,6
2025-09-30,2.2_inflacao,CPI_september-inflation-monthly,,2025-10-24,24.000000,True,True,,1.018440,1.008855,1.009500,2897.553236,True,6,6
2025-10-01,2.2_inflacao,CPI_september-inflation-monthly,,2025-10-24,23.000000,True,True,,1.022840,1.014219,1.008500,1692.906486,True,6,6
2025-10-02,2.2_inflacao,CPI_september-inflation-monthly,,2025-10-24,22.000000,True,True,,1.035665,1.018353,1.017000,707.830114,True,6,6
2025-10-03,2.2_inflacao,CPI_september-inflation-monthly,,2025-10-24,21.000000,True,True,,1.039304,1.019926,1.019000,869.022193,True,6,6
2025-10-04,2.2_inflacao,CPI_september-inflation-monthly,,2025-10-24,20.000000,True,True,,1.035949,1.027218,1.008500,118.738019,True,6,6
2025-10-05,2.2_inflacao,CPI_september-inflation-monthly,,2025-10-24,19.000000,True,True,,1.040905,1.028054,1.012500,413.369398,True,6,6
2025-10-06,2.2_inflacao,CPI_september-inflation-monthly,,2025-10-24,18.000000,True,True,,1.058716,1.025391,1.032500,768.345492,True,6,6
2025-10-07,2.2_inflacao,CPI_september-inflation-monthly,,2025-10-24,17.000000,True,True,,1.045454,1.016484,1.028500,921.050480,True,6,6
2025-10-08,2.2_inflacao,CPI_september-inflation-monthly,,2025-10-24,16.000000,True,True,,1.072066,1.020044,1.051000,129.917896,True,6,6
2025-10-09,2.2_inflacao,CPI_september-inflation-monthly,,2025-10-24,15.000000,True,True,,1.084761,1.021914,1.061500,55.239965,True,6,6
2025-10-10,2.2_inflacao,CPI_september-inflation-monthly,,2025-10-24,14.000000,True,True,,1.047825,1.029804,1.017500,360.705170,True,6,6
2025-10-11,2.2_inflacao,CPI_september-inflation-monthly,,2025-10-24,13.000000,True,True,,1.040435,1.030644,1.009500,331.225906,True,6,6
2025-10-12,2.2_inflacao,CPI_september-inflation-monthly,,2025-10-24,12.000000,True,True,,1.056353,1.023102,1.032500,503.818397,True,6,6
2025-10-13,2.2_inflacao,CPI_september-inflation-monthly,,2025-10-24,11.000000,True,True,,1.039497,1.016623,1.022500,1970.220686,True,6,6
2025-10-14,2.2_inflacao,CPI_september-inflation-monthly,,2025-10-24,10.000000,True,True,,1.041849,1.023930,1.017500,989.086242,True,6,6
2025-10-15,2.2_inflacao,CPI_september-inflation-monthly,,2025-10-24,9.000000,True,True,,1.062994,1.025561,1.036500,126.709657,True,6,6
2025-10-16,2.2_inflacao,CPI_september-inflation-monthly,,2025-10-24,8.000000,True,True,,1.045066,1.020074,1.024500,972.981637,True,6,6
2025-10-17,2.2_inflacao,CPI_september-inflation-monthly,,2025-10-24,7.000000,True,True,,1.028034,1.010353,1.017500,13984.912351,True,6,6
2025-10-18,2.2_inflacao,CPI_september-inflation-monthly,,2025-10-24,6.000000,True,True,,1.023949,1.016831,1.007000,568.704298,True,6,6
2025-10-19,2.2_inflacao,CPI_september-inflation-monthly,,2025-10-24,5.000000,True,True,,1.030892,1.025253,1.005500,357.279889,True,6,6
2025-10-20,2.2_inflacao,CPI_september-inflation-monthly,,2025-10-24,4.000000,True,True,,1.035645,1.027936,1.007500,953.541110,True,6,6
2025-10-21,2.2_inflacao,CPI_september-inflation-monthly,,2025-10-24,3.000000,True,True,,1.042912,1.032075,1.010500,5167.508004,True,6,6
2025-10-22,2.2_inflacao,CPI_september-inflation-monthly,,2025-10-24,2.000000,True,True,,1.057317,1.040667,1.016000,1535.132158,True,6,6
2025-10-23,2.2_inflacao,CPI_september-inflation-monthly,,2025-10-24,1.000000,True,True,,1.061503,1.041200,1.019500,625.275895,True,6,6
2025-10-24,2.2_inflacao,CPI_september-inflation-monthly,,2025-10-24,0.000000,True,True,,1.537466,1.063990,1.445000,11832.865566,True,6,6
2025-11-14,2.2_inflacao,CPI_november-inflation-monthly,,2025-12-18,34.000000,True,True,,1.660426,1.125713,1.475000,118.363977,True,2,2
2025-11-15,2.2_inflacao,CPI_november-inflation-monthly,,2025-12-18,33.000000,True,False,volume_zero,,1.090466,1.215000,0.000000,True,4,4
2025-11-16,2.2_inflacao,CPI_november-inflation-monthly,,2025-12-18,32.000000,True,True,,1.198752,1.070315,1.120000,667.739996,True,6,6
2025-11-17,2.2_inflacao,CPI_november-inflation-monthly,,2025-12-18,31.000000,True,True,,1.111743,1.043890,1.065000,217.370004,True,6,6
2025-11-18,2.2_inflacao,CPI_november-inflation-monthly,,2025-12-18,30.000000,True,True,,1.082287,1.055890,1.025000,46.693000,True,6,6
2025-11-19,2.2_inflacao,CPI_november-inflation-monthly,,2025-12-18,29.000000,True,False,volume_zero,,1.058657,1.039000,0.000000,True,6,6
2025-11-20,2.2_inflacao,CPI_november-inflation-monthly,,2025-12-18,28.000000,True,False,volume_zero,,1.041014,1.047000,0.000000,True,6,6
2025-11-21,2.2_inflacao,CPI_november-inflation-monthly,,2025-12-18,27.000000,True,True,,1.168783,1.039381,1.124500,2833.032728,True,6,6
2025-11-22,2.2_inflacao,CPI_november-inflation-monthly,,2025-12-18,26.000000,True,True,,1.092834,1.088480,1.004000,379.609784,True,6,6
2025-11-23,2.2_inflacao,CPI_november-inflation-monthly,,2025-12-18,25.000000,True,True,,1.113210,1.089780,1.021500,13.949650,True,6,6
2025-11-24,2.2_inflacao,CPI_november-inflation-monthly,,2025-12-18,24.000000,True,True,,1.091256,1.087450,1.003500,151.484379,True,6,6
2025-11-25,2.2_inflacao,CPI_november-inflation-monthly,,2025-12-18,23.000000,True,True,,1.107311,1.051079,1.053500,2044.865274,True,6,6
2025-11-26,2.2_inflacao,CPI_november-inflation-monthly,,2025-12-18,22.000000,True,True,,1.063668,1.052095,1.011000,3908.058082,True,6,6
2025-11-27,2.2_inflacao,CPI_november-inflation-monthly,,2025-12-18,21.000000,True,True,,1.037293,1.023982,1.013000,333.746800,True,6,6
2025-11-28,2.2_inflacao,CPI_november-inflation-monthly,,2025-12-18,20.000000,True,True,,1.023416,1.016806,1.006500,51.903990,True,6,6
2025-11-29,2.2_inflacao,CPI_november-inflation-monthly,,2025-12-18,19.000000,True,True,,1.021406,1.018351,1.003000,76.624199,True,6,6
2025-11-30,2.2_inflacao,CPI_november-inflation-monthly,,2025-12-18,18.000000,True,True,,1.019921,1.015858,1.004000,9.637993,True,6,6
2025-12-01,2.2_inflacao,CPI_november-inflation-monthly,,2025-12-18,17.000000,True,True,,1.008440,1.006930,1.001500,46.186430,True,6,6
2025-12-02,2.2_inflacao,CPI_november-inflation-monthly,,2025-12-18,16.000000,True,True,,1.008642,1.002626,1.006000,94.420547,True,6,6
2025-12-03,2.2_inflacao,CPI_november-inflation-monthly,,2025-12-18,15.000000,True,True,,1.018298,1.005726,1.012500,4.999999,True,6,6
2025-12-04,2.2_inflacao,CPI_november-inflation-monthly,,2025-12-18,14.000000,True,False,volume_zero,,1.006653,1.013500,0.000000,True,6,6
2025-12-05,2.2_inflacao,CPI_november-inflation-monthly,,2025-12-18,13.000000,True,True,,1.020154,1.005078,1.015000,475.924831,True,6,6
2025-12-06,2.2_inflacao,CPI_december-inflation-us-monthly,,2026-01-13,38.000000,False,True,,1.674522,1.254324,1.335000,44.999995,True,2,2
2025-12-06,2.2_inflacao,CPI_november-inflation-monthly,,2025-12-18,12.000000,True,True,,1.055502,1.038369,1.016500,184.653720,True,6,6
2025-12-07,2.2_inflacao,CPI_december-inflation-us-monthly,,2026-01-13,37.000000,False,True,,1.203508,1.119543,1.075000,1.999999,True,4,4
2025-12-07,2.2_inflacao,CPI_november-inflation-monthly,,2025-12-18,11.000000,True,True,,1.072382,1.057055,1.014500,160.478379,True,6,6
2025-12-08,2.2_inflacao,CPI_december-inflation-us-monthly,,2026-01-13,36.000000,False,True,,1.250321,1.096773,1.140000,81.879999,True,6,6
2025-12-08,2.2_inflacao,CPI_november-inflation-monthly,,2025-12-18,10.000000,True,True,,1.078355,1.048984,1.028000,446.562040,True,6,6
2025-12-09,2.2_inflacao,CPI_december-inflation-us-monthly,,2026-01-13,35.000000,False,False,volume_zero,,1.054876,1.087500,0.000000,True,6,6
2025-12-09,2.2_inflacao,CPI_november-inflation-monthly,,2025-12-18,9.000000,True,True,,1.080213,1.053352,1.025500,2420.268310,True,6,6
2025-12-10,2.2_inflacao,CPI_december-inflation-us-monthly,,2026-01-13,34.000000,False,True,,1.115775,1.068750,1.044000,5.234130,True,6,6
2025-12-10,2.2_inflacao,CPI_november-inflation-monthly,,2025-12-18,8.000000,True,True,,1.142906,1.141194,1.001500,7417.669942,True,6,6
2025-12-11,2.2_inflacao,CPI_december-inflation-us-monthly,,2026-01-13,33.000000,False,True,,1.123747,1.062142,1.058000,170.470000,True,6,6
2025-12-11,2.2_inflacao,CPI_november-inflation-monthly,,2025-12-18,7.000000,True,True,,1.206232,1.193108,1.011000,1931.875788,True,6,6
2025-12-12,2.2_inflacao,CPI_december-inflation-us-monthly,,2026-01-13,32.000000,False,True,,1.236497,1.064111,1.162000,134.119313,True,6,6
2025-12-12,2.2_inflacao,CPI_november-inflation-monthly,,2025-12-18,6.000000,True,True,,1.183288,1.142170,1.036000,20635.465966,True,6,6
2025-12-13,2.2_inflacao,CPI_december-inflation-us-monthly,,2026-01-13,31.000000,False,True,,1.201108,1.069077,1.123500,1130.243976,True,6,6
2025-12-13,2.2_inflacao,CPI_november-inflation-monthly,,2025-12-18,5.000000,True,True,,1.101515,1.076749,1.023000,908.479869,True,6,6
2025-12-14,2.2_inflacao,CPI_december-inflation-us-monthly,,2026-01-13,30.000000,False,False,volume_zero,,1.034148,1.093000,0.000000,True,6,6
2025-12-14,2.2_inflacao,CPI_november-inflation-monthly,,2025-12-18,4.000000,True,True,,1.049322,1.046705,1.002500,433.469599,True,6,6
2025-12-15,2.2_inflacao,CPI_december-inflation-us-monthly,,2026-01-13,29.000000,False,True,,1.150149,1.019636,1.128000,0.999984,True,6,6
2025-12-15,2.2_inflacao,CPI_november-inflation-monthly,,2025-12-18,3.000000,True,True,,1.026689,1.015518,1.011000,79.558374,True,6,6
2025-12-16,2.2_inflacao,CPI_december-inflation-us-monthly,,2026-01-13,28.000000,False,False,volume_zero,,1.010280,1.132500,0.000000,True,6,6
2025-12-16,2.2_inflacao,CPI_november-inflation-monthly,,2025-12-18,2.000000,True,True,,1.031153,1.013419,1.017500,4005.714196,True,6,6
2025-12-17,2.2_inflacao,CPI_december-inflation-us-monthly,,2026-01-13,27.000000,False,False,volume_zero,,1.024085,1.060000,0.000000,True,6,6
2025-12-17,2.2_inflacao,CPI_november-inflation-monthly,,2025-12-18,1.000000,True,True,,1.044249,1.026793,1.017000,1297.842365,True,6,6
2025-12-18,2.2_inflacao,CPI_december-inflation-us-monthly,,2026-01-13,26.000000,False,True,,1.175403,1.032413,1.138500,217.367800,True,6,6
2025-12-18,2.2_inflacao,CPI_november-inflation-monthly,,2025-12-18,0.000000,True,True,,1.073653,1.047466,1.025000,33172.832423,True,6,6
2025-12-19,2.2_inflacao,CPI_december-inflation-us-monthly,,2026-01-13,25.000000,True,True,,1.242821,1.091630,1.138500,742.270996,True,6,6
2025-12-19,2.2_inflacao,CPI_november-inflation-monthly,,2025-12-18,-1.000000,False,True,,1.064819,1.054276,1.010000,247.349096,True,6,6
2025-12-20,2.2_inflacao,CPI_december-inflation-us-monthly,,2026-01-13,24.000000,True,True,,1.183040,1.088854,1.086500,896.985424,True,6,6
2025-12-20,2.2_inflacao,CPI_november-inflation-monthly,,2025-12-18,-2.000000,False,True,,1.070219,1.039048,1.030000,14.295000,True,6,6
2025-12-21,2.2_inflacao,CPI_december-inflation-us-monthly,,2026-01-13,23.000000,True,True,,1.123731,1.082071,1.038500,294.908000,True,6,6
2025-12-21,2.2_inflacao,CPI_november-inflation-monthly,,2025-12-18,-3.000000,False,True,,1.050941,1.004724,1.046000,991.553630,True,6,6
2025-12-22,2.2_inflacao,CPI_december-inflation-us-monthly,,2026-01-13,22.000000,True,True,,1.091753,1.054325,1.035500,150.877200,True,6,6
2025-12-22,2.2_inflacao,CPI_november-inflation-monthly,,2025-12-18,-4.000000,False,True,,1.014651,1.003115,1.011500,24.451980,True,6,6
2025-12-23,2.2_inflacao,CPI_december-inflation-us-monthly,,2026-01-13,21.000000,True,True,,1.100391,1.053510,1.044500,1716.296794,True,6,6
2025-12-23,2.2_inflacao,CPI_november-inflation-monthly,,2025-12-18,-5.000000,False,True,,1.023568,1.011931,1.011500,321.918810,True,6,6
2025-12-24,2.2_inflacao,CPI_december-inflation-us-monthly,,2026-01-13,20.000000,True,True,,1.091947,1.057064,1.033000,34.006000,True,6,6
2025-12-24,2.2_inflacao,CPI_november-inflation-monthly,,2025-12-18,-6.000000,False,True,,1.021437,1.011324,1.010000,109.908516,True,6,6
2025-12-25,2.2_inflacao,CPI_december-inflation-us-monthly,,2026-01-13,19.000000,True,True,,1.103690,1.045656,1.055500,2118.253999,True,6,6
2025-12-25,2.2_inflacao,CPI_november-inflation-monthly,,2025-12-18,-7.000000,False,True,,1.012511,1.005972,1.006500,5.596800,True,6,6
2025-12-26,2.2_inflacao,CPI_december-inflation-us-monthly,,2026-01-13,18.000000,True,True,,1.055396,1.019706,1.035000,76.000000,True,6,6
2025-12-26,2.2_inflacao,CPI_november-inflation-monthly,,2025-12-18,-8.000000,False,True,,1.002087,1.002087,1.000000,85.873362,True,6,6
2025-12-27,2.2_inflacao,CPI_december-inflation-us-monthly,,2026-01-13,17.000000,True,True,,1.094494,1.029627,1.063000,305.665865,True,6,6
2025-12-27,2.2_inflacao,CPI_november-inflation-monthly,,2025-12-18,-9.000000,False,True,,1.004558,1.003053,1.001500,1.000000,True,6,6
2025-12-28,2.2_inflacao,CPI_december-inflation-us-monthly,,2026-01-13,16.000000,True,True,,1.081074,1.036008,1.043500,1.999999,True,6,6
2025-12-28,2.2_inflacao,CPI_november-inflation-monthly,,2025-12-18,-10.000000,False,False,volume_zero,,1.002252,1.001500,0.000000,True,6,6
2025-12-29,2.2_inflacao,CPI_december-inflation-us-monthly,,2026-01-13,15.000000,True,True,,1.082597,1.027132,1.054000,181.261707,True,6,6
2025-12-29,2.2_inflacao,CPI_november-inflation-monthly,,2025-12-18,-11.000000,False,True,,1.001614,1.001113,1.000500,71.698975,True,6,6
2025-12-30,2.2_inflacao,CPI_december-inflation-us-monthly,,2026-01-13,14.000000,True,True,,1.052904,1.016808,1.035500,3888.304769,True,6,6
2025-12-30,2.2_inflacao,CPI_november-inflation-monthly,,2025-12-18,-12.000000,False,True,,1.002605,1.002104,1.000500,30.503770,True,6,6
2025-12-31,2.2_inflacao,CPI_december-inflation-us-monthly,,2026-01-13,13.000000,True,True,,1.056152,1.027385,1.028000,819.455991,True,6,6
2025-12-31,2.2_inflacao,CPI_november-inflation-monthly,,2025-12-18,-13.000000,False,True,,1.020795,1.004719,1.016000,0.797220,True,6,6
2026-01-01,2.2_inflacao,CPI_december-inflation-us-monthly,,2026-01-13,12.000000,True,True,,1.042134,1.026733,1.015000,2854.384572,True,6,6
2026-01-01,2.2_inflacao,CPI_november-inflation-monthly,,2025-12-18,-14.000000,False,True,,1.011629,1.008100,1.003500,155.121569,True,6,6
2026-01-02,2.2_inflacao,CPI_december-inflation-us-monthly,,2026-01-13,11.000000,True,True,,1.058691,1.034888,1.023000,3901.988914,True,6,6
2026-01-02,2.2_inflacao,CPI_november-inflation-monthly,,2025-12-18,-15.000000,False,True,,1.011832,1.007801,1.004000,1770.581446,True,6,6
2026-01-03,2.2_inflacao,CPI_december-inflation-us-monthly,,2026-01-13,10.000000,True,True,,1.073873,1.037058,1.035500,2194.023167,True,6,6
2026-01-03,2.2_inflacao,CPI_november-inflation-monthly,,2025-12-18,-16.000000,False,True,,1.014020,1.005474,1.008500,465.447321,True,6,6
2026-01-04,2.2_inflacao,CPI_december-inflation-us-monthly,,2026-01-13,9.000000,True,True,,1.058599,1.034293,1.023500,2610.107699,True,6,6
2026-01-04,2.2_inflacao,CPI_november-inflation-monthly,,2025-12-18,-17.000000,False,True,,1.011183,1.002163,1.009000,7.260620,True,6,6
2026-01-05,2.2_inflacao,CPI_december-inflation-us-monthly,,2026-01-13,8.000000,True,True,,1.024954,1.022398,1.002500,8566.914536,True,6,6
2026-01-05,2.2_inflacao,CPI_november-inflation-monthly,,2025-12-18,-18.000000,False,True,,1.019488,1.002940,1.016500,15.415941,True,6,6
2026-01-06,2.2_inflacao,CPI_december-inflation-us-monthly,,2026-01-13,7.000000,True,True,,1.042376,1.020936,1.021000,1818.434387,True,6,6
2026-01-06,2.2_inflacao,CPI_november-inflation-monthly,,2025-12-18,-19.000000,False,True,,1.016765,1.003222,1.013500,248.152860,True,6,6
2026-01-07,2.2_inflacao,CPI_december-inflation-us-monthly,,2026-01-13,6.000000,True,True,,1.053531,1.037962,1.015000,2668.199596,True,6,6
2026-01-07,2.2_inflacao,CPI_november-inflation-monthly,,2025-12-18,-20.000000,False,True,,1.016468,1.004912,1.011500,86.515852,True,6,6
2026-01-08,2.2_inflacao,CPI_december-inflation-us-monthly,,2026-01-13,5.000000,True,True,,1.076113,1.039221,1.035500,1016.340497,True,6,6
2026-01-08,2.2_inflacao,CPI_november-inflation-monthly,,2025-12-18,-21.000000,False,True,,1.017879,1.004816,1.013000,1263.742905,True,6,6
2026-01-09,2.2_inflacao,CPI_december-inflation-us-monthly,,2026-01-13,4.000000,True,True,,1.067848,1.041803,1.025000,4199.453298,True,6,6
2026-01-09,2.2_inflacao,CPI_november-inflation-monthly,,2025-12-18,-22.000000,False,True,,1.017589,1.002551,1.015000,2068.386794,True,6,6
2026-01-10,2.2_inflacao,CPI_december-inflation-us-monthly,,2026-01-13,3.000000,True,True,,1.057049,1.029259,1.027000,1730.396628,True,6,6
2026-01-10,2.2_inflacao,CPI_november-inflation-monthly,,2025-12-18,-23.000000,False,True,,1.014260,1.003225,1.011000,47.279291,True,6,6
2026-01-11,2.2_inflacao,CPI_december-inflation-us-monthly,,2026-01-13,2.000000,True,True,,1.054609,1.022403,1.031500,958.037598,True,6,6
2026-01-11,2.2_inflacao,CPI_november-inflation-monthly,,2025-12-18,-24.000000,False,True,,1.015980,1.002941,1.013000,168.279264,True,6,6
2026-01-12,2.2_inflacao,CPI_december-inflation-us-monthly,,2026-01-13,1.000000,True,True,,1.035132,1.018831,1.016000,5847.620697,True,6,6
2026-01-12,2.2_inflacao,CPI_november-inflation-monthly,,2025-12-18,-25.000000,False,True,,1.014367,1.003826,1.010500,191.109565,True,6,6
2026-01-13,2.2_inflacao,CPI_december-inflation-us-monthly,,2026-01-13,0.000000,True,True,,1.042092,1.036907,1.005000,100250.965003,True,6,6
2026-01-13,2.2_inflacao,CPI_november-inflation-monthly,,2025-12-18,-26.000000,False,True,,1.017675,1.003624,1.014000,12953.967383,True,6,6
2026-03-12,2.2_inflacao,CPI_march-inflation-us-monthly,,2026-04-10,29.000000,True,False,sem_par_adjacente,,,1.000000,5319.039439,True,2,2
2026-03-13,2.2_inflacao,CPI_march-inflation-us-monthly,,2026-04-10,28.000000,True,False,sem_par_adjacente,,,1.065000,7561.469844,True,4,4
2026-03-14,2.2_inflacao,CPI_march-inflation-us-monthly,,2026-04-10,27.000000,True,True,,1.031604,1.031604,1.000000,798.333987,True,6,6
2026-03-15,2.2_inflacao,CPI_march-inflation-us-monthly,,2026-04-10,26.000000,True,True,,1.031604,1.031604,1.000000,7964.007738,True,6,6
2026-03-16,2.2_inflacao,CPI_march-inflation-us-monthly,,2026-04-10,25.000000,True,False,sem_par_adjacente,,,1.022500,25233.604521,True,6,6
2026-03-17,2.2_inflacao,CPI_march-inflation-us-monthly,,2026-04-10,24.000000,True,True,,1.166189,1.139969,1.023000,8452.762641,True,6,6
2026-03-18,2.2_inflacao,CPI_march-inflation-us-monthly,,2026-04-10,23.000000,True,True,,1.104779,1.104779,1.000000,2508.782410,True,6,6
2026-03-19,2.2_inflacao,CPI_march-inflation-us-monthly,,2026-04-10,22.000000,True,True,,1.077801,1.063444,1.013500,1037.031042,True,6,6
2026-03-20,2.2_inflacao,CPI_march-inflation-us-monthly,,2026-04-10,21.000000,True,True,,1.009549,1.009549,1.000000,293.206434,True,6,6
2026-03-21,2.2_inflacao,CPI_march-inflation-us-monthly,,2026-04-10,20.000000,True,True,,1.021409,1.007804,1.013500,90.754492,True,6,6
2026-03-22,2.2_inflacao,CPI_march-inflation-us-monthly,,2026-04-10,19.000000,True,True,,1.024885,1.004297,1.020500,390.491300,True,6,6
2026-03-23,2.2_inflacao,CPI_march-inflation-us-monthly,,2026-04-10,18.000000,True,True,,1.022777,1.004692,1.018000,1905.698287,True,6,6
2026-03-24,2.2_inflacao,CPI_march-inflation-us-monthly,,2026-04-10,17.000000,True,True,,1.034430,1.010679,1.023500,4667.570511,True,6,6
2026-03-25,2.2_inflacao,CPI_march-inflation-us-monthly,,2026-04-10,16.000000,True,True,,1.020149,1.017098,1.003000,301.088444,True,6,6
2026-03-26,2.2_inflacao,CPI_march-inflation-us-monthly,,2026-04-10,15.000000,True,True,,1.017573,1.017573,1.000000,11039.676775,True,6,6
2026-03-27,2.2_inflacao,CPI_march-inflation-us-monthly,,2026-04-10,14.000000,True,True,,1.036653,1.015331,1.021000,187.618434,True,6,6
2026-03-28,2.2_inflacao,CPI_march-inflation-us-monthly,,2026-04-10,13.000000,True,True,,1.016539,1.016539,1.000000,80.539299,True,6,6
2026-03-29,2.2_inflacao,CPI_march-inflation-us-monthly,,2026-04-10,12.000000,True,True,,1.016539,1.016539,1.000000,37.580803,True,6,6
2026-03-30,2.2_inflacao,CPI_march-inflation-us-monthly,,2026-04-10,11.000000,True,False,sem_par_adjacente,,,1.000000,1.163634,True,6,6
2026-03-31,2.2_inflacao,CPI_march-inflation-us-monthly,,2026-04-10,10.000000,True,False,sem_par_adjacente,,,1.000000,1.425150,True,6,6
2026-04-01,2.2_inflacao,CPI_march-inflation-us-monthly,,2026-04-10,9.000000,True,False,sem_par_adjacente,,,1.000000,1.343226,True,6,6
2026-04-02,2.2_inflacao,CPI_march-inflation-us-monthly,,2026-04-10,8.000000,True,False,sem_par_adjacente,,,1.000000,69.367846,True,6,6
2026-04-03,2.2_inflacao,CPI_march-inflation-us-monthly,,2026-04-10,7.000000,True,False,sem_par_adjacente,,,1.000000,131.083957,True,6,6
2026-04-04,2.2_inflacao,CPI_march-inflation-us-monthly,,2026-04-10,6.000000,True,False,sem_par_adjacente,,,1.000000,95.902102,True,6,6
2026-04-05,2.2_inflacao,CPI_march-inflation-us-monthly,,2026-04-10,5.000000,True,False,sem_par_adjacente,,,1.000000,2.094855,True,6,6
2026-04-06,2.2_inflacao,CPI_march-inflation-us-monthly,,2026-04-10,4.000000,True,False,sem_par_adjacente,,,1.000000,0.908340,True,6,6
2026-04-07,2.2_inflacao,CPI_march-inflation-us-monthly,,2026-04-10,3.000000,True,False,sem_par_adjacente,,,1.000000,990.211287,True,6,6
2026-04-08,2.2_inflacao,CPI_march-inflation-us-monthly,,2026-04-10,2.000000,True,False,sem_par_adjacente,,,1.000000,1476.078609,True,6,6
2026-04-09,2.2_inflacao,CPI_march-inflation-us-monthly,,2026-04-10,1.000000,True,False,sem_par_adjacente,,,1.000000,134.032909,True,6,6
2026-04-10,2.2_inflacao,CPI_march-inflation-us-monthly,,2026-04-10,0.000000,True,False,sem_par_adjacente,,,1.000000,5541.257135,True,6,6
2026-04-11,2.2_inflacao,CPI_april-inflation-us-monthly,,2026-05-12,31.000000,True,False,sem_par_adjacente,,,1.000000,41.449993,True,2,2
2026-04-12,2.2_inflacao,CPI_april-inflation-us-monthly,,2026-05-12,30.000000,True,False,volume_zero,,,1.000000,0.000000,True,4,4
2026-04-13,2.2_inflacao,CPI_april-inflation-us-monthly,,2026-05-12,29.000000,True,False,sem_par_adjacente,,,1.000000,187.157981,True,6,6
2026-04-14,2.2_inflacao,CPI_april-inflation-us-monthly,,2026-05-12,28.000000,True,False,sem_par_adjacente,,,1.000000,162.340000,True,5,6
2026-04-15,2.2_inflacao,CPI_april-inflation-us-monthly,,2026-05-12,27.000000,True,False,volume_zero,,,1.000000,0.000000,True,5,6
2026-04-16,2.2_inflacao,CPI_april-inflation-us-monthly,,2026-05-12,26.000000,True,False,volume_zero,,,1.000000,0.000000,True,5,6
2026-04-17,2.2_inflacao,CPI_april-inflation-us-monthly,,2026-05-12,25.000000,True,False,sem_par_adjacente,,,1.000000,228.345036,True,6,6
2026-04-18,2.2_inflacao,CPI_april-inflation-us-monthly,,2026-05-12,24.000000,True,False,volume_zero,,,1.000000,0.000000,True,6,6
2026-04-19,2.2_inflacao,CPI_april-inflation-us-monthly,,2026-05-12,23.000000,True,False,volume_zero,,,1.000000,0.000000,True,6,6
2026-04-20,2.2_inflacao,CPI_april-inflation-us-monthly,,2026-05-12,22.000000,True,False,sem_par_adjacente,,,1.000000,2.247000,True,6,6
2026-04-21,2.2_inflacao,CPI_april-inflation-us-monthly,,2026-05-12,21.000000,True,False,sem_par_adjacente,,,1.000000,81.405240,True,6,6
2026-04-22,2.2_inflacao,CPI_april-inflation-us-monthly,,2026-05-12,20.000000,True,True,,1.020497,1.010393,1.010000,163.158400,True,6,6
2026-04-23,2.2_inflacao,CPI_april-inflation-us-monthly,,2026-05-12,19.000000,True,True,,1.044697,1.028751,1.015500,401.143589,True,6,6
2026-04-24,2.2_inflacao,CPI_april-inflation-us-monthly,,2026-05-12,18.000000,True,True,,1.033744,1.031680,1.002000,25.625600,True,6,6
2026-04-25,2.2_inflacao,CPI_april-inflation-us-monthly,,2026-05-12,17.000000,True,True,,1.038196,1.029446,1.008500,141.168000,True,6,6
2026-04-26,2.2_inflacao,CPI_april-inflation-us-monthly,,2026-05-12,16.000000,True,True,,1.048394,1.023822,1.024000,112.993079,True,6,6
2026-04-27,2.2_inflacao,CPI_april-inflation-us-monthly,,2026-05-12,15.000000,True,True,,1.124384,1.053780,1.067000,326.846400,True,6,6
2026-04-28,2.2_inflacao,CPI_april-inflation-us-monthly,,2026-05-12,14.000000,True,True,,1.066684,1.052475,1.013500,268.595399,True,6,6
2026-04-29,2.2_inflacao,CPI_april-inflation-us-monthly,,2026-05-12,13.000000,True,True,,1.163016,1.076866,1.080000,86.196200,True,6,6
2026-04-30,2.2_inflacao,CPI_april-inflation-us-monthly,,2026-05-12,12.000000,True,True,,1.080326,1.064360,1.015000,58.824000,True,6,6
2026-05-01,2.2_inflacao,CPI_april-inflation-us-monthly,,2026-05-12,11.000000,True,True,,1.093676,1.059250,1.032500,1100.398605,True,6,6
2026-05-02,2.2_inflacao,CPI_april-inflation-us-monthly,,2026-05-12,10.000000,True,True,,1.079514,1.041499,1.036500,76.709898,True,6,6
2026-05-03,2.2_inflacao,CPI_april-inflation-us-monthly,,2026-05-12,9.000000,True,True,,1.073693,1.038388,1.034000,0.560000,True,6,6
2026-05-04,2.2_inflacao,CPI_april-inflation-us-monthly,,2026-05-12,8.000000,True,True,,1.062768,1.041929,1.020000,10.862898,True,6,6
2026-05-05,2.2_inflacao,CPI_april-inflation-us-monthly,,2026-05-12,7.000000,True,True,,1.046039,1.036195,1.009500,1801.061599,True,6,6
2026-05-06,2.2_inflacao,CPI_april-inflation-us-monthly,,2026-05-12,6.000000,True,True,,1.066698,1.029134,1.036500,3200.986715,True,6,6
2026-05-07,2.2_inflacao,CPI_april-inflation-us-monthly,,2026-05-12,5.000000,True,True,,1.071176,1.022602,1.047500,4250.132222,True,6,6
2026-05-08,2.2_inflacao,CPI_april-inflation-us-monthly,,2026-05-12,4.000000,True,True,,1.071585,1.019586,1.051000,5454.832031,True,6,6
2026-05-09,2.2_inflacao,CPI_april-inflation-us-monthly,,2026-05-12,3.000000,True,True,,1.059195,1.033865,1.024500,411.258531,True,6,6
2026-05-10,2.2_inflacao,CPI_april-inflation-us-monthly,,2026-05-12,2.000000,True,True,,1.045138,1.038905,1.006000,905.916239,True,6,6
2026-05-11,2.2_inflacao,CPI_april-inflation-us-monthly,,2026-05-12,1.000000,True,True,,1.067980,1.032363,1.034500,8863.732046,True,6,6
2026-05-12,2.2_inflacao,CPI_april-inflation-us-monthly,,2026-05-12,0.000000,True,True,,1.087971,1.055258,1.031000,23110.243266,True,6,6
2026-05-13,2.2_inflacao,CPI_may-inflation-us-monthly,,2026-06-10,28.000000,True,True,,1.683377,1.141273,1.475000,386.629999,True,2,2
2026-05-14,2.2_inflacao,CPI_may-inflation-us-monthly,,2026-06-10,27.000000,True,True,,1.562813,1.124326,1.390000,9.681399,True,4,4
2026-05-15,2.2_inflacao,CPI_may-inflation-us-monthly,,2026-06-10,26.000000,True,True,,1.426317,1.126632,1.266000,107.595199,True,6,6
2026-05-16,2.2_inflacao,CPI_may-inflation-us-monthly,,2026-06-10,25.000000,True,True,,1.405056,1.112915,1.262500,8.855000,True,6,6
2026-05-17,2.2_inflacao,CPI_may-inflation-us-monthly,,2026-06-10,24.000000,True,True,,1.317041,1.087116,1.211500,16.587493,True,6,6
2026-05-18,2.2_inflacao,CPI_may-inflation-us-monthly,,2026-06-10,23.000000,True,True,,1.290671,1.073770,1.202000,588.052698,True,6,6
2026-05-19,2.2_inflacao,CPI_may-inflation-us-monthly,,2026-06-10,22.000000,True,True,,1.219162,1.081297,1.127500,95.502600,True,6,6
2026-05-20,2.2_inflacao,CPI_may-inflation-us-monthly,,2026-06-10,21.000000,True,True,,1.106793,1.101835,1.004500,1717.681561,True,6,6
2026-05-21,2.2_inflacao,CPI_may-inflation-us-monthly,,2026-06-10,20.000000,True,True,,1.095660,1.083739,1.011000,389.336609,True,6,6
2026-05-22,2.2_inflacao,CPI_may-inflation-us-monthly,,2026-06-10,19.000000,True,True,,1.140334,1.066231,1.069500,38.900117,True,6,6
2026-05-23,2.2_inflacao,CPI_may-inflation-us-monthly,,2026-06-10,18.000000,True,True,,1.061759,1.054378,1.007000,531.217821,True,6,6
2026-05-24,2.2_inflacao,CPI_may-inflation-us-monthly,,2026-06-10,17.000000,True,True,,1.062507,1.056695,1.005500,199.231555,True,6,6
2026-05-25,2.2_inflacao,CPI_may-inflation-us-monthly,,2026-06-10,16.000000,True,True,,1.062451,1.056114,1.006000,121.865909,True,6,6
2026-05-26,2.2_inflacao,CPI_may-inflation-us-monthly,,2026-06-10,15.000000,True,True,,1.073476,1.043223,1.029000,992.629927,True,6,6
2026-05-27,2.2_inflacao,CPI_may-inflation-us-monthly,,2026-06-10,14.000000,True,True,,1.054045,1.038468,1.015000,1172.733350,True,6,6
2026-05-28,2.2_inflacao,CPI_may-inflation-us-monthly,,2026-06-10,13.000000,True,True,,1.149079,1.079961,1.064000,146.988678,True,6,6
2026-05-30,2.2_inflacao,CPI_may-inflation-us-monthly,,2026-06-10,11.000000,True,True,,1.111207,1.061831,1.046500,1572.239173,True,5,6
2026-05-31,2.2_inflacao,CPI_may-inflation-us-monthly,,2026-06-10,10.000000,True,True,,1.064564,1.030057,1.033500,102.473128,True,5,6
2026-06-01,2.2_inflacao,CPI_may-inflation-us-monthly,,2026-06-10,9.000000,True,True,,1.038275,1.024950,1.013000,416.231878,True,6,6
2026-06-02,2.2_inflacao,CPI_may-inflation-us-monthly,,2026-06-10,8.000000,True,True,,1.055815,1.031069,1.024000,2031.484937,True,6,6
2026-06-03,2.2_inflacao,CPI_may-inflation-us-monthly,,2026-06-10,7.000000,True,True,,1.053442,1.034815,1.018000,234.642479,True,6,6
2026-06-04,2.2_inflacao,CPI_may-inflation-us-monthly,,2026-06-10,6.000000,True,True,,1.071602,1.040895,1.029500,69.713154,True,6,6
2026-06-05,2.2_inflacao,CPI_may-inflation-us-monthly,,2026-06-10,5.000000,True,True,,1.037427,1.029704,1.007500,1917.270243,True,6,6
2026-06-06,2.2_inflacao,CPI_may-inflation-us-monthly,,2026-06-10,4.000000,True,True,,1.052353,1.020217,1.031500,1853.509205,True,6,6
2026-06-07,2.2_inflacao,CPI_may-inflation-us-monthly,,2026-06-10,3.000000,True,True,,1.049957,1.028361,1.021000,688.769429,True,6,6
2026-06-08,2.2_inflacao,CPI_may-inflation-us-monthly,,2026-06-10,2.000000,True,True,,1.100377,1.036136,1.062000,3343.913609,True,6,6
2026-06-09,2.2_inflacao,CPI_may-inflation-us-monthly,,2026-06-10,1.000000,True,True,,1.066284,1.047431,1.018000,4068.171602,True,6,6
2026-06-10,2.2_inflacao,CPI_may-inflation-us-monthly,,2026-06-10,0.000000,True,True,,1.141565,1.055539,1.081500,13293.115025,True,6,6
2026-06-11,2.2_inflacao,CPI_june-inflation-us-monthly-20260610151033433,,2026-07-14,33.000000,True,True,,2.765307,1.073906,2.575000,374.328108,True,2,2
2026-06-12,2.2_inflacao,CPI_june-inflation-us-monthly-20260610151033433,,2026-07-14,32.000000,True,True,,1.549778,1.181684,1.311500,85.825940,True,4,4
2026-06-13,2.2_inflacao,CPI_june-inflation-us-monthly-20260610151033433,,2026-07-14,31.000000,True,True,,1.404763,1.164812,1.206000,2.999999,True,6,6
2026-06-14,2.2_inflacao,CPI_june-inflation-us-monthly-20260610151033433,,2026-07-14,30.000000,True,False,volume_zero,,1.118613,1.146000,0.000000,True,6,6
2026-06-15,2.2_inflacao,CPI_june-inflation-us-monthly-20260610151033433,,2026-07-14,29.000000,True,True,,1.225284,1.062232,1.153500,17.100000,True,6,6
2026-06-16,2.2_inflacao,CPI_june-inflation-us-monthly-20260610151033433,,2026-07-14,28.000000,True,True,,1.255995,1.070755,1.173000,117.130199,True,6,6
2026-06-17,2.2_inflacao,CPI_june-inflation-us-monthly-20260610151033433,,2026-07-14,27.000000,True,False,volume_zero,,1.071475,1.060000,0.000000,True,6,6
2026-06-18,2.2_inflacao,CPI_june-inflation-us-monthly-20260610151033433,,2026-07-14,26.000000,True,True,,1.172481,1.062030,1.104000,397.400560,True,6,6
2026-06-19,2.2_inflacao,CPI_june-inflation-us-monthly-20260610151033433,,2026-07-14,25.000000,True,False,volume_zero,,1.044591,1.055500,0.000000,True,6,6
2026-06-20,2.2_inflacao,CPI_june-inflation-us-monthly-20260610151033433,,2026-07-14,24.000000,True,True,,1.147619,1.045190,1.098000,40.770730,True,6,6
2026-06-21,2.2_inflacao,CPI_june-inflation-us-monthly-20260610151033433,,2026-07-14,23.000000,True,True,,1.128250,1.033196,1.092000,2.194425,True,6,6
2026-06-22,2.2_inflacao,CPI_june-inflation-us-monthly-20260610151033433,,2026-07-14,22.000000,True,True,,1.125709,1.033235,1.089500,10.299999,True,6,6
2026-06-23,2.2_inflacao,CPI_june-inflation-us-monthly-20260610151033433,,2026-07-14,21.000000,True,True,,1.111639,1.022667,1.087000,46.500000,True,6,6
2026-06-24,2.2_inflacao,CPI_june-inflation-us-monthly-20260610151033433,,2026-07-14,20.000000,True,True,,1.110526,1.016965,1.092000,28.500000,True,6,6
2026-06-25,2.2_inflacao,CPI_june-inflation-us-monthly-20260610151033433,,2026-07-14,19.000000,True,True,,1.059962,1.026598,1.032500,0.105000,True,6,6
2026-06-26,2.2_inflacao,CPI_june-inflation-us-monthly-20260610151033433,,2026-07-14,18.000000,True,False,volume_zero,,1.031001,1.001500,0.000000,True,6,6
2026-06-27,2.2_inflacao,CPI_june-inflation-us-monthly-20260610151033433,,2026-07-14,17.000000,True,True,,1.044702,1.024720,1.019500,24.376460,True,6,6
2026-06-28,2.2_inflacao,CPI_june-inflation-us-monthly-20260610151033433,,2026-07-14,16.000000,True,True,,1.045661,1.020157,1.025000,1.320000,True,6,6
2026-06-29,2.2_inflacao,CPI_june-inflation-us-monthly-20260610151033433,,2026-07-14,15.000000,True,True,,1.032155,1.021430,1.010500,100.821420,True,6,6
2026-06-30,2.2_inflacao,CPI_june-inflation-us-monthly-20260610151033433,,2026-07-14,14.000000,True,True,,1.021296,1.014196,1.007000,2.339985,True,6,6
2026-07-01,2.2_inflacao,CPI_june-inflation-us-monthly-20260610151033433,,2026-07-14,13.000000,True,False,volume_zero,,1.008497,1.012500,0.000000,True,6,6
2026-07-02,2.2_inflacao,CPI_june-inflation-us-monthly-20260610151033433,,2026-07-14,12.000000,True,True,,1.015572,1.006513,1.009000,1.854540,True,6,6
2026-07-03,2.2_inflacao,CPI_june-inflation-us-monthly-20260610151033433,,2026-07-14,11.000000,True,True,,1.037886,1.016539,1.021000,3.329820,True,6,6
2026-07-04,2.2_inflacao,CPI_june-inflation-us-monthly-20260610151033433,,2026-07-14,10.000000,True,True,,1.058312,1.017607,1.040000,5.924999,True,6,6
2026-07-05,2.2_inflacao,CPI_june-inflation-us-monthly-20260610151033433,,2026-07-14,9.000000,True,True,,1.034305,1.016516,1.017500,84.036650,True,6,6
2026-07-06,2.2_inflacao,CPI_june-inflation-us-monthly-20260610151033433,,2026-07-14,8.000000,True,True,,1.033259,1.009535,1.023500,35.030000,True,6,6
2026-07-07,2.2_inflacao,CPI_june-inflation-us-monthly-20260610151033433,,2026-07-14,7.000000,True,True,,1.019290,1.005713,1.013500,548.766540,True,6,6
2026-07-08,2.2_inflacao,CPI_june-inflation-us-monthly-20260610151033433,,2026-07-14,6.000000,True,True,,1.017525,1.004467,1.013000,1790.099174,True,6,6
2026-07-09,2.2_inflacao,CPI_june-inflation-us-monthly-20260610151033433,,2026-07-14,5.000000,True,True,,1.023248,1.007134,1.016000,8.393615,True,6,6
2026-07-10,2.2_inflacao,CPI_june-inflation-us-monthly-20260610151033433,,2026-07-14,4.000000,True,True,,1.013671,1.007626,1.006000,240.782047,True,6,6
2026-07-11,2.2_inflacao,CPI_june-inflation-us-monthly-20260610151033433,,2026-07-14,3.000000,True,True,,1.010782,1.007758,1.003000,19.609950,True,6,6
2026-07-12,2.2_inflacao,CPI_june-inflation-us-monthly-20260610151033433,,2026-07-14,2.000000,True,True,,1.007728,1.005215,1.002500,22.382911,True,6,6
2026-07-13,2.2_inflacao,CPI_june-inflation-us-monthly-20260610151033433,,2026-07-14,1.000000,True,True,,1.002885,1.002885,1.000000,1159.912301,True,6,6
2026-07-14,2.2_inflacao,CPI_june-inflation-us-monthly-20260610151033433,,2026-07-14,0.000000,True,True,,1.015601,1.004551,1.011000,426.925172,True,6,6
2026-07-15,2.2_inflacao,CPI_july-inflation-us-monthly-20260714151042665,,2026-08-12,28.000000,True,True,,2.011936,1.249650,1.610000,1006.565572,True,2,2
2026-07-16,2.2_inflacao,CPI_july-inflation-us-monthly-20260714151042665,,2026-08-12,27.000000,True,True,,1.318887,1.274287,1.035000,859.121099,True,4,4
2026-07-17,2.2_inflacao,CPI_july-inflation-us-monthly-20260714151042665,,2026-08-12,26.000000,True,True,,1.278513,1.184906,1.079000,118.561879,True,6,6
2026-07-18,2.2_inflacao,CPI_july-inflation-us-monthly-20260714151042665,,2026-08-12,25.000000,True,True,,1.130783,1.063265,1.063500,79.490000,True,6,6
2026-07-19,2.2_inflacao,CPI_july-inflation-us-monthly-20260714151042665,,2026-08-12,24.000000,True,True,,1.098851,1.033240,1.063500,426.432219,True,6,6
2026-07-20,2.2_inflacao,CPI_july-inflation-us-monthly-20260714151042665,,2026-08-12,23.000000,True,True,,1.038234,1.036162,1.002000,1535.354388,True,6,6
2026-07-21,2.2_inflacao,CPI_july-inflation-us-monthly-20260714151042665,,2026-08-12,22.000000,True,True,,1.104779,1.054178,1.048000,1229.375799,True,6,6
2026-07-22,2.2_inflacao,CPI_july-inflation-us-monthly-20260714151042665,,2026-08-12,21.000000,True,True,,1.092557,1.048519,1.042000,65.284452,True,6,6
2026-07-23,2.2_inflacao,CPI_july-inflation-us-monthly-20260714151042665,,2026-08-12,20.000000,True,True,,1.062837,1.050234,1.012000,378.908192,True,6,6
2026-07-24,2.2_inflacao,CPI_july-inflation-us-monthly-20260714151042665,,2026-08-12,19.000000,True,True,,1.061192,1.031285,1.029000,805.450511,True,6,6
2026-07-25,2.2_inflacao,CPI_july-inflation-us-monthly-20260714151042665,,2026-08-12,18.000000,True,True,,1.050798,1.032218,1.018000,284.250324,True,6,6
2026-07-26,2.2_inflacao,CPI_july-inflation-us-monthly-20260714151042665,,2026-08-12,17.000000,True,True,,1.080272,1.024440,1.054500,1614.330558,True,6,6
2026-07-27,2.2_inflacao,CPI_july-inflation-us-monthly-20260714151042665,,2026-08-12,16.000000,True,True,,1.036382,1.021066,1.015000,132.469405,True,6,6
2026-07-28,2.2_inflacao,CPI_july-inflation-us-monthly-20260714151042665,,2026-08-12,15.000000,True,True,,1.058589,1.024276,1.033500,1732.244449,True,6,6
2026-07-29,2.2_inflacao,CPI_july-inflation-us-monthly-20260714151042665,,2026-08-12,14.000000,True,True,,1.017125,1.017125,1.000000,6.580930,True,5,6
2024-04-04,2.3_fed,FOMC_10098,,2024-05-01,27.000000,True,True,,1.003436,1.001433,1.002000,2259.262099,True,2,2
2024-04-05,2.3_fed,FOMC_10098,,2024-05-01,26.000000,True,True,,1.034311,1.019527,1.014500,22375.611892,True,4,4
2024-04-06,2.3_fed,FOMC_10098,,2024-05-01,25.000000,True,True,,1.036405,1.024116,1.012000,8773.322000,True,6,6
2024-04-07,2.3_fed,FOMC_10098,,2024-05-01,24.000000,True,True,,1.030331,1.017109,1.013000,1062.917232,True,6,6
2024-04-08,2.3_fed,FOMC_10098,,2024-05-01,23.000000,True,True,,1.019102,1.004041,1.015000,4721.447720,True,6,6
2024-04-09,2.3_fed,FOMC_10098,,2024-05-01,22.000000,True,True,,1.015044,1.003008,1.012000,25.999999,True,6,6
2024-04-10,2.3_fed,FOMC_10098,,2024-05-01,21.000000,True,True,,1.013756,1.001735,1.012000,7820.685430,True,6,6
2024-04-11,2.3_fed,FOMC_10098,,2024-05-01,20.000000,True,True,,1.006550,1.005545,1.001000,722.703998,True,6,6
2024-04-12,2.3_fed,FOMC_10098,,2024-05-01,19.000000,True,True,,1.009614,1.005592,1.004000,486.500000,True,6,6
2024-04-13,2.3_fed,FOMC_10098,,2024-05-01,18.000000,True,True,,1.004320,1.000817,1.003500,25003.204508,True,6,6
2024-04-14,2.3_fed,FOMC_10098,,2024-05-01,17.000000,True,True,,1.004863,1.003358,1.001500,664.937919,True,6,6
2024-04-15,2.3_fed,FOMC_10098,,2024-05-01,16.000000,True,True,,1.012981,1.004942,1.008000,226.980000,True,6,6
2024-04-16,2.3_fed,FOMC_10098,,2024-05-01,15.000000,True,True,,1.011389,1.002864,1.008500,7587.151000,True,6,6
2024-04-17,2.3_fed,FOMC_10098,,2024-05-01,14.000000,True,True,,1.018207,1.002172,1.016000,19.999999,True,6,6
2024-04-18,2.3_fed,FOMC_10098,,2024-05-01,13.000000,True,True,,1.021698,1.003140,1.018500,9467.985630,True,6,6
2024-04-19,2.3_fed,FOMC_10098,,2024-05-01,12.000000,True,True,,1.017252,1.002218,1.015000,12.060000,True,6,6
2024-04-20,2.3_fed,FOMC_10098,,2024-05-01,11.000000,True,False,volume_zero,,1.002497,1.008500,0.000000,True,6,6
2024-04-21,2.3_fed,FOMC_10098,,2024-05-01,10.000000,True,False,volume_zero,,1.001241,1.008500,0.000000,True,6,6
2024-04-22,2.3_fed,FOMC_10098,,2024-05-01,9.000000,True,True,,1.008605,1.000104,1.008500,3807.328872,True,6,6
2024-04-23,2.3_fed,FOMC_10098,,2024-05-01,8.000000,True,True,,1.008607,1.001099,1.007500,439.560000,True,6,6
2024-04-24,2.3_fed,FOMC_10098,,2024-05-01,7.000000,True,True,,1.007802,1.001294,1.006500,44.843960,True,6,6
2024-04-25,2.3_fed,FOMC_10098,,2024-05-01,6.000000,True,True,,1.003664,1.002161,1.001500,1519.958160,True,6,6
2024-04-26,2.3_fed,FOMC_10098,,2024-05-01,5.000000,True,True,,1.011173,1.002651,1.008500,4485.279940,True,6,6
2024-04-27,2.3_fed,FOMC_10098,,2024-05-01,4.000000,True,True,,1.008344,1.003827,1.004500,4063.277000,True,6,6
2024-04-28,2.3_fed,FOMC_10098,,2024-05-01,3.000000,True,True,,1.010786,1.002764,1.008000,2274.542898,True,6,6
2024-04-29,2.3_fed,FOMC_10098,,2024-05-01,2.000000,True,True,,1.006795,1.001288,1.005500,5355.149000,True,6,6
2024-04-30,2.3_fed,FOMC_10098,,2024-05-01,1.000000,True,True,,1.007593,1.002082,1.005500,5248.660731,True,6,6
2024-05-01,2.3_fed,FOMC_10098,,2024-05-01,0.000000,True,True,,1.006996,1.002485,1.004500,10967.380438,True,6,6
2024-05-02,2.3_fed,FOMC_10535,,2024-06-12,41.000000,True,True,,1.041844,1.013467,1.028000,1534.383000,True,2,2
2024-05-03,2.3_fed,FOMC_10535,,2024-06-12,40.000000,True,True,,1.018218,1.005647,1.012500,4572.637999,True,4,4
2024-05-04,2.3_fed,FOMC_10535,,2024-06-12,39.000000,True,False,volume_zero,,1.007737,1.012000,0.000000,True,6,6
2024-05-05,2.3_fed,FOMC_10535,,2024-06-12,38.000000,True,False,volume_zero,,1.005604,1.009500,0.000000,True,6,6
2024-05-06,2.3_fed,FOMC_10535,,2024-06-12,37.000000,True,True,,1.015156,1.002128,1.013000,1604.730710,True,6,6
2024-05-07,2.3_fed,FOMC_10535,,2024-06-12,36.000000,True,True,,1.012189,1.001176,1.011000,8427.583679,True,6,6
2024-05-08,2.3_fed,FOMC_10535,,2024-06-12,35.000000,True,True,,1.006438,1.002928,1.003500,410.705986,True,6,6
2024-05-09,2.3_fed,FOMC_10535,,2024-06-12,34.000000,True,True,,1.007682,1.003168,1.004500,236.140000,True,6,6
2024-05-10,2.3_fed,FOMC_10535,,2024-06-12,33.000000,True,True,,1.006021,1.001514,1.004500,5745.020000,True,6,6
2024-05-11,2.3_fed,FOMC_10535,,2024-06-12,32.000000,True,False,volume_zero,,1.001501,1.003000,0.000000,True,6,6
2024-05-12,2.3_fed,FOMC_10535,,2024-06-12,31.000000,True,False,volume_zero,,1.001278,1.004500,0.000000,True,6,6
2024-05-13,2.3_fed,FOMC_10535,,2024-06-12,30.000000,True,True,,1.007809,1.000803,1.007000,2395.402000,True,6,6
2024-05-14,2.3_fed,FOMC_10535,,2024-06-12,29.000000,True,True,,1.010493,1.000984,1.009500,17770.385779,True,6,6
2024-05-15,2.3_fed,FOMC_10535,,2024-06-12,28.000000,True,True,,1.006521,1.003010,1.003500,38692.222927,True,6,6
2024-05-16,2.3_fed,FOMC_10535,,2024-06-12,27.000000,True,True,,1.018965,1.004896,1.014000,8165.857540,True,6,6
2024-05-17,2.3_fed,FOMC_10535,,2024-06-12,26.000000,True,True,,1.012857,1.005317,1.007500,483.500000,True,6,6
2024-05-18,2.3_fed,FOMC_10535,,2024-06-12,25.000000,True,False,volume_zero,,1.002367,1.005500,0.000000,True,6,6
2024-05-19,2.3_fed,FOMC_10535,,2024-06-12,24.000000,True,True,,1.007487,1.000981,1.006500,80.838760,True,6,6
2024-05-20,2.3_fed,FOMC_10535,,2024-06-12,23.000000,True,True,,1.003949,1.001945,1.002000,3.000000,True,6,6
2024-05-21,2.3_fed,FOMC_10535,,2024-06-12,22.000000,True,True,,1.004163,1.001658,1.002500,2649.503373,True,6,6
2024-05-22,2.3_fed,FOMC_10535,,2024-06-12,21.000000,True,True,,1.002090,1.001589,1.000500,4749.529999,True,6,6
2024-05-23,2.3_fed,FOMC_10535,,2024-06-12,20.000000,True,True,,1.003861,1.002357,1.001500,2986.287048,True,6,6
2024-05-24,2.3_fed,FOMC_10535,,2024-06-12,19.000000,True,True,,1.006975,1.002463,1.004500,3241.053995,True,6,6
2024-05-25,2.3_fed,FOMC_10535,,2024-06-12,18.000000,True,True,,1.006393,1.002383,1.004000,40.318000,True,6,6
2024-05-26,2.3_fed,FOMC_10535,,2024-06-12,17.000000,True,True,,1.004585,1.002580,1.002000,580.445560,True,6,6
2024-05-27,2.3_fed,FOMC_10535,,2024-06-12,16.000000,True,True,,1.003593,1.001590,1.002000,3430.539470,True,6,6
2024-05-28,2.3_fed,FOMC_10535,,2024-06-12,15.000000,True,True,,1.004708,1.001203,1.003500,135.042476,True,6,6
2024-05-29,2.3_fed,FOMC_10535,,2024-06-12,14.000000,True,True,,1.005414,1.000910,1.004500,1033.126367,True,6,6
2024-05-30,2.3_fed,FOMC_10535,,2024-06-12,13.000000,True,True,,1.003209,1.000707,1.002500,34.600000,True,6,6
2024-05-31,2.3_fed,FOMC_10535,,2024-06-12,12.000000,True,True,,1.005903,1.000898,1.005000,20394.589200,True,6,6
2024-06-01,2.3_fed,FOMC_10535,,2024-06-12,11.000000,True,True,,1.009240,1.001727,1.007500,7315.437868,True,6,6
2024-06-02,2.3_fed,FOMC_10535,,2024-06-12,10.000000,True,True,,1.010833,1.002313,1.008500,2111.190612,True,6,6
2024-06-03,2.3_fed,FOMC_10535,,2024-06-12,9.000000,True,True,,1.010105,1.002088,1.008000,2343.181477,True,6,6
2024-06-04,2.3_fed,FOMC_10535,,2024-06-12,8.000000,True,True,,1.010241,1.002224,1.008000,519.272446,True,6,6
2024-06-05,2.3_fed,FOMC_10535,,2024-06-12,7.000000,True,True,,1.008141,1.001630,1.006500,7133.411214,True,6,6
2024-06-06,2.3_fed,FOMC_10535,,2024-06-12,6.000000,True,True,,1.006689,1.001182,1.005500,12352.693839,True,6,6
2024-06-07,2.3_fed,FOMC_10535,,2024-06-12,5.000000,True,True,,1.006620,1.005615,1.001000,1973.263930,True,6,6
2024-06-08,2.3_fed,FOMC_10535,,2024-06-12,4.000000,True,True,,1.010990,1.009980,1.001000,2297.106318,True,6,6
2024-06-09,2.3_fed,FOMC_10535,,2024-06-12,3.000000,True,True,,1.011786,1.009263,1.002500,1273.306871,True,6,6
2024-06-10,2.3_fed,FOMC_10535,,2024-06-12,2.000000,True,True,,1.005462,1.003956,1.001500,41708.701112,True,6,6
2024-06-11,2.3_fed,FOMC_10535,,2024-06-12,1.000000,True,True,,1.007874,1.004358,1.003500,54186.260598,True,6,6
2024-06-12,2.3_fed,FOMC_10535,,2024-06-12,0.000000,True,True,,1.021914,1.005821,1.016000,209877.506980,True,6,6
2024-06-13,2.3_fed,FOMC_11074,,2024-07-31,48.000000,True,True,,1.020538,1.012438,1.008000,2497.297000,True,2,2
2024-06-14,2.3_fed,FOMC_11074,,2024-07-31,47.000000,True,True,,1.016320,1.008754,1.007500,102.500000,True,4,4
2024-06-15,2.3_fed,FOMC_11074,,2024-07-31,46.000000,True,False,volume_zero,,1.005262,1.007000,0.000000,True,6,6
2024-06-16,2.3_fed,FOMC_11074,,2024-07-31,45.000000,True,True,,1.007746,1.002234,1.005500,157.999907,True,6,6
2024-06-17,2.3_fed,FOMC_11074,,2024-07-31,44.000000,True,True,,1.005419,1.000417,1.005000,164.400000,True,6,6
2024-06-18,2.3_fed,FOMC_11074,,2024-07-31,43.000000,True,False,volume_zero,,1.000988,1.007000,0.000000,True,6,6
2024-06-19,2.3_fed,FOMC_11074,,2024-07-31,42.000000,True,True,,1.008096,1.001585,1.006500,49.999999,True,6,6
2024-06-20,2.3_fed,FOMC_11074,,2024-07-31,41.000000,True,True,,1.007318,1.001310,1.006000,144.654998,True,6,6
2024-06-21,2.3_fed,FOMC_11074,,2024-07-31,40.000000,True,True,,1.006548,1.000545,1.006000,933.764998,True,6,6
2024-06-22,2.3_fed,FOMC_11074,,2024-07-31,39.000000,True,True,,1.008336,1.002322,1.006000,3.999998,True,6,6
2024-06-23,2.3_fed,FOMC_11074,,2024-07-31,38.000000,True,False,volume_zero,,1.002424,1.005000,0.000000,True,6,6
2024-06-24,2.3_fed,FOMC_11074,,2024-07-31,37.000000,True,True,,1.004926,1.000424,1.004500,2273.462408,True,6,6
2024-06-25,2.3_fed,FOMC_11074,,2024-07-31,36.000000,True,True,,1.004926,1.002420,1.002500,963.901232,True,6,6
2024-06-26,2.3_fed,FOMC_11074,,2024-07-31,35.000000,True,True,,1.008273,1.003257,1.005000,104.999994,True,6,6
2024-06-27,2.3_fed,FOMC_11074,,2024-07-31,34.000000,True,True,,1.013365,1.002835,1.010500,35.999996,True,6,6
2024-06-28,2.3_fed,FOMC_11074,,2024-07-31,33.000000,True,True,,1.016063,1.003023,1.013000,7440.590674,True,6,6
2024-06-29,2.3_fed,FOMC_11074,,2024-07-31,32.000000,True,True,,1.018783,1.005709,1.013000,4524.729038,True,6,6
2024-06-30,2.3_fed,FOMC_11074,,2024-07-31,31.000000,True,True,,1.014472,1.005922,1.008500,1231.164327,True,6,6
2024-07-01,2.3_fed,FOMC_11074,,2024-07-31,30.000000,True,True,,1.011255,1.003229,1.008000,6333.062625,True,6,6
2024-07-02,2.3_fed,FOMC_11074,,2024-07-31,29.000000,True,True,,1.009549,1.002033,1.007500,545.912639,True,6,6
2024-07-03,2.3_fed,FOMC_11074,,2024-07-31,28.000000,True,True,,1.013028,1.003495,1.009500,5287.431627,True,6,6
2024-07-04,2.3_fed,FOMC_11074,,2024-07-31,27.000000,True,True,,1.025610,1.005500,1.020000,379.435678,True,6,6
2024-07-05,2.3_fed,FOMC_11074,,2024-07-31,26.000000,True,True,,1.013874,1.006826,1.007000,1909.336278,True,6,6
2024-07-06,2.3_fed,FOMC_11074,,2024-07-31,25.000000,True,True,,1.012256,1.006719,1.005500,36.328278,True,6,6
2024-07-07,2.3_fed,FOMC_11074,,2024-07-31,24.000000,True,True,,1.009819,1.003297,1.006500,2622.210318,True,6,6
2024-07-08,2.3_fed,FOMC_11074,,2024-07-31,23.000000,True,True,,1.007604,1.003090,1.004500,11653.338399,True,6,6
2024-07-09,2.3_fed,FOMC_11074,,2024-07-31,22.000000,True,True,,1.008983,1.002965,1.006000,17125.113263,True,6,6
2024-07-10,2.3_fed,FOMC_11074,,2024-07-31,21.000000,True,True,,1.012617,1.003088,1.009500,4670.647802,True,6,6
2024-07-11,2.3_fed,FOMC_11074,,2024-07-31,20.000000,True,True,,1.006074,1.002565,1.003500,2363.025847,True,6,6
2024-07-12,2.3_fed,FOMC_11074,,2024-07-31,19.000000,True,True,,1.015584,1.007524,1.008000,910.147056,True,6,6
2024-07-13,2.3_fed,FOMC_11074,,2024-07-31,18.000000,True,True,,1.014983,1.007427,1.007500,77.180724,True,6,6
2024-07-14,2.3_fed,FOMC_11074,,2024-07-31,17.000000,True,True,,1.011588,1.003560,1.008000,2019.890877,True,6,6
2024-07-15,2.3_fed,FOMC_11074,,2024-07-31,16.000000,True,True,,1.015387,1.003347,1.012000,11578.902432,True,6,6
2024-07-16,2.3_fed,FOMC_11074,,2024-07-31,15.000000,True,True,,1.007486,1.006479,1.001000,940.497119,True,6,6
2024-07-17,2.3_fed,FOMC_11074,,2024-07-31,14.000000,True,True,,1.015632,1.009575,1.006000,34650.559884,True,6,6
2024-07-18,2.3_fed,FOMC_11074,,2024-07-31,13.000000,True,True,,1.019245,1.011156,1.008000,8518.825555,True,6,6
2024-07-19,2.3_fed,FOMC_11074,,2024-07-31,12.000000,True,True,,1.020698,1.013100,1.007500,716.980840,True,6,6
2024-07-20,2.3_fed,FOMC_11074,,2024-07-31,11.000000,True,True,,1.016102,1.007039,1.009000,313.868513,True,6,6
2024-07-21,2.3_fed,FOMC_11074,,2024-07-31,10.000000,True,True,,1.014993,1.004944,1.010000,7388.591925,True,6,6
2024-07-22,2.3_fed,FOMC_11074,,2024-07-31,9.000000,True,True,,1.022593,1.003034,1.019500,15038.023856,True,6,6
2024-07-23,2.3_fed,FOMC_11074,,2024-07-31,8.000000,True,True,,1.014293,1.004250,1.010000,2924.978975,True,6,6
2024-07-24,2.3_fed,FOMC_11074,,2024-07-31,7.000000,True,True,,1.016603,1.004052,1.012500,38364.378043,True,6,6
2024-07-25,2.3_fed,FOMC_11074,,2024-07-31,6.000000,True,True,,1.017452,1.010380,1.007000,55822.043466,True,6,6
2024-07-26,2.3_fed,FOMC_11074,,2024-07-31,5.000000,True,True,,1.022567,1.015459,1.007000,77624.805967,True,6,6
2024-07-26,2.3_fed,FOMC_11696,,2024-09-18,54.000000,False,True,,1.040282,1.018386,1.021500,1974.169998,True,2,2
2024-07-27,2.3_fed,FOMC_11074,,2024-07-31,4.000000,True,True,,1.022886,1.018304,1.004500,3073.138899,True,6,6
2024-07-27,2.3_fed,FOMC_11696,,2024-09-18,53.000000,False,True,,1.024767,1.011117,1.013500,9774.246683,True,4,4
2024-07-28,2.3_fed,FOMC_11074,,2024-07-31,3.000000,True,True,,1.015370,1.009816,1.005500,42232.991335,True,6,6
2024-07-28,2.3_fed,FOMC_11696,,2024-09-18,52.000000,False,True,,1.034024,1.019245,1.014500,7601.035154,True,6,6
2024-07-29,2.3_fed,FOMC_11074,,2024-07-31,2.000000,True,True,,1.012344,1.003812,1.008500,71367.889972,True,6,6
2024-07-29,2.3_fed,FOMC_11696,,2024-09-18,51.000000,False,True,,1.033019,1.019762,1.013000,2207.548674,True,6,6
2024-07-30,2.3_fed,FOMC_11074,,2024-07-31,1.000000,True,True,,1.014138,1.005092,1.009000,213268.087529,True,6,6
2024-07-30,2.3_fed,FOMC_11696,,2024-09-18,50.000000,False,True,,1.014123,1.010586,1.003500,2433.567386,True,6,6
2024-07-31,2.3_fed,FOMC_11074,,2024-07-31,0.000000,True,True,,1.011922,1.005387,1.006500,213202.219054,True,6,6
2024-07-31,2.3_fed,FOMC_11696,,2024-09-18,49.000000,False,True,,1.026571,1.012897,1.013500,20268.144845,True,6,6
2024-08-01,2.3_fed,FOMC_11696,,2024-09-18,48.000000,True,True,,1.052963,1.016374,1.036000,43348.599193,True,6,6
2024-08-02,2.3_fed,FOMC_11696,,2024-09-18,47.000000,True,True,,1.054411,1.035768,1.018000,186740.175251,True,6,6
2024-08-03,2.3_fed,FOMC_11696,,2024-09-18,46.000000,True,True,,1.139387,1.113226,1.023500,63448.204486,True,6,6
2024-08-03,2.3_fed,FOMC_11827,,2024-11-07,96.000000,False,True,,1.045316,1.040115,1.005000,,True,2,2
2024-08-04,2.3_fed,FOMC_11696,,2024-09-18,45.000000,True,True,,1.112082,1.098896,1.012000,17679.585664,True,6,6
2024-08-04,2.3_fed,FOMC_11827,,2024-11-07,95.000000,False,True,,1.037286,1.019446,1.017500,,True,4,4
2024-08-05,2.3_fed,FOMC_11696,,2024-09-18,44.000000,True,True,,1.116310,1.069262,1.044000,45445.808481,True,6,6
2024-08-05,2.3_fed,FOMC_11827,,2024-11-07,94.000000,False,True,,1.061008,1.027611,1.032500,,True,6,6
2024-08-06,2.3_fed,FOMC_11696,,2024-09-18,43.000000,True,True,,1.088893,1.071746,1.016000,55129.626485,True,6,6
2024-08-06,2.3_fed,FOMC_11827,,2024-11-07,93.000000,False,True,,1.073866,1.025170,1.047500,,True,6,6
2024-08-07,2.3_fed,FOMC_11696,,2024-09-18,42.000000,True,True,,1.093524,1.072608,1.019500,105286.143293,True,6,6
2024-08-07,2.3_fed,FOMC_11827,,2024-11-07,92.000000,False,True,,1.085020,1.040786,1.042500,,True,6,6
2024-08-07,2.3_fed,FOMC_11878,,2024-12-18,133.000000,False,True,,1.247740,1.024837,1.217500,,True,2,2
2024-08-08,2.3_fed,FOMC_11696,,2024-09-18,41.000000,True,True,,1.068417,1.055227,1.012500,30920.797712,True,6,6
2024-08-08,2.3_fed,FOMC_11827,,2024-11-07,91.000000,False,True,,1.056248,1.024489,1.031000,,True,6,6
2024-08-08,2.3_fed,FOMC_11878,,2024-12-18,132.000000,False,True,,1.240672,1.019451,1.217000,,True,4,4
2024-08-09,2.3_fed,FOMC_11696,,2024-09-18,40.000000,True,True,,1.082631,1.073506,1.008500,43760.597125,True,6,6
2024-08-09,2.3_fed,FOMC_11827,,2024-11-07,90.000000,False,True,,1.037968,1.014136,1.023500,,True,6,6
2024-08-09,2.3_fed,FOMC_11878,,2024-12-18,131.000000,False,True,,1.189391,1.049772,1.133000,,True,6,6
2024-08-10,2.3_fed,FOMC_11696,,2024-09-18,39.000000,True,True,,1.081256,1.070020,1.010500,31525.068032,True,6,6
2024-08-10,2.3_fed,FOMC_11827,,2024-11-07,89.000000,False,True,,1.036752,1.013939,1.022500,,True,6,6
2024-08-10,2.3_fed,FOMC_11878,,2024-12-18,130.000000,False,True,,1.070227,1.052854,1.016500,,True,6,6
2024-08-11,2.3_fed,FOMC_11696,,2024-09-18,38.000000,True,True,,1.224036,1.070429,1.143500,52514.498411,True,6,6
2024-08-11,2.3_fed,FOMC_11827,,2024-11-07,88.000000,False,True,,1.033380,1.016606,1.016500,,True,6,6
2024-08-11,2.3_fed,FOMC_11878,,2024-12-18,129.000000,False,True,,1.226224,1.060289,1.156500,,True,6,6
2024-08-12,2.3_fed,FOMC_11696,,2024-09-18,37.000000,True,True,,1.096093,1.074074,1.020500,66984.436147,True,6,6
2024-08-12,2.3_fed,FOMC_11827,,2024-11-07,87.000000,False,True,,1.172370,1.036120,1.131500,,True,6,6
2024-08-12,2.3_fed,FOMC_11878,,2024-12-18,128.000000,False,True,,1.072117,1.019123,1.052000,,True,6,6
2024-08-13,2.3_fed,FOMC_11696,,2024-09-18,36.000000,True,True,,1.078891,1.076200,1.002500,111989.748080,True,6,6
2024-08-13,2.3_fed,FOMC_11827,,2024-11-07,86.000000,False,True,,1.059155,1.055460,1.003500,,True,6,6
2024-08-13,2.3_fed,FOMC_11878,,2024-12-18,127.000000,False,True,,1.073815,1.016389,1.056500,,True,6,6
2024-08-14,2.3_fed,FOMC_11696,,2024-09-18,35.000000,True,True,,1.027539,1.017869,1.009500,176057.647799,True,6,6
2024-08-14,2.3_fed,FOMC_11827,,2024-11-07,85.000000,False,True,,1.074820,1.057894,1.016000,,True,6,6
2024-08-14,2.3_fed,FOMC_11878,,2024-12-18,126.000000,False,True,,1.010714,1.004686,1.006000,,True,6,6
2024-08-15,2.3_fed,FOMC_11696,,2024-09-18,34.000000,True,True,,1.035905,1.033837,1.002000,72685.193672,True,6,6
2024-08-15,2.3_fed,FOMC_11827,,2024-11-07,84.000000,False,True,,1.078069,1.024780,1.052000,,True,6,6
2024-08-15,2.3_fed,FOMC_11878,,2024-12-18,125.000000,False,True,,1.018977,1.017451,1.001500,,True,6,6
2024-08-16,2.3_fed,FOMC_11696,,2024-09-18,33.000000,True,True,,1.061534,1.048946,1.012000,36591.276622,True,6,6
2024-08-16,2.3_fed,FOMC_11827,,2024-11-07,83.000000,False,True,,1.025635,1.025122,1.000500,,True,6,6
2024-08-16,2.3_fed,FOMC_11878,,2024-12-18,124.000000,False,True,,1.020436,1.017383,1.003000,,True,6,6
2024-08-17,2.3_fed,FOMC_11696,,2024-09-18,32.000000,True,True,,1.032242,1.027106,1.005000,64923.996054,True,6,6
2024-08-17,2.3_fed,FOMC_11827,,2024-11-07,82.000000,False,True,,1.028796,1.009118,1.019500,,True,6,6
2024-08-17,2.3_fed,FOMC_11878,,2024-12-18,123.000000,False,True,,1.023631,1.014500,1.009000,,True,6,6
2024-08-18,2.3_fed,FOMC_11696,,2024-09-18,31.000000,True,True,,1.018365,1.010785,1.007500,57839.816403,True,6,6
2024-08-18,2.3_fed,FOMC_11827,,2024-11-07,81.000000,False,True,,1.032818,1.008611,1.024000,,True,6,6
2024-08-18,2.3_fed,FOMC_11878,,2024-12-18,122.000000,False,True,,1.010103,1.001093,1.009000,,True,6,6
2024-08-19,2.3_fed,FOMC_11696,,2024-09-18,30.000000,True,True,,1.014096,1.007047,1.007000,75818.339247,True,6,6
2024-08-19,2.3_fed,FOMC_11827,,2024-11-07,80.000000,False,True,,1.020478,1.007880,1.012500,,True,6,6
2024-08-19,2.3_fed,FOMC_11878,,2024-12-18,121.000000,False,True,,1.005566,1.001061,1.004500,,True,6,6
2024-08-20,2.3_fed,FOMC_11696,,2024-09-18,29.000000,True,True,,1.013726,1.005681,1.008000,59541.904027,True,6,6
2024-08-20,2.3_fed,FOMC_11827,,2024-11-07,79.000000,False,True,,1.023146,1.006538,1.016500,,True,6,6
2024-08-20,2.3_fed,FOMC_11878,,2024-12-18,120.000000,False,True,,1.030729,1.003631,1.027000,,True,6,6
2024-08-21,2.3_fed,FOMC_11696,,2024-09-18,28.000000,True,True,,1.018851,1.012271,1.006500,92082.571346,True,6,6
2024-08-21,2.3_fed,FOMC_11827,,2024-11-07,78.000000,False,True,,1.043248,1.006996,1.036000,,True,6,6
2024-08-21,2.3_fed,FOMC_11878,,2024-12-18,119.000000,False,True,,1.021787,1.004213,1.017500,,True,6,6
2024-08-22,2.3_fed,FOMC_11696,,2024-09-18,27.000000,True,True,,1.058685,1.025361,1.032500,66610.352721,True,6,6
2024-08-22,2.3_fed,FOMC_11827,,2024-11-07,77.000000,False,True,,1.041223,1.009426,1.031500,,True,6,6
2024-08-22,2.3_fed,FOMC_11878,,2024-12-18,118.000000,False,True,,1.020765,1.003209,1.017500,,True,6,6
2024-08-23,2.3_fed,FOMC_11696,,2024-09-18,26.000000,True,True,,1.032728,1.026568,1.006000,138762.060701,True,6,6
2024-08-23,2.3_fed,FOMC_11827,,2024-11-07,76.000000,False,True,,1.109881,1.021049,1.087000,,True,6,6
2024-08-23,2.3_fed,FOMC_11878,,2024-12-18,117.000000,False,True,,1.071649,1.006715,1.064500,,True,6,6
2024-08-24,2.3_fed,FOMC_11696,,2024-09-18,25.000000,True,True,,1.027683,1.023589,1.004000,78632.250848,True,6,6
2024-08-24,2.3_fed,FOMC_11827,,2024-11-07,75.000000,False,True,,1.052362,1.049214,1.003000,,True,6,6
2024-08-24,2.3_fed,FOMC_11878,,2024-12-18,116.000000,False,True,,1.077160,1.026845,1.049000,,True,6,6
2024-08-25,2.3_fed,FOMC_11696,,2024-09-18,24.000000,True,True,,1.029008,1.016806,1.012000,55844.196894,True,6,6
2024-08-25,2.3_fed,FOMC_11827,,2024-11-07,74.000000,False,True,,1.050339,1.043038,1.007000,,True,6,6
2024-08-25,2.3_fed,FOMC_11878,,2024-12-18,115.000000,False,True,,1.028852,1.027824,1.001000,,True,6,6
2024-08-26,2.3_fed,FOMC_11696,,2024-09-18,23.000000,True,True,,1.022372,1.020840,1.001500,100245.589539,True,6,6
2024-08-26,2.3_fed,FOMC_11827,,2024-11-07,73.000000,False,True,,1.074363,1.030564,1.042500,,True,6,6
2024-08-26,2.3_fed,FOMC_11878,,2024-12-18,114.000000,False,True,,1.013364,1.013364,1.000000,,True,6,6
2024-08-27,2.3_fed,FOMC_11696,,2024-09-18,22.000000,True,True,,1.031125,1.028041,1.003000,73115.084699,True,6,6
2024-08-27,2.3_fed,FOMC_11827,,2024-11-07,72.000000,False,True,,1.042666,1.007894,1.034500,,True,6,6
2024-08-27,2.3_fed,FOMC_11878,,2024-12-18,113.000000,False,True,,1.014941,1.003402,1.011500,,True,6,6
2024-08-28,2.3_fed,FOMC_11696,,2024-09-18,21.000000,True,True,,1.041152,1.030334,1.010500,50927.456669,True,6,6
2024-08-28,2.3_fed,FOMC_11827,,2024-11-07,71.000000,False,True,,1.017704,1.012640,1.005000,,True,6,6
2024-08-28,2.3_fed,FOMC_11878,,2024-12-18,112.000000,False,True,,1.028910,1.012209,1.016500,,True,6,6
2024-08-29,2.3_fed,FOMC_11696,,2024-09-18,20.000000,True,True,,1.014382,1.009335,1.005000,109668.420838,True,6,6
2024-08-29,2.3_fed,FOMC_11827,,2024-11-07,70.000000,False,True,,1.019447,1.014880,1.004500,,True,6,6
2024-08-29,2.3_fed,FOMC_11878,,2024-12-18,111.000000,False,True,,1.031497,1.015252,1.016000,,True,6,6
2024-08-30,2.3_fed,FOMC_11696,,2024-09-18,19.000000,True,True,,1.015400,1.008842,1.006500,73167.342393,True,6,6
2024-08-30,2.3_fed,FOMC_11827,,2024-11-07,69.000000,False,True,,1.017311,1.015787,1.001500,,True,6,6
2024-08-30,2.3_fed,FOMC_11878,,2024-12-18,110.000000,False,True,,1.034926,1.014136,1.020500,,True,6,6
2024-08-31,2.3_fed,FOMC_11696,,2024-09-18,18.000000,True,True,,1.023450,1.011814,1.011500,15504.480751,True,6,6
2024-08-31,2.3_fed,FOMC_11827,,2024-11-07,68.000000,False,True,,1.007106,1.003593,1.003500,,True,6,6
2024-08-31,2.3_fed,FOMC_11878,,2024-12-18,109.000000,False,True,,1.024609,1.005011,1.019500,,True,6,6
2024-09-01,2.3_fed,FOMC_11696,,2024-09-18,17.000000,True,True,,1.009309,1.008804,1.000500,232172.542632,True,6,6
2024-09-01,2.3_fed,FOMC_11827,,2024-11-07,67.000000,False,True,,1.005571,1.002563,1.003000,,True,6,6
2024-09-01,2.3_fed,FOMC_11878,,2024-12-18,108.000000,False,True,,1.019960,1.003404,1.016500,,True,6,6
2024-09-02,2.3_fed,FOMC_11696,,2024-09-18,16.000000,True,True,,1.017703,1.010628,1.007000,89903.228709,True,6,6
2024-09-02,2.3_fed,FOMC_11827,,2024-11-07,66.000000,False,True,,1.006198,1.001192,1.005000,,True,6,6
2024-09-02,2.3_fed,FOMC_11878,,2024-12-18,107.000000,False,True,,1.026076,1.005464,1.020500,,True,6,6
2024-09-03,2.3_fed,FOMC_11696,,2024-09-18,15.000000,True,True,,1.025027,1.010377,1.014500,247268.297473,True,6,6
2024-09-03,2.3_fed,FOMC_11827,,2024-11-07,65.000000,False,True,,1.006956,1.001448,1.005500,,True,6,6
2024-09-03,2.3_fed,FOMC_11878,,2024-12-18,106.000000,False,True,,1.023383,1.006276,1.017000,,True,6,6
2024-09-04,2.3_fed,FOMC_11696,,2024-09-18,14.000000,True,True,,1.024052,1.022518,1.001500,225965.688522,True,6,6
2024-09-04,2.3_fed,FOMC_11827,,2024-11-07,64.000000,False,True,,1.023319,1.006708,1.016500,,True,6,6
2024-09-04,2.3_fed,FOMC_11878,,2024-12-18,105.000000,False,True,,1.026201,1.007067,1.019000,,True,6,6
2024-09-05,2.3_fed,FOMC_11696,,2024-09-18,13.000000,True,True,,1.038261,1.036706,1.001500,176965.877584,True,6,6
2024-09-05,2.3_fed,FOMC_11827,,2024-11-07,63.000000,False,True,,1.025868,1.017222,1.008500,,True,6,6
2024-09-05,2.3_fed,FOMC_11878,,2024-12-18,104.000000,False,True,,1.020998,1.009889,1.011000,,True,6,6
2024-09-06,2.3_fed,FOMC_11696,,2024-09-18,12.000000,True,True,,1.048532,1.037636,1.010500,870164.547830,True,6,6
2024-09-06,2.3_fed,FOMC_11827,,2024-11-07,62.000000,False,True,,1.022320,1.013704,1.008500,,True,6,6
2024-09-06,2.3_fed,FOMC_11878,,2024-12-18,103.000000,False,True,,1.014381,1.009334,1.005000,,True,6,6
2024-09-07,2.3_fed,FOMC_11696,,2024-09-18,11.000000,True,True,,1.041527,1.033261,1.008000,632617.439003,True,6,6
2024-09-07,2.3_fed,FOMC_11827,,2024-11-07,61.000000,False,True,,1.041110,1.027242,1.013500,,True,6,6
2024-09-07,2.3_fed,FOMC_11878,,2024-12-18,102.000000,False,True,,1.027891,1.018723,1.009000,,True,6,6
2024-09-08,2.3_fed,FOMC_11696,,2024-09-18,10.000000,True,True,,1.031781,1.028183,1.003500,231037.947443,True,6,6
2024-09-08,2.3_fed,FOMC_11827,,2024-11-07,60.000000,False,True,,1.031973,1.028374,1.003500,,True,6,6
2024-09-08,2.3_fed,FOMC_11878,,2024-12-18,101.000000,False,True,,1.038835,1.021972,1.016500,,True,6,6
2024-09-09,2.3_fed,FOMC_11696,,2024-09-18,9.000000,True,True,,1.021132,1.012526,1.008500,249090.816076,True,6,6
2024-09-09,2.3_fed,FOMC_11827,,2024-11-07,59.000000,False,True,,1.017108,1.014572,1.002500,,True,6,6
2024-09-09,2.3_fed,FOMC_11878,,2024-12-18,100.000000,False,True,,1.020720,1.012619,1.008000,,True,6,6
2024-09-10,2.3_fed,FOMC_11696,,2024-09-18,8.000000,True,True,,1.022784,1.011656,1.011000,121210.788931,True,6,6
2024-09-10,2.3_fed,FOMC_11827,,2024-11-07,58.000000,False,True,,1.034144,1.011388,1.022500,,True,6,6
2024-09-10,2.3_fed,FOMC_11878,,2024-12-18,99.000000,False,True,,1.011573,1.004541,1.007000,,True,6,6
2024-09-11,2.3_fed,FOMC_11696,,2024-09-18,7.000000,True,True,,1.017553,1.012995,1.004500,344080.694211,True,6,6
2024-09-11,2.3_fed,FOMC_11827,,2024-11-07,57.000000,False,True,,1.028745,1.015543,1.013000,,True,6,6
2024-09-11,2.3_fed,FOMC_11878,,2024-12-18,98.000000,False,True,,1.017455,1.006883,1.010500,,True,6,6
2024-09-12,2.3_fed,FOMC_11696,,2024-09-18,6.000000,True,True,,1.052490,1.041038,1.011000,557079.614582,True,6,6
2024-09-12,2.3_fed,FOMC_11827,,2024-11-07,56.000000,False,True,,1.021904,1.017832,1.004000,,True,6,6
2024-09-12,2.3_fed,FOMC_11878,,2024-12-18,97.000000,False,True,,1.016204,1.010645,1.005500,,True,6,6
2024-09-13,2.3_fed,FOMC_11696,,2024-09-18,5.000000,True,True,,1.087432,1.076133,1.010500,3309560.797249,True,6,6
2024-09-13,2.3_fed,FOMC_11827,,2024-11-07,55.000000,False,True,,1.037637,1.017790,1.019500,,True,6,6
2024-09-13,2.3_fed,FOMC_11878,,2024-12-18,96.000000,False,True,,1.029832,1.011126,1.018500,,True,6,6
2024-09-14,2.3_fed,FOMC_11696,,2024-09-18,4.000000,True,True,,1.060304,1.055029,1.005000,637127.121941,True,6,6
2024-09-14,2.3_fed,FOMC_11827,,2024-11-07,54.000000,False,True,,1.022892,1.015781,1.007000,,True,6,6
2024-09-14,2.3_fed,FOMC_11878,,2024-12-18,95.000000,False,True,,1.011905,1.008376,1.003500,,True,6,6
2024-09-15,2.3_fed,FOMC_11696,,2024-09-18,3.000000,True,True,,1.027625,1.020481,1.007000,484181.189007,True,6,6
2024-09-15,2.3_fed,FOMC_11827,,2024-11-07,53.000000,False,True,,1.022156,1.009039,1.013000,,True,6,6
2024-09-15,2.3_fed,FOMC_11878,,2024-12-18,94.000000,False,True,,1.017075,1.008003,1.009000,,True,6,6
2024-09-16,2.3_fed,FOMC_11696,,2024-09-18,2.000000,True,True,,1.044908,1.042823,1.002000,1830887.081560,True,6,6
2024-09-16,2.3_fed,FOMC_11827,,2024-11-07,52.000000,False,True,,1.016770,1.013729,1.003000,,True,6,6
2024-09-16,2.3_fed,FOMC_11878,,2024-12-18,93.000000,False,True,,1.031582,1.007404,1.024000,,True,6,6
2024-09-17,2.3_fed,FOMC_11696,,2024-09-18,1.000000,True,True,,1.072622,1.062002,1.010000,1407724.617244,True,6,6
2024-09-17,2.3_fed,FOMC_11827,,2024-11-07,51.000000,False,True,,1.026712,1.017050,1.009500,,True,6,6
2024-09-17,2.3_fed,FOMC_11878,,2024-12-18,92.000000,False,True,,1.041138,1.007391,1.033500,,True,6,6
2024-09-18,2.3_fed,FOMC_11696,,2024-09-18,0.000000,True,True,,1.049992,1.048419,1.001500,2536445.535972,True,6,6
2024-09-18,2.3_fed,FOMC_11827,,2024-11-07,50.000000,False,True,,1.031433,1.028861,1.002500,,True,6,6
2024-09-18,2.3_fed,FOMC_11878,,2024-12-18,91.000000,False,True,,1.032279,1.009563,1.022500,,True,6,6
2024-09-19,2.3_fed,FOMC_11827,,2024-11-07,49.000000,True,True,,1.059729,1.058670,1.001000,,True,6,6
2024-09-19,2.3_fed,FOMC_11878,,2024-12-18,90.000000,False,True,,1.023848,1.020277,1.003500,,True,6,6
2024-09-20,2.3_fed,FOMC_11827,,2024-11-07,48.000000,True,True,,1.082409,1.062748,1.018500,,True,6,6
2024-09-20,2.3_fed,FOMC_11878,,2024-12-18,89.000000,False,True,,1.026894,1.024333,1.002500,,True,6,6
2024-09-21,2.3_fed,FOMC_11827,,2024-11-07,47.000000,True,True,,1.051086,1.042744,1.008000,,True,6,6
2024-09-21,2.3_fed,FOMC_11878,,2024-12-18,88.000000,False,True,,1.035861,1.025098,1.010500,,True,6,6
2024-09-22,2.3_fed,FOMC_11827,,2024-11-07,46.000000,True,True,,1.032716,1.024012,1.008500,,True,6,6
2024-09-22,2.3_fed,FOMC_11878,,2024-12-18,87.000000,False,True,,1.010442,1.010442,1.000000,,True,6,6
2024-09-23,2.3_fed,FOMC_11827,,2024-11-07,45.000000,True,True,,1.047205,1.032746,1.014000,,True,6,6
2024-09-23,2.3_fed,FOMC_11878,,2024-12-18,86.000000,False,True,,1.007218,1.003206,1.004000,,True,6,6
2024-09-24,2.3_fed,FOMC_11827,,2024-11-07,44.000000,True,True,,1.031390,1.029846,1.001500,,True,6,6
2024-09-24,2.3_fed,FOMC_11878,,2024-12-18,85.000000,False,True,,1.031903,1.014654,1.017000,,True,6,6
2024-09-25,2.3_fed,FOMC_11827,,2024-11-07,43.000000,True,True,,1.037718,1.028972,1.008500,,True,6,6
2024-09-25,2.3_fed,FOMC_11878,,2024-12-18,84.000000,False,True,,1.025260,1.018133,1.007000,,True,6,6
2024-09-26,2.3_fed,FOMC_11827,,2024-11-07,42.000000,True,True,,1.035938,1.022139,1.013500,,True,6,6
2024-09-26,2.3_fed,FOMC_11878,,2024-12-18,83.000000,False,True,,1.021905,1.011787,1.010000,,True,6,6
2024-09-27,2.3_fed,FOMC_11827,,2024-11-07,41.000000,True,True,,1.034382,1.028213,1.006000,,True,6,6
2024-09-27,2.3_fed,FOMC_11878,,2024-12-18,82.000000,False,True,,1.012133,1.007599,1.004500,,True,6,6
2024-09-28,2.3_fed,FOMC_11827,,2024-11-07,40.000000,True,True,,1.035163,1.028478,1.006500,,True,6,6
2024-09-28,2.3_fed,FOMC_11878,,2024-12-18,81.000000,False,True,,1.009937,1.004413,1.005500,,True,6,6
2024-09-29,2.3_fed,FOMC_11827,,2024-11-07,39.000000,True,True,,1.016997,1.014968,1.002000,,True,6,6
2024-09-29,2.3_fed,FOMC_11878,,2024-12-18,80.000000,False,True,,1.014374,1.003833,1.010500,,True,6,6
2024-09-30,2.3_fed,FOMC_11827,,2024-11-07,38.000000,True,True,,1.016562,1.011504,1.005000,,True,6,6
2024-09-30,2.3_fed,FOMC_11878,,2024-12-18,79.000000,False,True,,1.008241,1.002726,1.005500,,True,6,6
2024-10-01,2.3_fed,FOMC_11827,,2024-11-07,37.000000,True,True,,1.050189,1.039276,1.010500,,True,6,6
2024-10-01,2.3_fed,FOMC_11878,,2024-12-18,78.000000,False,True,,1.016697,1.007129,1.009500,,True,6,6
2024-10-02,2.3_fed,FOMC_11827,,2024-11-07,36.000000,True,True,,1.055727,1.042179,1.013000,,True,6,6
2024-10-02,2.3_fed,FOMC_11878,,2024-12-18,77.000000,False,True,,1.013108,1.009071,1.004000,,True,6,6
2024-10-03,2.3_fed,FOMC_11827,,2024-11-07,35.000000,True,True,,1.025903,1.023345,1.002500,,True,6,6
2024-10-03,2.3_fed,FOMC_11878,,2024-12-18,76.000000,False,True,,1.006662,1.005657,1.001000,,True,6,6
2024-10-04,2.3_fed,FOMC_11827,,2024-11-07,34.000000,True,True,,1.033591,1.016813,1.016500,,True,6,6
2024-10-04,2.3_fed,FOMC_11878,,2024-12-18,75.000000,False,True,,1.024089,1.013949,1.010000,,True,6,6
2024-10-05,2.3_fed,FOMC_11827,,2024-11-07,33.000000,True,True,,1.051597,1.047408,1.004000,,True,6,6
2024-10-05,2.3_fed,FOMC_11878,,2024-12-18,74.000000,False,True,,1.118743,1.059918,1.055500,,True,6,6
2024-10-06,2.3_fed,FOMC_11827,,2024-11-07,32.000000,True,True,,1.050557,1.042220,1.008000,,True,6,6
2024-10-06,2.3_fed,FOMC_11878,,2024-12-18,73.000000,False,True,,1.074779,1.062559,1.011500,,True,6,6
2024-10-07,2.3_fed,FOMC_11827,,2024-11-07,31.000000,True,True,,1.018378,1.016345,1.002000,,True,6,6
2024-10-07,2.3_fed,FOMC_11878,,2024-12-18,72.000000,False,True,,1.048655,1.035197,1.013000,,True,6,6
2024-10-08,2.3_fed,FOMC_11827,,2024-11-07,30.000000,True,True,,1.031331,1.027222,1.004000,,True,6,6
2024-10-08,2.3_fed,FOMC_11878,,2024-12-18,71.000000,False,True,,1.037066,1.027815,1.009000,,True,6,6
2024-10-09,2.3_fed,FOMC_11827,,2024-11-07,29.000000,True,True,,1.038968,1.033285,1.005500,,True,6,6
2024-10-09,2.3_fed,FOMC_11878,,2024-12-18,70.000000,False,True,,1.055344,1.017690,1.037000,,True,6,6
2024-10-10,2.3_fed,FOMC_11827,,2024-11-07,28.000000,True,True,,1.020999,1.020999,1.000000,,True,6,6
2024-10-10,2.3_fed,FOMC_11878,,2024-12-18,69.000000,False,True,,1.017324,1.016308,1.001000,,True,6,6
2024-10-11,2.3_fed,FOMC_11827,,2024-11-07,27.000000,True,True,,1.028197,1.017010,1.011000,,True,6,6
2024-10-11,2.3_fed,FOMC_11878,,2024-12-18,68.000000,False,True,,1.026149,1.019522,1.006500,,True,6,6
2024-10-12,2.3_fed,FOMC_11827,,2024-11-07,26.000000,True,True,,1.020472,1.016913,1.003500,,True,6,6
2024-10-12,2.3_fed,FOMC_11878,,2024-12-18,67.000000,False,True,,1.023745,1.021702,1.002000,,True,6,6
2024-10-13,2.3_fed,FOMC_11827,,2024-11-07,25.000000,True,True,,1.013367,1.012861,1.000500,,True,6,6
2024-10-13,2.3_fed,FOMC_11878,,2024-12-18,66.000000,False,True,,1.017674,1.012611,1.005000,,True,6,6
2024-10-14,2.3_fed,FOMC_11827,,2024-11-07,24.000000,True,True,,1.008941,1.005923,1.003000,,True,6,6
2024-10-14,2.3_fed,FOMC_11878,,2024-12-18,65.000000,False,True,,1.013166,1.006123,1.007000,,True,6,6
2024-10-15,2.3_fed,FOMC_11827,,2024-11-07,23.000000,True,True,,1.024944,1.015298,1.009500,,True,6,6
2024-10-15,2.3_fed,FOMC_11878,,2024-12-18,64.000000,False,True,,1.015836,1.003790,1.012000,,True,6,6
2024-10-16,2.3_fed,FOMC_11827,,2024-11-07,22.000000,True,True,,1.075921,1.027623,1.047000,,True,6,6
2024-10-16,2.3_fed,FOMC_11878,,2024-12-18,63.000000,False,True,,1.015762,1.006203,1.009500,,True,6,6
2024-10-17,2.3_fed,FOMC_11827,,2024-11-07,21.000000,True,True,,1.057148,1.020905,1.035500,,True,6,6
2024-10-17,2.3_fed,FOMC_11878,,2024-12-18,62.000000,False,True,,1.015830,1.008268,1.007500,,True,6,6
2024-10-18,2.3_fed,FOMC_11827,,2024-11-07,20.000000,True,True,,1.041141,1.009836,1.031000,,True,6,6
2024-10-18,2.3_fed,FOMC_11878,,2024-12-18,61.000000,False,True,,1.017762,1.012195,1.005500,,True,6,6
2024-10-19,2.3_fed,FOMC_11827,,2024-11-07,19.000000,True,True,,1.019918,1.011322,1.008500,,True,6,6
2024-10-19,2.3_fed,FOMC_11878,,2024-12-18,60.000000,False,True,,1.023359,1.012225,1.011000,,True,6,6
2024-10-20,2.3_fed,FOMC_11827,,2024-11-07,18.000000,True,True,,1.024189,1.011045,1.013000,,True,6,6
2024-10-20,2.3_fed,FOMC_11878,,2024-12-18,59.000000,False,True,,1.018663,1.007580,1.011000,,True,6,6
2024-10-21,2.3_fed,FOMC_11827,,2024-11-07,17.000000,True,True,,1.016815,1.007746,1.009000,,True,6,6
2024-10-21,2.3_fed,FOMC_11878,,2024-12-18,58.000000,False,True,,1.017896,1.006821,1.011000,,True,6,6
2024-10-22,2.3_fed,FOMC_11827,,2024-11-07,16.000000,True,True,,1.042347,1.010516,1.031500,,True,6,6
2024-10-22,2.3_fed,FOMC_11878,,2024-12-18,57.000000,False,True,,1.023024,1.006418,1.016500,,True,6,6
2024-10-23,2.3_fed,FOMC_11827,,2024-11-07,15.000000,True,True,,1.013342,1.010815,1.002500,,True,6,6
2024-10-23,2.3_fed,FOMC_11878,,2024-12-18,56.000000,False,True,,1.008883,1.007875,1.001000,,True,6,6
2024-10-24,2.3_fed,FOMC_11827,,2024-11-07,14.000000,True,True,,1.012445,1.007910,1.004500,,True,6,6
2024-10-24,2.3_fed,FOMC_11878,,2024-12-18,55.000000,False,True,,1.016547,1.005487,1.011000,,True,6,6
2024-10-25,2.3_fed,FOMC_11827,,2024-11-07,13.000000,True,True,,1.018013,1.010435,1.007500,422910.176941,True,6,6
2024-10-25,2.3_fed,FOMC_11878,,2024-12-18,54.000000,False,True,,1.007597,1.003583,1.004000,,True,6,6
2024-10-26,2.3_fed,FOMC_11827,,2024-11-07,12.000000,True,True,,1.015651,1.009092,1.006500,477801.311695,True,6,6
2024-10-26,2.3_fed,FOMC_11878,,2024-12-18,53.000000,False,True,,1.009135,1.006117,1.003000,,True,6,6
2024-10-27,2.3_fed,FOMC_11827,,2024-11-07,11.000000,True,True,,1.012827,1.009294,1.003500,399162.907164,True,6,6
2024-10-27,2.3_fed,FOMC_11878,,2024-12-18,52.000000,False,True,,1.028204,1.014008,1.014000,,True,6,6
2024-10-28,2.3_fed,FOMC_11827,,2024-11-07,10.000000,True,True,,1.015173,1.005619,1.009500,282922.333741,True,6,6
2024-10-28,2.3_fed,FOMC_11878,,2024-12-18,51.000000,False,True,,1.029913,1.011205,1.018500,,True,6,6
2024-10-29,2.3_fed,FOMC_11827,,2024-11-07,9.000000,True,True,,1.016381,1.009817,1.006500,42715.841779,True,6,6
2024-10-29,2.3_fed,FOMC_11878,,2024-12-18,50.000000,False,True,,1.042596,1.005881,1.036500,,True,6,6
2024-10-30,2.3_fed,FOMC_11827,,2024-11-07,8.000000,True,True,,1.014178,1.011649,1.002500,133681.954063,True,6,6
2024-10-30,2.3_fed,FOMC_11878,,2024-12-18,49.000000,False,True,,1.007311,1.005301,1.002000,,True,6,6
2024-10-31,2.3_fed,FOMC_11827,,2024-11-07,7.000000,True,True,,1.021511,1.012399,1.009000,165090.529231,True,6,6
2024-10-31,2.3_fed,FOMC_11878,,2024-12-18,48.000000,False,True,,1.042929,1.011571,1.031000,,True,6,6
2024-11-01,2.3_fed,FOMC_11827,,2024-11-07,6.000000,True,True,,1.014775,1.010732,1.004000,172947.531399,True,6,6
2024-11-01,2.3_fed,FOMC_11878,,2024-12-18,47.000000,False,True,,1.039363,1.021989,1.017000,,True,6,6
2024-11-02,2.3_fed,FOMC_11827,,2024-11-07,5.000000,True,True,,1.026077,1.022498,1.003500,87492.231250,True,6,6
2024-11-02,2.3_fed,FOMC_11878,,2024-12-18,46.000000,False,True,,1.063161,1.034203,1.028000,,True,6,6
2024-11-03,2.3_fed,FOMC_11827,,2024-11-07,4.000000,True,True,,1.020249,1.019739,1.000500,138381.825640,True,6,6
2024-11-03,2.3_fed,FOMC_11878,,2024-12-18,45.000000,False,True,,1.051337,1.022205,1.028500,,True,6,6
2024-11-04,2.3_fed,FOMC_11827,,2024-11-07,3.000000,True,True,,1.011201,1.004671,1.006500,83850.008914,True,6,6
2024-11-04,2.3_fed,FOMC_11878,,2024-12-18,44.000000,False,True,,1.035204,1.008970,1.026000,,True,6,6
2024-11-05,2.3_fed,FOMC_11827,,2024-11-07,2.000000,True,True,,1.010863,1.004334,1.006500,133085.577144,True,6,6
2024-11-05,2.3_fed,FOMC_11878,,2024-12-18,43.000000,False,True,,1.029382,1.006730,1.022500,,True,6,6
2024-11-06,2.3_fed,FOMC_11827,,2024-11-07,1.000000,True,True,,1.016227,1.009163,1.007000,1068307.244537,True,6,6
2024-11-06,2.3_fed,FOMC_11878,,2024-12-18,42.000000,False,True,,1.037159,1.021329,1.015500,,True,6,6
2024-11-07,2.3_fed,FOMC_11827,,2024-11-07,0.000000,True,True,,1.016963,1.013416,1.003500,1479687.359786,True,6,6
2024-11-07,2.3_fed,FOMC_11878,,2024-12-18,41.000000,False,True,,1.032997,1.031450,1.001500,,True,6,6
2024-11-08,2.3_fed,FOMC_11878,,2024-12-18,40.000000,True,True,,1.046228,1.040505,1.005500,,True,6,6
2024-11-08,2.3_fed,FOMC_14220,,2025-01-29,82.000000,False,True,,1.253709,1.235790,1.014500,,True,2,2
2024-11-09,2.3_fed,FOMC_11878,,2024-12-18,39.000000,True,True,,1.033657,1.029538,1.004000,,True,6,6
2024-11-09,2.3_fed,FOMC_14220,,2025-01-29,81.000000,False,True,,1.139789,1.127387,1.011000,,True,4,4
2024-11-10,2.3_fed,FOMC_11878,,2024-12-18,38.000000,True,True,,1.027516,1.021387,1.006000,,True,6,6
2024-11-10,2.3_fed,FOMC_14220,,2025-01-29,80.000000,False,True,,1.090061,1.084098,1.005500,,True,6,6
2024-11-11,2.3_fed,FOMC_11878,,2024-12-18,37.000000,True,True,,1.014318,1.008770,1.005500,,True,6,6
2024-11-11,2.3_fed,FOMC_14220,,2025-01-29,79.000000,False,True,,1.014529,1.014529,1.000000,,True,6,6
2024-11-12,2.3_fed,FOMC_11878,,2024-12-18,36.000000,True,True,,1.016791,1.010225,1.006500,,True,6,6
2024-11-12,2.3_fed,FOMC_14220,,2025-01-29,78.000000,False,True,,1.015244,1.006188,1.009000,,True,6,6
2024-11-13,2.3_fed,FOMC_11878,,2024-12-18,35.000000,True,True,,1.025581,1.017442,1.008000,,True,6,6
2024-11-13,2.3_fed,FOMC_14220,,2025-01-29,77.000000,False,True,,1.022804,1.009181,1.013500,,True,6,6
2024-11-14,2.3_fed,FOMC_11878,,2024-12-18,34.000000,True,True,,1.055343,1.048528,1.006500,,True,6,6
2024-11-14,2.3_fed,FOMC_14220,,2025-01-29,76.000000,False,True,,1.021002,1.013905,1.007000,,True,6,6
2024-11-15,2.3_fed,FOMC_11878,,2024-12-18,33.000000,True,True,,1.079913,1.079374,1.000500,,True,6,6
2024-11-15,2.3_fed,FOMC_14220,,2025-01-29,75.000000,False,True,,1.066584,1.031014,1.034500,,True,6,6
2024-11-16,2.3_fed,FOMC_11878,,2024-12-18,32.000000,True,True,,1.052306,1.046030,1.006000,,True,6,6
2024-11-16,2.3_fed,FOMC_14220,,2025-01-29,74.000000,False,True,,1.049637,1.027545,1.021500,,True,6,6
2024-11-17,2.3_fed,FOMC_11878,,2024-12-18,31.000000,True,True,,1.013105,1.007062,1.006000,59863.248178,True,6,6
2024-11-17,2.3_fed,FOMC_14220,,2025-01-29,73.000000,False,True,,1.022759,1.005663,1.017000,,True,6,6
2024-11-18,2.3_fed,FOMC_11878,,2024-12-18,30.000000,True,True,,1.013992,1.009449,1.004500,131121.453777,True,6,6
2024-11-18,2.3_fed,FOMC_14220,,2025-01-29,72.000000,False,True,,1.005834,1.005332,1.000500,,True,6,6
2024-11-19,2.3_fed,FOMC_11878,,2024-12-18,29.000000,True,True,,1.017019,1.014482,1.002500,162189.777254,True,6,6
2024-11-19,2.3_fed,FOMC_14220,,2025-01-29,71.000000,False,True,,1.016752,1.008183,1.008500,,True,6,6
2024-11-20,2.3_fed,FOMC_11878,,2024-12-18,28.000000,True,True,,1.024506,1.015368,1.009000,152022.109780,True,6,6
2024-11-20,2.3_fed,FOMC_14220,,2025-01-29,70.000000,False,True,,1.017150,1.009579,1.007500,,True,6,6
2024-11-21,2.3_fed,FOMC_11878,,2024-12-18,27.000000,True,True,,1.009820,1.008811,1.001000,63163.595360,True,6,6
2024-11-21,2.3_fed,FOMC_14220,,2025-01-29,69.000000,False,True,,1.017267,1.005205,1.012000,,True,6,6
2024-11-22,2.3_fed,FOMC_11878,,2024-12-18,26.000000,True,True,,1.020324,1.011223,1.009000,81009.040105,True,6,6
2024-11-22,2.3_fed,FOMC_14220,,2025-01-29,68.000000,False,True,,1.011947,1.003418,1.008500,,True,6,6
2024-11-23,2.3_fed,FOMC_11878,,2024-12-18,25.000000,True,True,,1.018835,1.014271,1.004500,63727.881912,True,6,6
2024-11-23,2.3_fed,FOMC_14220,,2025-01-29,67.000000,False,True,,1.004711,1.003206,1.001500,,True,6,6
2024-11-24,2.3_fed,FOMC_11878,,2024-12-18,24.000000,True,True,,1.015330,1.013810,1.001500,74002.974755,True,6,6
2024-11-24,2.3_fed,FOMC_14220,,2025-01-29,66.000000,False,True,,1.015619,1.005065,1.010500,,True,6,6
2024-11-25,2.3_fed,FOMC_11878,,2024-12-18,23.000000,True,True,,1.011672,1.007140,1.004500,111517.746512,True,6,6
2024-11-25,2.3_fed,FOMC_14220,,2025-01-29,65.000000,False,True,,1.015646,1.007086,1.008500,,True,6,6
2024-11-26,2.3_fed,FOMC_11878,,2024-12-18,22.000000,True,True,,1.016563,1.008495,1.008000,114930.810505,True,6,6
2024-11-26,2.3_fed,FOMC_14220,,2025-01-29,64.000000,False,True,,1.020707,1.007608,1.013000,,True,6,6
2024-11-27,2.3_fed,FOMC_11878,,2024-12-18,21.000000,True,True,,1.022254,1.019705,1.002500,79764.710206,True,6,6
2024-11-27,2.3_fed,FOMC_14220,,2025-01-29,63.000000,False,True,,1.019010,1.004446,1.014500,,True,6,6
2024-11-28,2.3_fed,FOMC_11878,,2024-12-18,20.000000,True,True,,1.031927,1.029353,1.002500,71626.345343,True,6,6
2024-11-28,2.3_fed,FOMC_14220,,2025-01-29,62.000000,False,True,,1.017016,1.005454,1.011500,,True,6,6
2024-11-29,2.3_fed,FOMC_11878,,2024-12-18,19.000000,True,True,,1.018773,1.017755,1.001000,66798.858677,True,6,6
2024-11-29,2.3_fed,FOMC_14220,,2025-01-29,61.000000,False,True,,1.016872,1.005311,1.011500,,True,6,6
2024-11-30,2.3_fed,FOMC_11878,,2024-12-18,18.000000,True,True,,1.018151,1.014600,1.003500,33661.811805,True,6,6
2024-11-30,2.3_fed,FOMC_14220,,2025-01-29,60.000000,False,True,,1.009019,1.003500,1.005500,,True,6,6
2024-12-01,2.3_fed,FOMC_11878,,2024-12-18,17.000000,True,True,,1.013304,1.009769,1.003500,37233.601144,True,6,6
2024-12-01,2.3_fed,FOMC_14220,,2025-01-29,59.000000,False,True,,1.006354,1.003844,1.002500,,True,6,6
2024-12-02,2.3_fed,FOMC_11878,,2024-12-18,16.000000,True,True,,1.021709,1.008598,1.013000,151945.993979,True,6,6
2024-12-02,2.3_fed,FOMC_14220,,2025-01-29,58.000000,False,True,,1.009335,1.004813,1.004500,,True,6,6
2024-12-03,2.3_fed,FOMC_11878,,2024-12-18,15.000000,True,True,,1.033129,1.013368,1.019500,213322.761147,True,6,6
2024-12-03,2.3_fed,FOMC_14220,,2025-01-29,57.000000,False,True,,1.011838,1.005804,1.006000,,True,6,6
2024-12-04,2.3_fed,FOMC_11878,,2024-12-18,14.000000,True,True,,1.034733,1.019944,1.014500,142492.928656,True,6,6
2024-12-04,2.3_fed,FOMC_14220,,2025-01-29,56.000000,False,True,,1.011455,1.003926,1.007500,,True,6,6
2024-12-05,2.3_fed,FOMC_11878,,2024-12-18,13.000000,True,True,,1.039411,1.021033,1.018000,93471.404849,True,6,6
2024-12-05,2.3_fed,FOMC_14220,,2025-01-29,55.000000,False,True,,1.022696,1.007086,1.015500,,True,6,6
2024-12-06,2.3_fed,FOMC_11878,,2024-12-18,12.000000,True,True,,1.024810,1.019204,1.005500,501578.637081,True,6,6
2024-12-06,2.3_fed,FOMC_14220,,2025-01-29,54.000000,False,True,,1.036878,1.010603,1.026000,,True,6,6
2024-12-07,2.3_fed,FOMC_11878,,2024-12-18,11.000000,True,True,,1.046781,1.039505,1.007000,40719.082099,True,6,6
2024-12-07,2.3_fed,FOMC_14220,,2025-01-29,53.000000,False,True,,1.018093,1.009512,1.008500,,True,6,6
2024-12-08,2.3_fed,FOMC_11878,,2024-12-18,10.000000,True,True,,1.039495,1.035870,1.003500,65036.284594,True,6,6
2024-12-08,2.3_fed,FOMC_14220,,2025-01-29,52.000000,False,True,,1.015891,1.006331,1.009500,,True,6,6
2024-12-09,2.3_fed,FOMC_11878,,2024-12-18,9.000000,True,True,,1.011763,1.003236,1.008500,202843.013159,True,6,6
2024-12-09,2.3_fed,FOMC_14220,,2025-01-29,51.000000,False,True,,1.011373,1.001359,1.010000,,True,6,6
2024-12-10,2.3_fed,FOMC_11878,,2024-12-18,8.000000,True,True,,1.004914,1.002908,1.002000,173105.955500,True,6,6
2024-12-10,2.3_fed,FOMC_14220,,2025-01-29,50.000000,False,True,,1.016694,1.003647,1.013000,,True,6,6
2024-12-11,2.3_fed,FOMC_11878,,2024-12-18,7.000000,True,True,,1.013062,1.005022,1.008000,501361.615413,True,6,6
2024-12-11,2.3_fed,FOMC_14220,,2025-01-29,49.000000,False,True,,1.016101,1.010543,1.005500,,True,6,6
2024-12-12,2.3_fed,FOMC_11878,,2024-12-18,6.000000,True,True,,1.027887,1.026348,1.001500,378801.370389,True,6,6
2024-12-12,2.3_fed,FOMC_14220,,2025-01-29,48.000000,False,True,,1.026486,1.022396,1.004000,,True,6,6
2024-12-13,2.3_fed,FOMC_11878,,2024-12-18,5.000000,True,True,,1.027720,1.027206,1.000500,349836.733604,True,6,6
2024-12-13,2.3_fed,FOMC_14220,,2025-01-29,47.000000,False,True,,1.021916,1.020386,1.001500,,True,6,6
2024-12-14,2.3_fed,FOMC_11878,,2024-12-18,4.000000,True,True,,1.009788,1.009284,1.000500,178329.685246,True,6,6
2024-12-14,2.3_fed,FOMC_14220,,2025-01-29,46.000000,False,True,,1.014884,1.013870,1.001000,,True,6,6
2024-12-15,2.3_fed,FOMC_11878,,2024-12-18,3.000000,True,True,,1.006190,1.005184,1.001000,128481.470038,True,6,6
2024-12-15,2.3_fed,FOMC_14220,,2025-01-29,45.000000,False,True,,1.012663,1.011146,1.001500,,True,6,6
2024-12-16,2.3_fed,FOMC_11878,,2024-12-18,2.000000,True,True,,1.005878,1.004371,1.001500,145191.037813,True,6,6
2024-12-16,2.3_fed,FOMC_14220,,2025-01-29,44.000000,False,True,,1.023636,1.015009,1.008500,,True,6,6
2024-12-17,2.3_fed,FOMC_11878,,2024-12-18,1.000000,True,True,,1.007714,1.005702,1.002000,305964.938829,True,6,6
2024-12-17,2.3_fed,FOMC_14220,,2025-01-29,43.000000,False,True,,1.019765,1.018746,1.001000,,True,6,6
2024-12-18,2.3_fed,FOMC_11878,,2024-12-18,0.000000,True,True,,1.009307,1.009307,1.000000,1388081.845050,True,6,6
2024-12-18,2.3_fed,FOMC_14220,,2025-01-29,42.000000,False,True,,1.023057,1.015945,1.007000,,True,6,6
2024-12-19,2.3_fed,FOMC_14220,,2025-01-29,41.000000,True,True,,1.033967,1.026780,1.007000,,True,6,6
2024-12-19,2.3_fed,FOMC_15665,,2025-03-19,90.000000,False,True,,1.028762,1.016061,1.012500,,True,2,2
2024-12-20,2.3_fed,FOMC_14220,,2025-01-29,40.000000,True,True,,1.024534,1.024022,1.000500,,True,6,6
2024-12-20,2.3_fed,FOMC_15665,,2025-03-19,89.000000,False,True,,1.035492,1.025748,1.009500,,True,4,4
2024-12-21,2.3_fed,FOMC_14220,,2025-01-29,39.000000,True,True,,1.013971,1.006423,1.007500,,True,6,6
2024-12-21,2.3_fed,FOMC_15665,,2025-03-19,88.000000,False,True,,1.038923,1.025085,1.013500,,True,6,6
2024-12-22,2.3_fed,FOMC_14220,,2025-01-29,38.000000,True,True,,1.006906,1.005397,1.001500,,True,6,6
2024-12-22,2.3_fed,FOMC_15665,,2025-03-19,87.000000,False,True,,1.024515,1.017394,1.007000,,True,6,6
2024-12-23,2.3_fed,FOMC_14220,,2025-01-29,37.000000,True,True,,1.009319,1.003299,1.006000,,True,6,6
2024-12-23,2.3_fed,FOMC_15665,,2025-03-19,86.000000,False,True,,1.013949,1.006401,1.007500,,True,6,6
2024-12-24,2.3_fed,FOMC_14220,,2025-01-29,36.000000,True,True,,1.015210,1.005158,1.010000,,True,6,6
2024-12-24,2.3_fed,FOMC_15665,,2025-03-19,85.000000,False,True,,1.019294,1.008204,1.011000,,True,6,6
2024-12-25,2.3_fed,FOMC_14220,,2025-01-29,35.000000,True,True,,1.008597,1.006584,1.002000,,True,6,6
2024-12-25,2.3_fed,FOMC_15665,,2025-03-19,84.000000,False,True,,1.017107,1.008534,1.008500,,True,6,6
2024-12-26,2.3_fed,FOMC_14220,,2025-01-29,34.000000,True,True,,1.003599,1.003599,1.000000,,True,6,6
2024-12-26,2.3_fed,FOMC_15665,,2025-03-19,83.000000,False,True,,1.015018,1.004471,1.010500,,True,6,6
2024-12-27,2.3_fed,FOMC_14220,,2025-01-29,33.000000,True,True,,1.014319,1.004774,1.009500,,True,6,6
2024-12-27,2.3_fed,FOMC_15665,,2025-03-19,82.000000,False,True,,1.003817,1.002814,1.001000,,True,6,6
2024-12-28,2.3_fed,FOMC_14220,,2025-01-29,32.000000,True,True,,1.014251,1.002719,1.011500,,True,6,6
2024-12-28,2.3_fed,FOMC_15665,,2025-03-19,81.000000,False,True,,1.019656,1.007067,1.012500,,True,6,6
2024-12-29,2.3_fed,FOMC_14220,,2025-01-29,31.000000,True,True,,1.014640,1.004594,1.010000,,True,6,6
2024-12-29,2.3_fed,FOMC_15665,,2025-03-19,80.000000,False,True,,1.021202,1.005615,1.015500,,True,6,6
2024-12-30,2.3_fed,FOMC_14220,,2025-01-29,30.000000,True,True,,1.013395,1.002864,1.010500,,True,6,6
2024-12-30,2.3_fed,FOMC_15665,,2025-03-19,79.000000,False,True,,1.016794,1.001274,1.015500,,True,6,6
2024-12-31,2.3_fed,FOMC_14220,,2025-01-29,29.000000,True,True,,1.010887,1.002864,1.008000,,True,6,6
2024-12-31,2.3_fed,FOMC_15665,,2025-03-19,78.000000,False,True,,1.007593,1.002580,1.005000,,True,6,6
2025-01-01,2.3_fed,FOMC_14220,,2025-01-29,28.000000,True,True,,1.004979,1.001474,1.003500,,True,6,6
2025-01-01,2.3_fed,FOMC_15665,,2025-03-19,77.000000,False,True,,1.007593,1.002580,1.005000,,True,6,6
2025-01-02,2.3_fed,FOMC_14220,,2025-01-29,27.000000,True,True,,1.012152,1.001634,1.010500,,True,6,6
2025-01-02,2.3_fed,FOMC_15665,,2025-03-19,76.000000,False,True,,1.004958,1.000954,1.004000,,True,6,6
2025-01-03,2.3_fed,FOMC_14220,,2025-01-29,26.000000,True,True,,1.004198,1.001694,1.002500,,True,6,6
2025-01-03,2.3_fed,FOMC_15665,,2025-03-19,75.000000,False,True,,1.004102,1.002598,1.001500,,True,6,6
2025-01-04,2.3_fed,FOMC_14220,,2025-01-29,25.000000,True,True,,1.003249,1.000747,1.002500,,True,6,6
2025-01-04,2.3_fed,FOMC_15665,,2025-03-19,74.000000,False,True,,1.016061,1.007497,1.008500,,True,6,6
2025-01-05,2.3_fed,FOMC_14220,,2025-01-29,24.000000,True,True,,1.004251,1.000748,1.003500,,True,6,6
2025-01-05,2.3_fed,FOMC_15665,,2025-03-19,73.000000,False,True,,1.024732,1.006613,1.018000,,True,6,6
2025-01-06,2.3_fed,FOMC_14220,,2025-01-29,23.000000,True,True,,1.006096,1.000593,1.005500,,True,6,6
2025-01-06,2.3_fed,FOMC_15665,,2025-03-19,72.000000,False,True,,1.019485,1.002443,1.017000,,True,6,6
2025-01-07,2.3_fed,FOMC_14220,,2025-01-29,22.000000,True,True,,1.005295,1.000791,1.004500,,True,6,6
2025-01-07,2.3_fed,FOMC_15665,,2025-03-19,71.000000,False,True,,1.035304,1.007105,1.028000,,True,6,6
2025-01-08,2.3_fed,FOMC_14220,,2025-01-29,21.000000,True,True,,1.011594,1.006061,1.005500,,True,6,6
2025-01-08,2.3_fed,FOMC_15665,,2025-03-19,70.000000,False,True,,1.037072,1.010299,1.026500,,True,6,6
2025-01-09,2.3_fed,FOMC_14220,,2025-01-29,20.000000,True,True,,1.010728,1.006200,1.004500,,True,6,6
2025-01-09,2.3_fed,FOMC_15665,,2025-03-19,69.000000,False,True,,1.032952,1.009235,1.023500,,True,6,6
2025-01-10,2.3_fed,FOMC_14220,,2025-01-29,19.000000,True,True,,1.007724,1.004210,1.003500,,True,6,6
2025-01-10,2.3_fed,FOMC_15665,,2025-03-19,68.000000,False,True,,1.044277,1.009451,1.034500,,True,6,6
2025-01-11,2.3_fed,FOMC_14220,,2025-01-29,18.000000,True,True,,1.010180,1.008164,1.002000,,True,6,6
2025-01-11,2.3_fed,FOMC_15665,,2025-03-19,67.000000,False,True,,1.035916,1.027695,1.008000,,True,6,6
2025-01-12,2.3_fed,FOMC_14220,,2025-01-29,17.000000,True,True,,1.011880,1.009861,1.002000,,True,6,6
2025-01-12,2.3_fed,FOMC_15665,,2025-03-19,66.000000,False,True,,1.036149,1.026907,1.009000,,True,6,6
2025-01-13,2.3_fed,FOMC_14220,,2025-01-29,16.000000,True,True,,1.005176,1.004171,1.001000,413203.140518,True,6,6
2025-01-13,2.3_fed,FOMC_15665,,2025-03-19,65.000000,False,True,,1.018663,1.006087,1.012500,,True,6,6
2025-01-14,2.3_fed,FOMC_14220,,2025-01-29,15.000000,True,True,,1.007577,1.004563,1.003000,261273.119860,True,6,6
2025-01-14,2.3_fed,FOMC_15665,,2025-03-19,64.000000,False,True,,1.017566,1.012000,1.005500,,True,6,6
2025-01-15,2.3_fed,FOMC_14220,,2025-01-29,14.000000,True,True,,1.005870,1.003362,1.002500,174439.797550,True,6,6
2025-01-15,2.3_fed,FOMC_15665,,2025-03-19,63.000000,False,True,,1.031096,1.010878,1.020000,,True,6,6
2025-01-16,2.3_fed,FOMC_14220,,2025-01-29,13.000000,True,True,,1.004673,1.002168,1.002500,199921.142577,True,6,6
2025-01-16,2.3_fed,FOMC_15665,,2025-03-19,62.000000,False,True,,1.031956,1.019215,1.012500,,True,6,6
2025-01-17,2.3_fed,FOMC_14220,,2025-01-29,12.000000,True,True,,1.005097,1.002590,1.002500,164861.326946,True,6,6
2025-01-17,2.3_fed,FOMC_15665,,2025-03-19,61.000000,False,True,,1.024971,1.021396,1.003500,,True,6,6
2025-01-18,2.3_fed,FOMC_14220,,2025-01-29,11.000000,True,True,,1.007104,1.004092,1.003000,100694.254493,True,6,6
2025-01-18,2.3_fed,FOMC_15665,,2025-03-19,60.000000,False,True,,1.029209,1.012503,1.016500,,True,6,6
2025-01-19,2.3_fed,FOMC_14220,,2025-01-29,10.000000,True,True,,1.015914,1.004364,1.011500,191085.274656,True,6,6
2025-01-19,2.3_fed,FOMC_15665,,2025-03-19,59.000000,False,True,,1.014610,1.007557,1.007000,,True,6,6
2025-01-20,2.3_fed,FOMC_14220,,2025-01-29,9.000000,True,True,,1.007677,1.004162,1.003500,388210.383651,True,6,6
2025-01-20,2.3_fed,FOMC_15665,,2025-03-19,58.000000,False,True,,1.010207,1.002190,1.008000,,True,6,6
2025-01-21,2.3_fed,FOMC_14220,,2025-01-29,8.000000,True,True,,1.007164,1.005154,1.002000,251737.020032,True,6,6
2025-01-21,2.3_fed,FOMC_15665,,2025-03-19,57.000000,False,True,,1.009646,1.003624,1.006000,,True,6,6
2025-01-22,2.3_fed,FOMC_14220,,2025-01-29,7.000000,True,True,,1.009086,1.008582,1.000500,1294617.799552,True,6,6
2025-01-22,2.3_fed,FOMC_15665,,2025-03-19,56.000000,False,True,,1.019332,1.011744,1.007500,,True,6,6
2025-01-23,2.3_fed,FOMC_14220,,2025-01-29,6.000000,True,True,,1.008298,1.005783,1.002500,445061.359977,True,6,6
2025-01-23,2.3_fed,FOMC_15665,,2025-03-19,55.000000,False,True,,1.018634,1.013566,1.005000,,True,6,6
2025-01-24,2.3_fed,FOMC_14220,,2025-01-29,5.000000,True,True,,1.006397,1.003887,1.002500,763504.724377,True,6,6
2025-01-24,2.3_fed,FOMC_15665,,2025-03-19,54.000000,False,True,,1.020159,1.016601,1.003500,,True,6,6
2025-01-24,2.3_fed,FOMC_17140,,2025-05-07,103.000000,False,True,,1.030930,1.014695,1.016000,10821.178594,True,2,2
2025-01-25,2.3_fed,FOMC_14220,,2025-01-29,4.000000,True,True,,1.002798,1.001297,1.001500,437005.849787,True,6,6
2025-01-25,2.3_fed,FOMC_15665,,2025-03-19,53.000000,False,True,,1.016048,1.014020,1.002000,,True,6,6
2025-01-25,2.3_fed,FOMC_17140,,2025-05-07,102.000000,False,True,,1.027458,1.017285,1.010000,155.567996,True,4,4
2025-01-26,2.3_fed,FOMC_14220,,2025-01-29,3.000000,True,True,,1.002603,1.001101,1.001500,610890.461991,True,6,6
2025-01-26,2.3_fed,FOMC_15665,,2025-03-19,52.000000,False,True,,1.015381,1.004333,1.011000,,True,6,6
2025-01-26,2.3_fed,FOMC_17140,,2025-05-07,101.000000,False,True,,1.021078,1.010469,1.010500,4009.149942,True,6,6
2025-01-27,2.3_fed,FOMC_14220,,2025-01-29,2.000000,True,True,,1.007100,1.004588,1.002500,816435.914551,True,6,6
2025-01-27,2.3_fed,FOMC_15665,,2025-03-19,51.000000,False,True,,1.034562,1.020278,1.014000,,True,6,6
2025-01-27,2.3_fed,FOMC_17140,,2025-05-07,100.000000,False,True,,1.013734,1.005689,1.008000,76867.946316,True,6,6
2025-01-28,2.3_fed,FOMC_14220,,2025-01-29,1.000000,True,True,,1.007989,1.006479,1.001500,959963.300348,True,6,6
2025-01-28,2.3_fed,FOMC_15665,,2025-03-19,50.000000,False,True,,1.043136,1.032808,1.010000,,True,6,6
2025-01-28,2.3_fed,FOMC_17140,,2025-05-07,99.000000,False,True,,1.014712,1.012182,1.002500,1952.338305,True,6,6
2025-01-29,2.3_fed,FOMC_14220,,2025-01-29,0.000000,True,True,,1.010891,1.008873,1.002000,5952594.090966,True,6,6
2025-01-29,2.3_fed,FOMC_15665,,2025-03-19,49.000000,False,True,,1.040209,1.034005,1.006000,,True,6,6
2025-01-29,2.3_fed,FOMC_17140,,2025-05-07,98.000000,False,True,,1.020066,1.012473,1.007500,27772.702414,True,6,6
2025-01-30,2.3_fed,FOMC_15665,,2025-03-19,48.000000,True,True,,1.039600,1.030327,1.009000,,True,6,6
2025-01-30,2.3_fed,FOMC_17140,,2025-05-07,97.000000,False,True,,1.021076,1.019546,1.001500,5590.319990,True,6,6
2025-01-31,2.3_fed,FOMC_15665,,2025-03-19,47.000000,True,True,,1.042729,1.031384,1.011000,,True,6,6
2025-01-31,2.3_fed,FOMC_17140,,2025-05-07,96.000000,False,True,,1.021611,1.017034,1.004500,465.757097,True,6,6
2025-02-01,2.3_fed,FOMC_15665,,2025-03-19,46.000000,True,True,,1.023147,1.016540,1.006500,,True,6,6
2025-02-01,2.3_fed,FOMC_17140,,2025-05-07,95.000000,False,True,,1.016300,1.006238,1.010000,1531.152806,True,6,6
2025-02-02,2.3_fed,FOMC_15665,,2025-03-19,45.000000,True,True,,1.018230,1.008648,1.009500,,True,6,6
2025-02-02,2.3_fed,FOMC_17140,,2025-05-07,94.000000,False,True,,1.016311,1.005751,1.010500,33906.411583,True,6,6
2025-02-03,2.3_fed,FOMC_15665,,2025-03-19,44.000000,True,True,,1.011741,1.007208,1.004500,,True,6,6
2025-02-03,2.3_fed,FOMC_17140,,2025-05-07,93.000000,False,True,,1.017828,1.006754,1.011000,1810.965966,True,6,6
2025-02-04,2.3_fed,FOMC_15665,,2025-03-19,43.000000,True,True,,1.019912,1.008815,1.011000,,True,6,6
2025-02-04,2.3_fed,FOMC_17140,,2025-05-07,92.000000,False,True,,1.013895,1.008349,1.005500,15189.351109,True,6,6
2025-02-05,2.3_fed,FOMC_15665,,2025-03-19,42.000000,True,True,,1.016307,1.009744,1.006500,,True,6,6
2025-02-05,2.3_fed,FOMC_17140,,2025-05-07,91.000000,False,True,,1.012145,1.011639,1.000500,3729.087191,True,6,6
2025-02-06,2.3_fed,FOMC_15665,,2025-03-19,41.000000,True,True,,1.008894,1.006880,1.002000,13132.095627,True,6,6
2025-02-06,2.3_fed,FOMC_17140,,2025-05-07,90.000000,False,True,,1.012165,1.007631,1.004500,19919.544099,True,6,6
2025-02-07,2.3_fed,FOMC_15665,,2025-03-19,40.000000,True,True,,1.010895,1.003369,1.007500,312886.867407,True,6,6
2025-02-07,2.3_fed,FOMC_17140,,2025-05-07,89.000000,False,True,,1.020700,1.011094,1.009500,73015.390181,True,6,6
2025-02-07,2.3_fed,FOMC_17792,,2025-06-18,131.000000,False,False,sem_par_adjacente,,,1.045000,66.030341,True,1,1
2025-02-08,2.3_fed,FOMC_15665,,2025-03-19,39.000000,True,True,,1.018047,1.015508,1.002500,46863.494282,True,6,6
2025-02-08,2.3_fed,FOMC_17140,,2025-05-07,88.000000,False,True,,1.032659,1.022434,1.010000,5422.461671,True,6,6
2025-02-08,2.3_fed,FOMC_17792,,2025-06-18,130.000000,False,True,,1.032314,1.018061,1.014000,236.706598,True,3,3
2025-02-09,2.3_fed,FOMC_15665,,2025-03-19,38.000000,True,True,,1.020784,1.013688,1.007000,50087.058938,True,6,6
2025-02-09,2.3_fed,FOMC_17140,,2025-05-07,87.000000,False,True,,1.027725,1.018053,1.009500,3048.833708,True,6,6
2025-02-09,2.3_fed,FOMC_17792,,2025-06-18,129.000000,False,True,,1.021239,1.011628,1.009500,15.970799,True,5,5
2025-02-10,2.3_fed,FOMC_15665,,2025-03-19,37.000000,True,True,,1.003773,1.002770,1.001000,32382.271556,True,6,6
2025-02-10,2.3_fed,FOMC_17140,,2025-05-07,86.000000,False,True,,1.012478,1.004442,1.008000,1630.850312,True,6,6
2025-02-10,2.3_fed,FOMC_17792,,2025-06-18,128.000000,False,True,,1.018664,1.005592,1.013000,27.706099,True,6,6
2025-02-11,2.3_fed,FOMC_15665,,2025-03-19,36.000000,True,True,,1.011545,1.004514,1.007000,27102.936557,True,6,6
2025-02-11,2.3_fed,FOMC_17140,,2025-05-07,85.000000,False,True,,1.003825,1.001821,1.002000,25936.829463,True,6,6
2025-02-11,2.3_fed,FOMC_17792,,2025-06-18,127.000000,False,True,,1.028921,1.003336,1.025500,1270.053716,True,6,6
2025-02-12,2.3_fed,FOMC_15665,,2025-03-19,35.000000,True,True,,1.011824,1.008797,1.003000,275432.433951,True,6,6
2025-02-12,2.3_fed,FOMC_17140,,2025-05-07,84.000000,False,True,,1.020152,1.009552,1.010500,80364.753347,True,6,6
2025-02-12,2.3_fed,FOMC_17792,,2025-06-18,126.000000,False,True,,1.014221,1.004676,1.009500,51756.787206,True,6,6
2025-02-13,2.3_fed,FOMC_15665,,2025-03-19,34.000000,True,True,,1.012031,1.011020,1.001000,118220.921680,True,6,6
2025-02-13,2.3_fed,FOMC_17140,,2025-05-07,83.000000,False,True,,1.028058,1.022434,1.005500,27298.109377,True,6,6
2025-02-13,2.3_fed,FOMC_17792,,2025-06-18,125.000000,False,True,,1.049795,1.030727,1.018500,25373.210061,True,6,6
2025-02-14,2.3_fed,FOMC_15665,,2025-03-19,33.000000,True,True,,1.010289,1.008272,1.002000,31320.630350,True,6,6
2025-02-14,2.3_fed,FOMC_17140,,2025-05-07,82.000000,False,True,,1.020722,1.016655,1.004000,44838.973666,True,6,6
2025-02-14,2.3_fed,FOMC_17792,,2025-06-18,124.000000,False,True,,1.043157,1.035906,1.007000,55481.662805,True,6,6
2025-02-15,2.3_fed,FOMC_15665,,2025-03-19,32.000000,True,True,,1.004081,1.002578,1.001500,9234.044795,True,6,6
2025-02-15,2.3_fed,FOMC_17140,,2025-05-07,81.000000,False,True,,1.024747,1.014601,1.010000,37367.826996,True,6,6
2025-02-15,2.3_fed,FOMC_17792,,2025-06-18,123.000000,False,True,,1.033205,1.031658,1.001500,924.949311,True,6,6
2025-02-16,2.3_fed,FOMC_15665,,2025-03-19,31.000000,True,True,,1.004967,1.002961,1.002000,207432.091039,True,6,6
2025-02-16,2.3_fed,FOMC_17140,,2025-05-07,80.000000,False,True,,1.015860,1.011813,1.004000,2379.080029,True,6,6
2025-02-16,2.3_fed,FOMC_17792,,2025-06-18,122.000000,False,True,,1.023416,1.015798,1.007500,2037.310083,True,6,6
2025-02-17,2.3_fed,FOMC_15665,,2025-03-19,30.000000,True,True,,1.004278,1.002774,1.001500,93349.982833,True,6,6
2025-02-17,2.3_fed,FOMC_17140,,2025-05-07,79.000000,False,True,,1.015799,1.006738,1.009000,8901.521320,True,6,6
2025-02-17,2.3_fed,FOMC_17792,,2025-06-18,121.000000,False,True,,1.017833,1.008254,1.009500,4433.130248,True,6,6
2025-02-18,2.3_fed,FOMC_15665,,2025-03-19,29.000000,True,True,,1.005298,1.003792,1.001500,218679.043148,True,6,6
2025-02-18,2.3_fed,FOMC_17140,,2025-05-07,78.000000,False,True,,1.014847,1.006792,1.008000,43310.411286,True,6,6
2025-02-18,2.3_fed,FOMC_17792,,2025-06-18,120.000000,False,True,,1.020928,1.011821,1.009000,33257.511369,True,6,6
2025-02-19,2.3_fed,FOMC_15665,,2025-03-19,28.000000,True,True,,1.004363,1.002859,1.001500,36330.775852,True,6,6
2025-02-19,2.3_fed,FOMC_17140,,2025-05-07,77.000000,False,True,,1.010967,1.010462,1.000500,31785.832891,True,6,6
2025-02-19,2.3_fed,FOMC_17792,,2025-06-18,119.000000,False,True,,1.017271,1.015241,1.002000,2961.766099,True,6,6
2025-02-20,2.3_fed,FOMC_15665,,2025-03-19,27.000000,True,True,,1.003070,1.001567,1.001500,111478.692004,True,6,6
2025-02-20,2.3_fed,FOMC_17140,,2025-05-07,76.000000,False,True,,1.018386,1.014328,1.004000,45836.698584,True,6,6
2025-02-20,2.3_fed,FOMC_17792,,2025-06-18,118.000000,False,True,,1.022571,1.016978,1.005500,2950.836424,True,6,6
2025-02-21,2.3_fed,FOMC_15665,,2025-03-19,26.000000,True,True,,1.003856,1.001853,1.002000,106480.869821,True,6,6
2025-02-21,2.3_fed,FOMC_17140,,2025-05-07,75.000000,False,True,,1.022042,1.016452,1.005500,74827.009925,True,6,6
2025-02-21,2.3_fed,FOMC_17792,,2025-06-18,117.000000,False,True,,1.011260,1.010754,1.000500,29015.894305,True,6,6
2025-02-22,2.3_fed,FOMC_15665,,2025-03-19,25.000000,True,True,,1.005969,1.004463,1.001500,78380.722728,True,6,6
2025-02-22,2.3_fed,FOMC_17140,,2025-05-07,74.000000,False,True,,1.032940,1.030364,1.002500,597.024242,True,6,6
2025-02-22,2.3_fed,FOMC_17792,,2025-06-18,116.000000,False,True,,1.027015,1.014336,1.012500,737.682650,True,6,6
2025-02-23,2.3_fed,FOMC_15665,,2025-03-19,24.000000,True,True,,1.004404,1.003902,1.000500,63723.789518,True,6,6
2025-02-23,2.3_fed,FOMC_17140,,2025-05-07,73.000000,False,True,,1.025200,1.021624,1.003500,69147.795429,True,6,6
2025-02-23,2.3_fed,FOMC_17792,,2025-06-18,115.000000,False,True,,1.015836,1.010782,1.005000,3115.705350,True,6,6
2025-02-24,2.3_fed,FOMC_15665,,2025-03-19,23.000000,True,True,,1.005261,1.003255,1.002000,173591.550650,True,6,6
2025-02-24,2.3_fed,FOMC_17140,,2025-05-07,72.000000,False,True,,1.009744,1.005721,1.004000,14866.816027,True,6,6
2025-02-24,2.3_fed,FOMC_17792,,2025-06-18,114.000000,False,True,,1.017727,1.008150,1.009500,6635.130529,True,6,6
2025-02-25,2.3_fed,FOMC_15665,,2025-03-19,22.000000,True,True,,1.003651,1.003651,1.000000,293239.579201,True,6,6
2025-02-25,2.3_fed,FOMC_17140,,2025-05-07,71.000000,False,True,,1.013151,1.007109,1.006000,76669.437953,True,6,6
2025-02-25,2.3_fed,FOMC_17792,,2025-06-18,113.000000,False,True,,1.016420,1.012875,1.003500,26468.585225,True,6,6
2025-02-26,2.3_fed,FOMC_15665,,2025-03-19,21.000000,True,True,,1.004701,1.003196,1.001500,62606.444203,True,6,6
2025-02-26,2.3_fed,FOMC_17140,,2025-05-07,70.000000,False,True,,1.036048,1.021743,1.014000,11271.171523,True,6,6
2025-02-26,2.3_fed,FOMC_17792,,2025-06-18,112.000000,False,True,,1.036866,1.035830,1.001000,3566.702599,True,6,6
2025-02-27,2.3_fed,FOMC_15665,,2025-03-19,20.000000,True,True,,1.005020,1.003515,1.001500,95028.979263,True,6,6
2025-02-27,2.3_fed,FOMC_17140,,2025-05-07,69.000000,False,True,,1.041641,1.027259,1.014000,9718.530581,True,6,6
2025-02-27,2.3_fed,FOMC_17792,,2025-06-18,111.000000,False,True,,1.054903,1.034726,1.019500,27766.934216,True,6,6
2025-02-28,2.3_fed,FOMC_15665,,2025-03-19,19.000000,True,True,,1.005702,1.004697,1.001000,152526.091226,True,6,6
2025-02-28,2.3_fed,FOMC_17140,,2025-05-07,68.000000,False,True,,1.040724,1.033490,1.007000,9123.186331,True,6,6
2025-02-28,2.3_fed,FOMC_17792,,2025-06-18,110.000000,False,True,,1.057140,1.018930,1.037500,9699.731832,True,6,6
2025-03-01,2.3_fed,FOMC_15665,,2025-03-19,18.000000,True,True,,1.005425,1.003418,1.002000,157051.545483,True,6,6
2025-03-01,2.3_fed,FOMC_17140,,2025-05-07,67.000000,False,True,,1.021221,1.018674,1.002500,941.118729,True,6,6
2025-03-01,2.3_fed,FOMC_17792,,2025-06-18,109.000000,False,True,,1.069756,1.016396,1.052500,29298.374005,True,6,6
2025-03-02,2.3_fed,FOMC_15665,,2025-03-19,17.000000,True,True,,1.007594,1.005583,1.002000,131330.191968,True,6,6
2025-03-02,2.3_fed,FOMC_17140,,2025-05-07,66.000000,False,True,,1.031834,1.014586,1.017000,11903.822675,True,6,6
2025-03-02,2.3_fed,FOMC_17792,,2025-06-18,108.000000,False,True,,1.036928,1.014110,1.022500,296.531898,True,6,6
2025-03-03,2.3_fed,FOMC_15665,,2025-03-19,16.000000,True,True,,1.006404,1.004395,1.002000,254812.525741,True,6,6
2025-03-03,2.3_fed,FOMC_17140,,2025-05-07,65.000000,False,True,,1.015834,1.004285,1.011500,58046.369264,True,6,6
2025-03-03,2.3_fed,FOMC_17792,,2025-06-18,107.000000,False,True,,1.008677,1.006664,1.002000,11076.606151,True,6,6
2025-03-04,2.3_fed,FOMC_15665,,2025-03-19,15.000000,True,True,,1.011453,1.007423,1.004000,432717.218225,True,6,6
2025-03-04,2.3_fed,FOMC_17140,,2025-05-07,64.000000,False,True,,1.046065,1.036221,1.009500,45033.984080,True,6,6
2025-03-04,2.3_fed,FOMC_17792,,2025-06-18,106.000000,False,True,,1.037598,1.021761,1.015500,8873.825776,True,6,6
2025-03-05,2.3_fed,FOMC_15665,,2025-03-19,14.000000,True,True,,1.012147,1.011136,1.001000,178589.714104,True,6,6
2025-03-05,2.3_fed,FOMC_17140,,2025-05-07,63.000000,False,True,,1.046475,1.040234,1.006000,57913.159165,True,6,6
2025-03-05,2.3_fed,FOMC_17792,,2025-06-18,105.000000,False,True,,1.030485,1.022814,1.007500,6407.010565,True,6,6
2025-03-06,2.3_fed,FOMC_15665,,2025-03-19,13.000000,True,True,,1.011249,1.010239,1.001000,195581.515413,True,6,6
2025-03-06,2.3_fed,FOMC_17140,,2025-05-07,62.000000,False,True,,1.019571,1.019062,1.000500,76459.371887,True,6,6
2025-03-06,2.3_fed,FOMC_17792,,2025-06-18,104.000000,False,True,,1.019064,1.018555,1.000500,3652.560285,True,6,6
2025-03-07,2.3_fed,FOMC_15665,,2025-03-19,12.000000,True,True,,1.016150,1.014122,1.002000,740829.290409,True,6,6
2025-03-07,2.3_fed,FOMC_17140,,2025-05-07,61.000000,False,True,,1.026773,1.025748,1.001000,21159.264567,True,6,6
2025-03-07,2.3_fed,FOMC_17792,,2025-06-18,103.000000,False,True,,1.040986,1.037356,1.003500,1930.804187,True,6,6
2025-03-08,2.3_fed,FOMC_15665,,2025-03-19,11.000000,True,True,,1.017955,1.016431,1.001500,257563.686431,True,6,6
2025-03-08,2.3_fed,FOMC_17140,,2025-05-07,60.000000,False,True,,1.065578,1.044684,1.020000,619.920856,True,6,6
2025-03-08,2.3_fed,FOMC_17792,,2025-06-18,102.000000,False,True,,1.041243,1.039165,1.002000,549.355326,True,6,6
2025-03-09,2.3_fed,FOMC_15665,,2025-03-19,10.000000,True,True,,1.013933,1.012414,1.001500,407306.160231,True,6,6
2025-03-09,2.3_fed,FOMC_17140,,2025-05-07,59.000000,False,True,,1.064932,1.027927,1.036000,2434.394439,True,6,6
2025-03-09,2.3_fed,FOMC_17792,,2025-06-18,101.000000,False,True,,1.038039,1.020185,1.017500,856.233505,True,6,6
2025-03-10,2.3_fed,FOMC_15665,,2025-03-19,9.000000,True,True,,1.003689,1.002186,1.001500,360809.702352,True,6,6
2025-03-10,2.3_fed,FOMC_17140,,2025-05-07,58.000000,False,True,,1.016063,1.010506,1.005500,77883.147276,True,6,6
2025-03-10,2.3_fed,FOMC_17792,,2025-06-18,100.000000,False,True,,1.007030,1.005020,1.002000,11154.454219,True,6,6
2025-03-11,2.3_fed,FOMC_15665,,2025-03-19,8.000000,True,True,,1.004802,1.003297,1.001500,247958.308196,True,6,6
2025-03-11,2.3_fed,FOMC_17140,,2025-05-07,57.000000,False,True,,1.075832,1.066236,1.009000,21763.404764,True,6,6
2025-03-11,2.3_fed,FOMC_17792,,2025-06-18,99.000000,False,True,,1.032199,1.021474,1.010500,2018.925694,True,6,6
2025-03-12,2.3_fed,FOMC_15665,,2025-03-19,7.000000,True,True,,1.005512,1.003505,1.002000,1260675.449513,True,6,6
2025-03-12,2.3_fed,FOMC_17140,,2025-05-07,56.000000,False,True,,1.075383,1.072701,1.002500,91414.620041,True,6,6
2025-03-12,2.3_fed,FOMC_17792,,2025-06-18,98.000000,False,True,,1.118211,1.029186,1.086500,8613.253273,True,6,6
2025-03-13,2.3_fed,FOMC_15665,,2025-03-19,6.000000,True,True,,1.003886,1.003886,1.000000,1392445.480653,True,6,6
2025-03-13,2.3_fed,FOMC_17140,,2025-05-07,55.000000,False,True,,1.049217,1.049217,1.000000,105998.726200,True,6,6
2025-03-13,2.3_fed,FOMC_17792,,2025-06-18,97.000000,False,True,,1.056286,1.034561,1.021000,8454.235506,True,6,6
2025-03-14,2.3_fed,FOMC_15665,,2025-03-19,5.000000,True,True,,1.005997,1.004491,1.001500,500858.467015,True,6,6
2025-03-14,2.3_fed,FOMC_17140,,2025-05-07,54.000000,False,True,,1.049736,1.039857,1.009500,14251.120480,True,6,6
2025-03-14,2.3_fed,FOMC_17792,,2025-06-18,96.000000,False,True,,1.037763,1.035175,1.002500,1199.350919,True,6,6
2025-03-15,2.3_fed,FOMC_15665,,2025-03-19,4.000000,True,True,,1.003703,1.001700,1.002000,184074.394918,True,6,6
2025-03-15,2.3_fed,FOMC_17140,,2025-05-07,53.000000,False,True,,1.028867,1.024258,1.004500,57391.817989,True,6,6
2025-03-15,2.3_fed,FOMC_17792,,2025-06-18,95.000000,False,True,,1.059135,1.014011,1.044500,1172.976023,True,6,6
2025-03-16,2.3_fed,FOMC_15665,,2025-03-19,3.000000,True,True,,1.002600,1.000599,1.002000,1086844.098704,True,6,6
2025-03-16,2.3_fed,FOMC_17140,,2025-05-07,52.000000,False,True,,1.021841,1.017770,1.004000,6256.711575,True,6,6
2025-03-16,2.3_fed,FOMC_17792,,2025-06-18,94.000000,False,True,,1.050318,1.007983,1.042000,1062.029774,True,6,6
2025-03-17,2.3_fed,FOMC_15665,,2025-03-19,2.000000,True,True,,1.004400,1.001895,1.002500,539886.478189,True,6,6
2025-03-17,2.3_fed,FOMC_17140,,2025-05-07,51.000000,False,True,,1.012863,1.005822,1.007000,52547.443407,True,6,6
2025-03-17,2.3_fed,FOMC_17792,,2025-06-18,93.000000,False,True,,1.025690,1.004102,1.021500,12918.208270,True,6,6
2025-03-18,2.3_fed,FOMC_15665,,2025-03-19,1.000000,True,True,,1.003493,1.002491,1.001000,619694.329080,True,6,6
2025-03-18,2.3_fed,FOMC_17140,,2025-05-07,50.000000,False,True,,1.026524,1.021926,1.004500,18250.310202,True,6,6
2025-03-18,2.3_fed,FOMC_17792,,2025-06-18,92.000000,False,True,,1.040590,1.015210,1.025000,5970.722108,True,6,6
2025-03-19,2.3_fed,FOMC_15665,,2025-03-19,0.000000,True,True,,1.004395,1.002390,1.002000,1008875.048511,True,6,6
2025-03-19,2.3_fed,FOMC_17140,,2025-05-07,49.000000,False,True,,1.031960,1.027337,1.004500,161897.349517,True,6,6
2025-03-19,2.3_fed,FOMC_17792,,2025-06-18,91.000000,False,True,,1.079762,1.025415,1.053000,5959.982717,True,6,6
2025-03-20,2.3_fed,FOMC_17140,,2025-05-07,48.000000,True,True,,1.033396,1.022152,1.011000,317562.008345,True,6,6
2025-03-20,2.3_fed,FOMC_17792,,2025-06-18,90.000000,False,True,,1.032666,1.028551,1.004000,4155.634425,True,6,6
2025-03-20,2.3_fed,FOMC_21255,,2025-07-30,132.000000,False,True,,1.016443,1.007377,1.009000,,True,2,2
2025-03-21,2.3_fed,FOMC_17140,,2025-05-07,47.000000,True,True,,1.032955,1.022727,1.010000,124463.294954,True,6,6
2025-03-21,2.3_fed,FOMC_17792,,2025-06-18,89.000000,False,True,,1.037942,1.033292,1.004500,39423.252052,True,6,6
2025-03-21,2.3_fed,FOMC_21255,,2025-07-30,131.000000,False,True,,1.026305,1.005688,1.020500,,True,4,4
2025-03-22,2.3_fed,FOMC_17140,,2025-05-07,46.000000,True,True,,1.019037,1.015483,1.003500,6843.789541,True,6,6
2025-03-22,2.3_fed,FOMC_17792,,2025-06-18,88.000000,False,True,,1.051860,1.029217,1.022000,396.779982,True,6,6
2025-03-22,2.3_fed,FOMC_21255,,2025-07-30,130.000000,False,True,,1.021173,1.010062,1.011000,,True,6,6
2025-03-23,2.3_fed,FOMC_17140,,2025-05-07,45.000000,True,True,,1.011076,1.004047,1.007000,192105.519416,True,6,6
2025-03-23,2.3_fed,FOMC_17792,,2025-06-18,87.000000,False,True,,1.029585,1.009397,1.020000,521.965093,True,6,6
2025-03-23,2.3_fed,FOMC_21255,,2025-07-30,129.000000,False,True,,1.013802,1.009763,1.004000,,True,6,6
2025-03-24,2.3_fed,FOMC_17140,,2025-05-07,44.000000,True,True,,1.010810,1.004781,1.006000,125465.851364,True,6,6
2025-03-24,2.3_fed,FOMC_17792,,2025-06-18,86.000000,False,True,,1.034638,1.002556,1.032000,6476.084217,True,6,6
2025-03-24,2.3_fed,FOMC_21255,,2025-07-30,128.000000,False,True,,1.011495,1.003965,1.007500,,True,6,6
2025-03-25,2.3_fed,FOMC_17140,,2025-05-07,43.000000,True,True,,1.019358,1.011268,1.008000,17122.854203,True,6,6
2025-03-25,2.3_fed,FOMC_17792,,2025-06-18,85.000000,False,True,,1.049931,1.024823,1.024500,1323.195723,True,6,6
2025-03-25,2.3_fed,FOMC_21255,,2025-07-30,127.000000,False,True,,1.011858,1.002832,1.009000,,True,6,6
2025-03-26,2.3_fed,FOMC_17140,,2025-05-07,42.000000,True,True,,1.019435,1.010843,1.008500,98042.661986,True,6,6
2025-03-26,2.3_fed,FOMC_17792,,2025-06-18,84.000000,False,True,,1.043955,1.028527,1.015000,2199.098599,True,6,6
2025-03-26,2.3_fed,FOMC_21255,,2025-07-30,126.000000,False,True,,1.006352,1.001844,1.004500,,True,6,6
2025-03-27,2.3_fed,FOMC_17140,,2025-05-07,41.000000,True,True,,1.012630,1.008094,1.004500,140383.726005,True,6,6
2025-03-27,2.3_fed,FOMC_17792,,2025-06-18,83.000000,False,True,,1.017481,1.011915,1.005500,349.062192,True,6,6
2025-03-27,2.3_fed,FOMC_21255,,2025-07-30,125.000000,False,True,,1.016078,1.005520,1.010500,,True,6,6
2025-03-28,2.3_fed,FOMC_17140,,2025-05-07,40.000000,True,True,,1.015420,1.008863,1.006500,185877.260410,True,6,6
2025-03-28,2.3_fed,FOMC_17792,,2025-06-18,82.000000,False,True,,1.025600,1.009945,1.015500,12206.257801,True,6,6
2025-03-28,2.3_fed,FOMC_21255,,2025-07-30,124.000000,False,True,,1.009375,1.006356,1.003000,,True,6,6
2025-03-29,2.3_fed,FOMC_17140,,2025-05-07,39.000000,True,True,,1.010838,1.006810,1.004000,31476.844085,True,6,6
2025-03-29,2.3_fed,FOMC_17792,,2025-06-18,81.000000,False,True,,1.023365,1.019288,1.004000,594.837594,True,6,6
2025-03-29,2.3_fed,FOMC_21255,,2025-07-30,123.000000,False,True,,1.016366,1.007300,1.009000,,True,6,6
2025-03-30,2.3_fed,FOMC_17140,,2025-05-07,38.000000,True,True,,1.011656,1.009133,1.002500,59439.702124,True,6,6
2025-03-30,2.3_fed,FOMC_17792,,2025-06-18,80.000000,False,True,,1.018554,1.015001,1.003500,424.195873,True,6,6
2025-03-30,2.3_fed,FOMC_21255,,2025-07-30,122.000000,False,True,,1.015193,1.004644,1.010500,,True,6,6
2025-03-31,2.3_fed,FOMC_17140,,2025-05-07,37.000000,True,True,,1.013459,1.012447,1.001000,63632.073391,True,6,6
2025-03-31,2.3_fed,FOMC_17792,,2025-06-18,79.000000,False,True,,1.004135,1.003132,1.001000,31977.552339,True,6,6
2025-03-31,2.3_fed,FOMC_21255,,2025-07-30,121.000000,False,True,,1.012987,1.002461,1.010500,,True,6,6
2025-04-01,2.3_fed,FOMC_17140,,2025-05-07,36.000000,True,True,,1.018902,1.015348,1.003500,39097.404068,True,6,6
2025-04-01,2.3_fed,FOMC_17792,,2025-06-18,78.000000,False,True,,1.018505,1.010923,1.007500,5413.936347,True,6,6
2025-04-01,2.3_fed,FOMC_21255,,2025-07-30,120.000000,False,True,,1.013195,1.002171,1.011000,,True,6,6
2025-04-02,2.3_fed,FOMC_17140,,2025-05-07,35.000000,True,True,,1.011270,1.010764,1.000500,292374.775887,True,6,6
2025-04-02,2.3_fed,FOMC_17792,,2025-06-18,77.000000,False,True,,1.020240,1.014660,1.005500,14295.765079,True,6,6
2025-04-02,2.3_fed,FOMC_21255,,2025-07-30,119.000000,False,True,,1.048938,1.028370,1.020000,,True,6,6
2025-04-03,2.3_fed,FOMC_17140,,2025-05-07,34.000000,True,True,,1.022541,1.021520,1.001000,301926.559266,True,6,6
2025-04-03,2.3_fed,FOMC_17792,,2025-06-18,76.000000,False,True,,1.061547,1.015834,1.045000,33581.022880,True,6,6
2025-04-03,2.3_fed,FOMC_21255,,2025-07-30,118.000000,False,True,,1.055124,1.054070,1.001000,,True,6,6
2025-04-04,2.3_fed,FOMC_17140,,2025-05-07,33.000000,True,True,,1.067371,1.041845,1.024500,270397.139378,True,6,6
2025-04-04,2.3_fed,FOMC_17792,,2025-06-18,75.000000,False,True,,1.030567,1.026973,1.003500,11048.574192,True,6,6
2025-04-04,2.3_fed,FOMC_21255,,2025-07-30,117.000000,False,True,,1.040117,1.033913,1.006000,,True,6,6
2025-04-05,2.3_fed,FOMC_17140,,2025-05-07,32.000000,True,True,,1.046499,1.043889,1.002500,33192.393170,True,6,6
2025-04-05,2.3_fed,FOMC_17792,,2025-06-18,74.000000,False,True,,1.053086,1.044210,1.008500,2303.920096,True,6,6
2025-04-05,2.3_fed,FOMC_21255,,2025-07-30,116.000000,False,True,,1.050647,1.031056,1.019000,,True,6,6
2025-04-06,2.3_fed,FOMC_17140,,2025-05-07,31.000000,True,True,,1.065287,1.044399,1.020000,180107.012654,True,6,6
2025-04-06,2.3_fed,FOMC_17792,,2025-06-18,73.000000,False,True,,1.027329,1.023236,1.004000,22189.816337,True,6,6
2025-04-06,2.3_fed,FOMC_21255,,2025-07-30,115.000000,False,True,,1.017353,1.006284,1.011000,,True,6,6
2025-04-07,2.3_fed,FOMC_17140,,2025-05-07,30.000000,True,True,,1.083125,1.050558,1.031000,186185.307096,True,6,6
2025-04-07,2.3_fed,FOMC_17792,,2025-06-18,72.000000,False,True,,1.030319,1.023665,1.006500,6429.486085,True,6,6
2025-04-07,2.3_fed,FOMC_21255,,2025-07-30,114.000000,False,True,,1.023176,1.004098,1.019000,,True,6,6
2025-04-08,2.3_fed,FOMC_17140,,2025-05-07,29.000000,True,True,,1.084205,1.066081,1.017000,164139.286769,True,6,6
2025-04-08,2.3_fed,FOMC_17792,,2025-06-18,71.000000,False,True,,1.030596,1.028539,1.002000,8757.114177,True,6,6
2025-04-08,2.3_fed,FOMC_21255,,2025-07-30,113.000000,False,True,,1.043797,1.008987,1.034500,,True,6,6
2025-04-09,2.3_fed,FOMC_17140,,2025-05-07,28.000000,True,True,,1.065281,1.055256,1.009500,277774.267592,True,6,6
2025-04-09,2.3_fed,FOMC_17792,,2025-06-18,70.000000,False,True,,1.033421,1.031873,1.001500,27823.783394,True,6,6
2025-04-09,2.3_fed,FOMC_21255,,2025-07-30,112.000000,False,True,,1.029358,1.010165,1.019000,,True,6,6
2025-04-10,2.3_fed,FOMC_17140,,2025-05-07,27.000000,True,True,,1.074047,1.068172,1.005500,192289.335448,True,6,6
2025-04-10,2.3_fed,FOMC_17792,,2025-06-18,69.000000,False,True,,1.060254,1.056556,1.003500,15273.615620,True,6,6
2025-04-10,2.3_fed,FOMC_21255,,2025-07-30,111.000000,False,True,,1.072418,1.011715,1.060000,,True,6,6
2025-04-11,2.3_fed,FOMC_17140,,2025-05-07,26.000000,True,True,,1.080847,1.074935,1.005500,95724.305875,True,6,6
2025-04-11,2.3_fed,FOMC_17792,,2025-06-18,68.000000,False,True,,1.083091,1.075562,1.007000,5446.053772,True,6,6
2025-04-11,2.3_fed,FOMC_21255,,2025-07-30,110.000000,False,True,,1.033472,1.017196,1.016000,,True,6,6
2025-04-12,2.3_fed,FOMC_17140,,2025-05-07,25.000000,True,True,,1.060410,1.055134,1.005000,162140.653810,True,6,6
2025-04-12,2.3_fed,FOMC_17792,,2025-06-18,67.000000,False,True,,1.046223,1.040501,1.005500,6931.072361,True,6,6
2025-04-12,2.3_fed,FOMC_21255,,2025-07-30,109.000000,False,True,,1.054613,1.019936,1.034000,,True,6,6
2025-04-13,2.3_fed,FOMC_17140,,2025-05-07,24.000000,True,True,,1.057382,1.048470,1.008500,41217.522760,True,6,6
2025-04-13,2.3_fed,FOMC_17792,,2025-06-18,66.000000,False,True,,1.011555,1.010545,1.001000,5025.253519,True,6,6
2025-04-13,2.3_fed,FOMC_21255,,2025-07-30,108.000000,False,True,,1.055883,1.014785,1.040500,,True,6,6
2025-04-14,2.3_fed,FOMC_17140,,2025-05-07,23.000000,True,True,,1.029326,1.026759,1.002500,45117.113188,True,6,6
2025-04-14,2.3_fed,FOMC_17792,,2025-06-18,65.000000,False,True,,1.018291,1.009208,1.009000,5165.234855,True,6,6
2025-04-14,2.3_fed,FOMC_21255,,2025-07-30,107.000000,False,True,,1.047985,1.011568,1.036000,,True,6,6
2025-04-15,2.3_fed,FOMC_17140,,2025-05-07,22.000000,True,True,,1.014735,1.011700,1.003000,14145.067065,True,6,6
2025-04-15,2.3_fed,FOMC_17792,,2025-06-18,64.000000,False,True,,1.006715,1.005207,1.001500,4461.148423,True,6,6
2025-04-15,2.3_fed,FOMC_21255,,2025-07-30,106.000000,False,True,,1.039215,1.006016,1.033000,,True,6,6
2025-04-16,2.3_fed,FOMC_17140,,2025-05-07,21.000000,True,True,,1.013585,1.008543,1.005000,106428.032918,True,6,6
2025-04-16,2.3_fed,FOMC_17792,,2025-06-18,63.000000,False,True,,1.009135,1.006619,1.002500,5028.422049,True,6,6
2025-04-16,2.3_fed,FOMC_21255,,2025-07-30,105.000000,False,True,,1.043766,1.006040,1.037500,,True,6,6
2025-04-17,2.3_fed,FOMC_17140,,2025-05-07,20.000000,True,True,,1.018538,1.013470,1.005000,122538.861601,True,6,6
2025-04-17,2.3_fed,FOMC_17792,,2025-06-18,62.000000,False,True,,1.020315,1.009713,1.010500,15332.323326,True,6,6
2025-04-17,2.3_fed,FOMC_21255,,2025-07-30,104.000000,False,True,,1.019465,1.007874,1.011500,,True,6,6
2025-04-18,2.3_fed,FOMC_17140,,2025-05-07,19.000000,True,True,,1.024747,1.013598,1.011000,134684.804756,True,6,6
2025-04-18,2.3_fed,FOMC_17792,,2025-06-18,61.000000,False,True,,1.019540,1.009445,1.010000,7381.688526,True,6,6
2025-04-18,2.3_fed,FOMC_21255,,2025-07-30,103.000000,False,True,,1.007745,1.007241,1.000500,,True,6,6
2025-04-19,2.3_fed,FOMC_17140,,2025-05-07,18.000000,True,True,,1.007234,1.005726,1.001500,95659.990945,True,6,6
2025-04-19,2.3_fed,FOMC_17792,,2025-06-18,60.000000,False,True,,1.011533,1.009514,1.002000,2365.313541,True,6,6
2025-04-19,2.3_fed,FOMC_21255,,2025-07-30,102.000000,False,True,,1.007756,1.002742,1.005000,,True,6,6
2025-04-20,2.3_fed,FOMC_17140,,2025-05-07,17.000000,True,True,,1.005915,1.004408,1.001500,63992.728601,True,6,6
2025-04-20,2.3_fed,FOMC_17792,,2025-06-18,59.000000,False,True,,1.015858,1.009800,1.006000,6468.000988,True,6,6
2025-04-20,2.3_fed,FOMC_21255,,2025-07-30,101.000000,False,True,,1.010356,1.002337,1.008000,,True,6,6
2025-04-21,2.3_fed,FOMC_17140,,2025-05-07,16.000000,True,True,,1.005738,1.003230,1.002500,304658.123297,True,6,6
2025-04-21,2.3_fed,FOMC_17792,,2025-06-18,58.000000,False,True,,1.024631,1.009488,1.015000,8335.503250,True,6,6
2025-04-21,2.3_fed,FOMC_21255,,2025-07-30,100.000000,False,True,,1.011322,1.006290,1.005000,,True,6,6
2025-04-22,2.3_fed,FOMC_17140,,2025-05-07,15.000000,True,True,,1.013923,1.004879,1.009000,52646.857996,True,6,6
2025-04-22,2.3_fed,FOMC_17792,,2025-06-18,57.000000,False,True,,1.019550,1.014983,1.004500,16667.532171,True,6,6
2025-04-22,2.3_fed,FOMC_21255,,2025-07-30,99.000000,False,True,,1.011367,1.005835,1.005500,,True,6,6
2025-04-23,2.3_fed,FOMC_17140,,2025-05-07,14.000000,True,True,,1.008464,1.005448,1.003000,22733.087688,True,6,6
2025-04-23,2.3_fed,FOMC_17792,,2025-06-18,56.000000,False,True,,1.015924,1.015924,1.000000,2786.823914,True,6,6
2025-04-23,2.3_fed,FOMC_21255,,2025-07-30,98.000000,False,True,,1.003016,1.002515,1.000500,,True,6,6
2025-04-24,2.3_fed,FOMC_17140,,2025-05-07,13.000000,True,True,,1.013365,1.006321,1.007000,48169.368083,True,6,6
2025-04-24,2.3_fed,FOMC_17792,,2025-06-18,55.000000,False,True,,1.017692,1.010618,1.007000,11388.974331,True,6,6
2025-04-24,2.3_fed,FOMC_21255,,2025-07-30,97.000000,False,True,,1.007317,1.006311,1.001000,,True,6,6
2025-04-25,2.3_fed,FOMC_17140,,2025-05-07,12.000000,True,True,,1.013707,1.005662,1.008000,75494.320729,True,6,6
2025-04-25,2.3_fed,FOMC_17792,,2025-06-18,54.000000,False,True,,1.027986,1.012296,1.015500,38279.666365,True,6,6
2025-04-25,2.3_fed,FOMC_21255,,2025-07-30,96.000000,False,True,,1.021833,1.007228,1.014500,,True,6,6
2025-04-26,2.3_fed,FOMC_17140,,2025-05-07,11.000000,True,True,,1.016859,1.010292,1.006500,115071.740051,True,6,6
2025-04-26,2.3_fed,FOMC_17792,,2025-06-18,53.000000,False,True,,1.025909,1.016255,1.009500,12110.799103,True,6,6
2025-04-26,2.3_fed,FOMC_21255,,2025-07-30,95.000000,False,True,,1.023300,1.013670,1.009500,,True,6,6
2025-04-27,2.3_fed,FOMC_17140,,2025-05-07,10.000000,True,True,,1.016311,1.008745,1.007500,47246.058754,True,6,6
2025-04-27,2.3_fed,FOMC_17792,,2025-06-18,52.000000,False,True,,1.040447,1.017552,1.022500,3504.802336,True,6,6
2025-04-27,2.3_fed,FOMC_21255,,2025-07-30,94.000000,False,True,,1.015218,1.010167,1.005000,,True,6,6
2025-04-28,2.3_fed,FOMC_17140,,2025-05-07,9.000000,True,True,,1.014781,1.006727,1.008000,71220.242172,True,6,6
2025-04-28,2.3_fed,FOMC_17792,,2025-06-18,51.000000,False,True,,1.023134,1.009505,1.013500,25062.473122,True,6,6
2025-04-28,2.3_fed,FOMC_21255,,2025-07-30,93.000000,False,True,,1.009846,1.004822,1.005000,,True,6,6
2025-04-29,2.3_fed,FOMC_17140,,2025-05-07,8.000000,True,True,,1.014339,1.008791,1.005500,199115.651466,True,6,6
2025-04-29,2.3_fed,FOMC_17792,,2025-06-18,50.000000,False,True,,1.013789,1.007743,1.006000,32970.598057,True,6,6
2025-04-29,2.3_fed,FOMC_21255,,2025-07-30,92.000000,False,True,,1.020053,1.011456,1.008500,,True,6,6
2025-04-30,2.3_fed,FOMC_17140,,2025-05-07,7.000000,True,True,,1.017925,1.016908,1.001000,304588.005769,True,6,6
2025-04-30,2.3_fed,FOMC_17792,,2025-06-18,49.000000,False,True,,1.009983,1.006962,1.003000,20399.786909,True,6,6
2025-04-30,2.3_fed,FOMC_21255,,2025-07-30,91.000000,False,True,,1.027457,1.017284,1.010000,,True,6,6
2025-05-01,2.3_fed,FOMC_17140,,2025-05-07,6.000000,True,True,,1.026419,1.019790,1.006500,268179.296530,True,6,6
2025-05-01,2.3_fed,FOMC_17792,,2025-06-18,48.000000,False,True,,1.020930,1.012325,1.008500,6227.221348,True,6,6
2025-05-01,2.3_fed,FOMC_21255,,2025-07-30,90.000000,False,True,,1.021065,1.012961,1.008000,,True,6,6
2025-05-02,2.3_fed,FOMC_17140,,2025-05-07,5.000000,True,True,,1.016656,1.011598,1.005000,2241550.610216,True,6,6
2025-05-02,2.3_fed,FOMC_17792,,2025-06-18,47.000000,False,True,,1.027335,1.019182,1.008000,33917.775429,True,6,6
2025-05-02,2.3_fed,FOMC_21255,,2025-07-30,89.000000,False,True,,1.017299,1.011734,1.005500,,True,6,6
2025-05-03,2.3_fed,FOMC_17140,,2025-05-07,4.000000,True,True,,1.015139,1.013113,1.002000,1418456.479542,True,6,6
2025-05-03,2.3_fed,FOMC_17792,,2025-06-18,46.000000,False,True,,1.064650,1.055154,1.009000,27656.266888,True,6,6
2025-05-03,2.3_fed,FOMC_21255,,2025-07-30,88.000000,False,True,,1.037540,1.022710,1.014500,,True,6,6
2025-05-04,2.3_fed,FOMC_17140,,2025-05-07,3.000000,True,True,,1.011764,1.010248,1.001500,559590.544270,True,6,6
2025-05-04,2.3_fed,FOMC_17792,,2025-06-18,45.000000,False,True,,1.061259,1.050751,1.010000,26957.933135,True,6,6
2025-05-04,2.3_fed,FOMC_21255,,2025-07-30,87.000000,False,True,,1.025725,1.021638,1.004000,,True,6,6
2025-05-05,2.3_fed,FOMC_17140,,2025-05-07,2.000000,True,True,,1.004997,1.003993,1.001000,592520.565957,True,6,6
2025-05-05,2.3_fed,FOMC_17792,,2025-06-18,44.000000,False,True,,1.013309,1.012802,1.000500,30080.374561,True,6,6
2025-05-05,2.3_fed,FOMC_21255,,2025-07-30,86.000000,False,True,,1.010447,1.009942,1.000500,,True,6,6
2025-05-06,2.3_fed,FOMC_17140,,2025-05-07,1.000000,True,True,,1.003892,1.003391,1.000500,933111.329001,True,6,6
2025-05-06,2.3_fed,FOMC_17792,,2025-06-18,43.000000,False,True,,1.018807,1.018807,1.000000,32718.275244,True,6,6
2025-05-06,2.3_fed,FOMC_21255,,2025-07-30,85.000000,False,True,,1.016019,1.009959,1.006000,,True,6,6
2025-05-07,2.3_fed,FOMC_17140,,2025-05-07,0.000000,True,True,,1.003284,1.003284,1.000000,3218929.017309,True,6,6
2025-05-07,2.3_fed,FOMC_17792,,2025-06-18,42.000000,False,True,,1.028410,1.019237,1.009000,153575.533515,True,6,6
2025-05-07,2.3_fed,FOMC_21255,,2025-07-30,84.000000,False,True,,1.020070,1.005490,1.014500,,True,6,6
2025-05-08,2.3_fed,FOMC_17792,,2025-06-18,41.000000,True,True,,1.032591,1.030530,1.002000,101591.005359,True,6,6
2025-05-08,2.3_fed,FOMC_21255,,2025-07-30,83.000000,False,True,,1.022243,1.014130,1.008000,,True,6,6
2025-05-08,2.3_fed,FOMC_24087,,2025-09-17,132.000000,False,True,,1.107633,1.091264,1.015000,,True,2,2
2025-05-09,2.3_fed,FOMC_17792,,2025-06-18,40.000000,True,True,,1.037663,1.036626,1.001000,127899.386027,True,6,6
2025-05-09,2.3_fed,FOMC_21255,,2025-07-30,82.000000,False,True,,1.022695,1.016091,1.006500,,True,6,6
2025-05-09,2.3_fed,FOMC_24087,,2025-09-17,131.000000,False,True,,1.062390,1.046689,1.015000,,True,4,4
2025-05-10,2.3_fed,FOMC_17792,,2025-06-18,39.000000,True,True,,1.022813,1.018738,1.004000,46820.238603,True,6,6
2025-05-10,2.3_fed,FOMC_21255,,2025-07-30,81.000000,False,True,,1.052024,1.039036,1.012500,,True,6,6
2025-05-10,2.3_fed,FOMC_24087,,2025-09-17,130.000000,False,True,,1.040477,1.033758,1.006500,,True,6,6
2025-05-11,2.3_fed,FOMC_17792,,2025-06-18,38.000000,True,True,,1.012465,1.008934,1.003500,136742.456693,True,6,6
2025-05-11,2.3_fed,FOMC_21255,,2025-07-30,80.000000,False,True,,1.046931,1.035540,1.011000,,True,6,6
2025-05-11,2.3_fed,FOMC_24087,,2025-09-17,129.000000,False,True,,1.031722,1.017979,1.013500,,True,6,6
2025-05-12,2.3_fed,FOMC_17792,,2025-06-18,37.000000,True,True,,1.011385,1.007857,1.003500,405755.588855,True,6,6
2025-05-12,2.3_fed,FOMC_21255,,2025-07-30,79.000000,False,True,,1.045361,1.036550,1.008500,,True,6,6
2025-05-12,2.3_fed,FOMC_24087,,2025-09-17,128.000000,False,True,,1.030406,1.022736,1.007500,,True,6,6
2025-05-13,2.3_fed,FOMC_17792,,2025-06-18,36.000000,True,True,,1.017097,1.010529,1.006500,111380.173414,True,6,6
2025-05-13,2.3_fed,FOMC_21255,,2025-07-30,78.000000,False,True,,1.027824,1.027824,1.000000,,True,6,6
2025-05-13,2.3_fed,FOMC_24087,,2025-09-17,127.000000,False,True,,1.043170,1.028260,1.014500,,True,6,6
2025-05-14,2.3_fed,FOMC_17792,,2025-06-18,35.000000,True,True,,1.011172,1.010162,1.001000,60563.650846,True,6,6
2025-05-14,2.3_fed,FOMC_21255,,2025-07-30,77.000000,False,True,,1.035979,1.027757,1.008000,,True,6,6
2025-05-14,2.3_fed,FOMC_24087,,2025-09-17,126.000000,False,True,,1.029073,1.028558,1.000500,,True,6,6
2025-05-15,2.3_fed,FOMC_17792,,2025-06-18,34.000000,True,True,,1.011373,1.003346,1.008000,117903.235313,True,6,6
2025-05-15,2.3_fed,FOMC_21255,,2025-07-30,76.000000,False,True,,1.018444,1.014892,1.003500,,True,6,6
2025-05-15,2.3_fed,FOMC_24087,,2025-09-17,125.000000,False,True,,1.020055,1.013468,1.006500,,True,6,6
2025-05-16,2.3_fed,FOMC_17792,,2025-06-18,33.000000,True,True,,1.009193,1.003174,1.006000,71915.538561,True,6,6
2025-05-16,2.3_fed,FOMC_21255,,2025-07-30,75.000000,False,True,,1.015290,1.013263,1.002000,,True,6,6
2025-05-16,2.3_fed,FOMC_24087,,2025-09-17,124.000000,False,True,,1.016256,1.008191,1.008000,,True,6,6
2025-05-17,2.3_fed,FOMC_17792,,2025-06-18,32.000000,True,True,,1.010984,1.004954,1.006000,94686.156612,True,6,6
2025-05-17,2.3_fed,FOMC_21255,,2025-07-30,74.000000,False,True,,1.010130,1.004106,1.006000,,True,6,6
2025-05-17,2.3_fed,FOMC_24087,,2025-09-17,123.000000,False,True,,1.009568,1.005045,1.004500,,True,6,6
2025-05-18,2.3_fed,FOMC_17792,,2025-06-18,31.000000,True,True,,1.014171,1.008122,1.006000,56044.226831,True,6,6
2025-05-18,2.3_fed,FOMC_21255,,2025-07-30,73.000000,False,True,,1.010564,1.007542,1.003000,,True,6,6
2025-05-18,2.3_fed,FOMC_24087,,2025-09-17,122.000000,False,True,,1.012664,1.005625,1.007000,,True,6,6
2025-05-19,2.3_fed,FOMC_17792,,2025-06-18,30.000000,True,True,,1.012970,1.006929,1.006000,123396.061004,True,6,6
2025-05-19,2.3_fed,FOMC_21255,,2025-07-30,72.000000,False,True,,1.020361,1.009759,1.010500,,True,6,6
2025-05-19,2.3_fed,FOMC_24087,,2025-09-17,121.000000,False,True,,1.017463,1.009889,1.007500,,True,6,6
2025-05-20,2.3_fed,FOMC_17792,,2025-06-18,29.000000,True,True,,1.013553,1.007508,1.006000,238036.073793,True,6,6
2025-05-20,2.3_fed,FOMC_21255,,2025-07-30,71.000000,False,True,,1.017689,1.012626,1.005000,,True,6,6
2025-05-20,2.3_fed,FOMC_24087,,2025-09-17,120.000000,False,True,,1.020749,1.015671,1.005000,,True,6,6
2025-05-21,2.3_fed,FOMC_17792,,2025-06-18,28.000000,True,True,,1.017787,1.012219,1.005500,139350.086012,True,6,6
2025-05-21,2.3_fed,FOMC_21255,,2025-07-30,70.000000,False,True,,1.018264,1.012695,1.005500,,True,6,6
2025-05-21,2.3_fed,FOMC_24087,,2025-09-17,119.000000,False,True,,1.018188,1.012619,1.005500,,True,6,6
2025-05-22,2.3_fed,FOMC_17792,,2025-06-18,27.000000,True,True,,1.017222,1.012161,1.005000,42460.524978,True,6,6
2025-05-22,2.3_fed,FOMC_21255,,2025-07-30,69.000000,False,True,,1.017858,1.011787,1.006000,,True,6,6
2025-05-22,2.3_fed,FOMC_24087,,2025-09-17,118.000000,False,True,,1.020218,1.010617,1.009500,,True,6,6
2025-05-23,2.3_fed,FOMC_17792,,2025-06-18,26.000000,True,True,,1.013792,1.008748,1.005000,104415.132659,True,6,6
2025-05-23,2.3_fed,FOMC_21255,,2025-07-30,68.000000,False,True,,1.016825,1.007755,1.009000,,True,6,6
2025-05-23,2.3_fed,FOMC_24087,,2025-09-17,117.000000,False,True,,1.035621,1.022331,1.013000,,True,6,6
2025-05-24,2.3_fed,FOMC_17792,,2025-06-18,25.000000,True,True,,1.009065,1.004045,1.005000,37397.162208,True,6,6
2025-05-24,2.3_fed,FOMC_21255,,2025-07-30,67.000000,False,True,,1.007948,1.003932,1.004000,,True,6,6
2025-05-24,2.3_fed,FOMC_24087,,2025-09-17,116.000000,False,True,,1.027571,1.022968,1.004500,,True,6,6
2025-05-25,2.3_fed,FOMC_17792,,2025-06-18,24.000000,True,True,,1.002587,1.001586,1.001000,25024.021808,True,6,6
2025-05-25,2.3_fed,FOMC_21255,,2025-07-30,66.000000,False,True,,1.007966,1.006456,1.001500,,True,6,6
2025-05-25,2.3_fed,FOMC_24087,,2025-09-17,115.000000,False,True,,1.019306,1.012220,1.007000,,True,6,6
2025-05-26,2.3_fed,FOMC_17792,,2025-06-18,23.000000,True,True,,1.011444,1.004413,1.007000,51052.397793,True,6,6
2025-05-26,2.3_fed,FOMC_21255,,2025-07-30,65.000000,False,True,,1.010011,1.007995,1.002000,,True,6,6
2025-05-26,2.3_fed,FOMC_24087,,2025-09-17,114.000000,False,True,,1.021093,1.020073,1.001000,,True,6,6
2025-05-27,2.3_fed,FOMC_17792,,2025-06-18,22.000000,True,True,,1.007491,1.004477,1.003000,125034.908336,True,6,6
2025-05-27,2.3_fed,FOMC_21255,,2025-07-30,64.000000,False,True,,1.013452,1.008912,1.004500,,True,6,6
2025-05-27,2.3_fed,FOMC_24087,,2025-09-17,113.000000,False,True,,1.034763,1.024011,1.010500,,True,6,6
2025-05-28,2.3_fed,FOMC_17792,,2025-06-18,21.000000,True,True,,1.005650,1.004646,1.001000,51675.373190,True,6,6
2025-05-28,2.3_fed,FOMC_21255,,2025-07-30,63.000000,False,True,,1.014233,1.004689,1.009500,,True,6,6
2025-05-28,2.3_fed,FOMC_24087,,2025-09-17,112.000000,False,True,,1.023039,1.012910,1.010000,,True,6,6
2025-05-29,2.3_fed,FOMC_17792,,2025-06-18,20.000000,True,True,,1.005084,1.004581,1.000500,192971.440944,True,6,6
2025-05-29,2.3_fed,FOMC_21255,,2025-07-30,62.000000,False,True,,1.009375,1.005354,1.004000,,True,6,6
2025-05-29,2.3_fed,FOMC_24087,,2025-09-17,111.000000,False,True,,1.025771,1.016118,1.009500,,True,6,6
2025-05-30,2.3_fed,FOMC_17792,,2025-06-18,19.000000,True,True,,1.009442,1.003422,1.006000,193424.196906,True,6,6
2025-05-30,2.3_fed,FOMC_21255,,2025-07-30,61.000000,False,True,,1.019820,1.009223,1.010500,,True,6,6
2025-05-30,2.3_fed,FOMC_24087,,2025-09-17,110.000000,False,True,,1.019887,1.012797,1.007000,,True,6,6
2025-05-31,2.3_fed,FOMC_17792,,2025-06-18,18.000000,True,True,,1.009278,1.003258,1.006000,38435.248635,True,6,6
2025-05-31,2.3_fed,FOMC_21255,,2025-07-30,60.000000,False,True,,1.014270,1.010229,1.004000,,True,6,6
2025-05-31,2.3_fed,FOMC_24087,,2025-09-17,109.000000,False,True,,1.021675,1.018619,1.003000,,True,6,6
2025-06-01,2.3_fed,FOMC_17792,,2025-06-18,17.000000,True,True,,1.002649,1.001147,1.001500,242309.986544,True,6,6
2025-06-01,2.3_fed,FOMC_21255,,2025-07-30,59.000000,False,True,,1.012436,1.007399,1.005000,,True,6,6
2025-06-01,2.3_fed,FOMC_24087,,2025-09-17,108.000000,False,True,,1.018216,1.014159,1.004000,,True,6,6
2025-06-02,2.3_fed,FOMC_17792,,2025-06-18,16.000000,True,True,,1.004726,1.002721,1.002000,601468.985321,True,6,6
2025-06-02,2.3_fed,FOMC_21255,,2025-07-30,58.000000,False,True,,1.016662,1.013621,1.003000,,True,6,6
2025-06-02,2.3_fed,FOMC_24087,,2025-09-17,107.000000,False,True,,1.016193,1.003648,1.012500,,True,6,6
2025-06-03,2.3_fed,FOMC_17792,,2025-06-18,15.000000,True,True,,1.007310,1.004297,1.003000,555760.254620,True,6,6
2025-06-03,2.3_fed,FOMC_21255,,2025-07-30,57.000000,False,True,,1.015246,1.015246,1.000000,,True,6,6
2025-06-03,2.3_fed,FOMC_24087,,2025-09-17,106.000000,False,True,,1.013346,1.004307,1.009000,,True,6,6
2025-06-04,2.3_fed,FOMC_17792,,2025-06-18,14.000000,True,True,,1.006805,1.004795,1.002000,823559.220610,True,6,6
2025-06-04,2.3_fed,FOMC_21255,,2025-07-30,56.000000,False,True,,1.025052,1.020968,1.004000,,True,6,6
2025-06-04,2.3_fed,FOMC_24087,,2025-09-17,105.000000,False,True,,1.015038,1.008483,1.006500,,True,6,6
2025-06-05,2.3_fed,FOMC_17792,,2025-06-18,13.000000,True,True,,1.007599,1.006090,1.001500,480501.258985,True,6,6
2025-06-05,2.3_fed,FOMC_21255,,2025-07-30,55.000000,False,True,,1.025298,1.020197,1.005000,,True,6,6
2025-06-05,2.3_fed,FOMC_24087,,2025-09-17,104.000000,False,True,,1.018834,1.016801,1.002000,,True,6,6
2025-06-06,2.3_fed,FOMC_17792,,2025-06-18,12.000000,True,True,,1.006779,1.004769,1.002000,1021807.657360,True,6,6
2025-06-06,2.3_fed,FOMC_21255,,2025-07-30,54.000000,False,True,,1.021617,1.017547,1.004000,,True,6,6
2025-06-06,2.3_fed,FOMC_24087,,2025-09-17,103.000000,False,True,,1.044965,1.040284,1.004500,,True,6,6
2025-06-07,2.3_fed,FOMC_17792,,2025-06-18,11.000000,True,True,,1.005169,1.004164,1.001000,453714.156876,True,6,6
2025-06-07,2.3_fed,FOMC_21255,,2025-07-30,53.000000,False,True,,1.029820,1.027252,1.002500,,True,6,6
2025-06-07,2.3_fed,FOMC_24087,,2025-09-17,102.000000,False,True,,1.062797,1.051234,1.011000,,True,6,6
2025-06-08,2.3_fed,FOMC_17792,,2025-06-18,10.000000,True,True,,1.005105,1.003600,1.001500,539261.126810,True,6,6
2025-06-08,2.3_fed,FOMC_21255,,2025-07-30,52.000000,False,True,,1.031999,1.025335,1.006500,,True,6,6
2025-06-08,2.3_fed,FOMC_24087,,2025-09-17,101.000000,False,True,,1.045596,1.034220,1.011000,,True,6,6
2025-06-09,2.3_fed,FOMC_17792,,2025-06-18,9.000000,True,True,,1.003705,1.001702,1.002000,474738.153756,True,6,6
2025-06-09,2.3_fed,FOMC_21255,,2025-07-30,51.000000,False,True,,1.014709,1.003668,1.011000,,True,6,6
2025-06-09,2.3_fed,FOMC_24087,,2025-09-17,100.000000,False,True,,1.024157,1.013014,1.011000,,True,6,6
2025-06-10,2.3_fed,FOMC_17792,,2025-06-18,8.000000,True,True,,1.004882,1.002876,1.002000,666727.346145,True,6,6
2025-06-10,2.3_fed,FOMC_21255,,2025-07-30,50.000000,False,True,,1.015404,1.007845,1.007500,,True,6,6
2025-06-10,2.3_fed,FOMC_24087,,2025-09-17,99.000000,False,True,,1.016378,1.007312,1.009000,,True,6,6
2025-06-11,2.3_fed,FOMC_17792,,2025-06-18,7.000000,True,True,,1.004984,1.002978,1.002000,2343569.310357,True,6,6
2025-06-11,2.3_fed,FOMC_21255,,2025-07-30,49.000000,False,True,,1.017404,1.013855,1.003500,,True,6,6
2025-06-11,2.3_fed,FOMC_24087,,2025-09-17,98.000000,False,True,,1.009007,1.007496,1.001500,,True,6,6
2025-06-12,2.3_fed,FOMC_17792,,2025-06-18,6.000000,True,True,,1.004888,1.002882,1.002000,577769.792515,True,6,6
2025-06-12,2.3_fed,FOMC_21255,,2025-07-30,48.000000,False,True,,1.025612,1.020509,1.005000,,True,6,6
2025-06-12,2.3_fed,FOMC_24087,,2025-09-17,97.000000,False,True,,1.020475,1.015398,1.005000,,True,6,6
2025-06-13,2.3_fed,FOMC_17792,,2025-06-18,5.000000,True,True,,1.004385,1.003883,1.000500,1000109.037748,True,6,6
2025-06-13,2.3_fed,FOMC_21255,,2025-07-30,47.000000,False,True,,1.041981,1.036281,1.005500,,True,6,6
2025-06-13,2.3_fed,FOMC_24087,,2025-09-17,96.000000,False,True,,1.027317,1.020175,1.007000,,True,6,6
2025-06-14,2.3_fed,FOMC_17792,,2025-06-18,4.000000,True,True,,1.006092,1.004084,1.002000,422165.857365,True,6,6
2025-06-14,2.3_fed,FOMC_21255,,2025-07-30,46.000000,False,True,,1.034847,1.030724,1.004000,,True,6,6
2025-06-14,2.3_fed,FOMC_24087,,2025-09-17,95.000000,False,True,,1.021448,1.010834,1.010500,,True,6,6
2025-06-15,2.3_fed,FOMC_17792,,2025-06-18,3.000000,True,True,,1.003498,1.002496,1.001000,712397.287824,True,6,6
2025-06-15,2.3_fed,FOMC_21255,,2025-07-30,45.000000,False,True,,1.019775,1.017739,1.002000,,True,6,6
2025-06-15,2.3_fed,FOMC_24087,,2025-09-17,94.000000,False,True,,1.016242,1.006180,1.010000,,True,6,6
2025-06-16,2.3_fed,FOMC_17792,,2025-06-18,2.000000,True,True,,1.002910,1.001407,1.001500,1368066.747717,True,6,6
2025-06-16,2.3_fed,FOMC_21255,,2025-07-30,44.000000,False,True,,1.013576,1.011553,1.002000,,True,6,6
2025-06-16,2.3_fed,FOMC_24087,,2025-09-17,93.000000,False,True,,1.015424,1.009368,1.006000,,True,6,6
2025-06-17,2.3_fed,FOMC_17792,,2025-06-18,1.000000,True,True,,1.003494,1.002492,1.001000,1571008.366291,True,6,6
2025-06-17,2.3_fed,FOMC_21255,,2025-07-30,43.000000,False,True,,1.034308,1.027118,1.007000,,True,6,6
2025-06-17,2.3_fed,FOMC_24087,,2025-09-17,92.000000,False,True,,1.014414,1.010373,1.004000,,True,6,6
2025-06-18,2.3_fed,FOMC_17792,,2025-06-18,0.000000,True,True,,1.003385,1.002883,1.000500,2382156.821302,True,6,6
2025-06-18,2.3_fed,FOMC_21255,,2025-07-30,42.000000,False,True,,1.044184,1.035897,1.008000,,True,6,6
2025-06-18,2.3_fed,FOMC_24087,,2025-09-17,91.000000,False,True,,1.012723,1.011711,1.001000,,True,6,6
2025-06-19,2.3_fed,FOMC_21255,,2025-07-30,41.000000,True,True,,1.058321,1.051486,1.006500,,True,6,6
2025-06-19,2.3_fed,FOMC_24087,,2025-09-17,90.000000,False,True,,1.027895,1.019737,1.008000,,True,6,6
2025-06-20,2.3_fed,FOMC_21255,,2025-07-30,40.000000,True,True,,1.038214,1.035625,1.002500,,True,6,6
2025-06-20,2.3_fed,FOMC_24087,,2025-09-17,89.000000,False,True,,1.040318,1.038241,1.002000,,True,6,6
2025-06-20,2.3_fed,FOMC_27824,,2025-10-31,133.000000,False,True,,1.119411,1.094244,1.023000,,True,2,2
2025-06-21,2.3_fed,FOMC_21255,,2025-07-30,39.000000,True,True,,1.029237,1.021575,1.007500,,True,6,6
2025-06-21,2.3_fed,FOMC_24087,,2025-09-17,88.000000,False,True,,1.049480,1.041150,1.008000,,True,6,6
2025-06-21,2.3_fed,FOMC_27824,,2025-10-31,132.000000,False,True,,1.053376,1.047094,1.006000,,True,4,4
2025-06-22,2.3_fed,FOMC_21255,,2025-07-30,38.000000,True,True,,1.028717,1.020552,1.008000,,True,6,6
2025-06-22,2.3_fed,FOMC_24087,,2025-09-17,87.000000,False,True,,1.043360,1.033030,1.010000,,True,6,6
2025-06-22,2.3_fed,FOMC_27824,,2025-10-31,131.000000,False,True,,1.041053,1.030745,1.010000,,True,6,6
2025-06-23,2.3_fed,FOMC_21255,,2025-07-30,37.000000,True,True,,1.012737,1.009708,1.003000,,True,6,6
2025-06-23,2.3_fed,FOMC_24087,,2025-09-17,86.000000,False,True,,1.024257,1.019162,1.005000,,True,6,6
2025-06-23,2.3_fed,FOMC_27824,,2025-10-31,130.000000,False,True,,1.018762,1.007677,1.011000,,True,6,6
2025-06-24,2.3_fed,FOMC_21255,,2025-07-30,36.000000,True,True,,1.024046,1.020983,1.003000,,True,6,6
2025-06-24,2.3_fed,FOMC_24087,,2025-09-17,85.000000,False,True,,1.025627,1.021541,1.004000,,True,6,6
2025-06-24,2.3_fed,FOMC_27824,,2025-10-31,129.000000,False,True,,1.060111,1.011556,1.048000,,True,6,6
2025-06-25,2.3_fed,FOMC_21255,,2025-07-30,35.000000,True,True,,1.028179,1.026639,1.001500,,True,6,6
2025-06-25,2.3_fed,FOMC_24087,,2025-09-17,84.000000,False,True,,1.036833,1.031675,1.005000,,True,6,6
2025-06-25,2.3_fed,FOMC_27824,,2025-10-31,128.000000,False,True,,1.024556,1.016929,1.007500,,True,6,6
2025-06-26,2.3_fed,FOMC_21255,,2025-07-30,34.000000,True,True,,1.030514,1.025898,1.004500,,True,6,6
2025-06-26,2.3_fed,FOMC_24087,,2025-09-17,83.000000,False,True,,1.056576,1.039937,1.016000,,True,6,6
2025-06-26,2.3_fed,FOMC_27824,,2025-10-31,127.000000,False,True,,1.022848,1.015738,1.007000,,True,6,6
2025-06-27,2.3_fed,FOMC_21255,,2025-07-30,33.000000,True,True,,1.021288,1.021288,1.000000,,True,6,6
2025-06-27,2.3_fed,FOMC_24087,,2025-09-17,82.000000,False,True,,1.045308,1.040625,1.004500,,True,6,6
2025-06-27,2.3_fed,FOMC_27824,,2025-10-31,126.000000,False,True,,1.041251,1.015359,1.025500,,True,6,6
2025-06-28,2.3_fed,FOMC_21255,,2025-07-30,32.000000,True,True,,1.022704,1.019645,1.003000,,True,6,6
2025-06-28,2.3_fed,FOMC_24087,,2025-09-17,81.000000,False,True,,1.029718,1.024086,1.005500,,True,6,6
2025-06-28,2.3_fed,FOMC_27824,,2025-10-31,125.000000,False,True,,1.032949,1.020700,1.012000,,True,6,6
2025-06-29,2.3_fed,FOMC_21255,,2025-07-30,31.000000,True,True,,1.024242,1.018133,1.006000,,True,6,6
2025-06-29,2.3_fed,FOMC_24087,,2025-09-17,80.000000,False,True,,1.028067,1.014874,1.013000,,True,6,6
2025-06-29,2.3_fed,FOMC_27824,,2025-10-31,124.000000,False,True,,1.053771,1.020602,1.032500,,True,6,6
2025-06-30,2.3_fed,FOMC_21255,,2025-07-30,30.000000,True,True,,1.012917,1.009887,1.003000,,True,6,6
2025-06-30,2.3_fed,FOMC_24087,,2025-09-17,79.000000,False,True,,1.014743,1.007189,1.007500,,True,6,6
2025-06-30,2.3_fed,FOMC_27824,,2025-10-31,123.000000,False,True,,1.025623,1.007984,1.017500,,True,6,6
2025-07-01,2.3_fed,FOMC_21255,,2025-07-30,29.000000,True,True,,1.011022,1.011022,1.000000,,True,6,6
2025-07-01,2.3_fed,FOMC_24087,,2025-09-17,78.000000,False,True,,1.019048,1.012467,1.006500,,True,6,6
2025-07-01,2.3_fed,FOMC_27824,,2025-10-31,122.000000,False,True,,1.021418,1.007813,1.013500,,True,6,6
2025-07-02,2.3_fed,FOMC_21255,,2025-07-30,28.000000,True,True,,1.019764,1.012675,1.007000,294578.607408,True,6,6
2025-07-02,2.3_fed,FOMC_24087,,2025-09-17,77.000000,False,True,,1.021422,1.014322,1.007000,,True,6,6
2025-07-02,2.3_fed,FOMC_27824,,2025-10-31,121.000000,False,True,,1.033068,1.017801,1.015000,,True,6,6
2025-07-03,2.3_fed,FOMC_21255,,2025-07-30,27.000000,True,True,,1.036809,1.026543,1.010000,655209.921932,True,6,6
2025-07-03,2.3_fed,FOMC_24087,,2025-09-17,76.000000,False,True,,1.023717,1.016601,1.007000,,True,6,6
2025-07-03,2.3_fed,FOMC_27824,,2025-10-31,120.000000,False,True,,1.029069,1.015863,1.013000,,True,6,6
2025-07-04,2.3_fed,FOMC_21255,,2025-07-30,26.000000,True,True,,1.056084,1.054502,1.001500,104685.105194,True,6,6
2025-07-04,2.3_fed,FOMC_24087,,2025-09-17,75.000000,False,True,,1.062111,1.058934,1.003000,,True,6,6
2025-07-04,2.3_fed,FOMC_27824,,2025-10-31,119.000000,False,True,,1.066044,1.024058,1.041000,,True,6,6
2025-07-05,2.3_fed,FOMC_21255,,2025-07-30,25.000000,True,True,,1.058665,1.047147,1.011000,93764.526683,True,6,6
2025-07-05,2.3_fed,FOMC_24087,,2025-09-17,74.000000,False,True,,1.060772,1.056546,1.004000,,True,6,6
2025-07-05,2.3_fed,FOMC_27824,,2025-10-31,118.000000,False,True,,1.030362,1.016637,1.013500,,True,6,6
2025-07-06,2.3_fed,FOMC_21255,,2025-07-30,24.000000,True,True,,1.011532,1.001517,1.010000,83343.397958,True,6,6
2025-07-06,2.3_fed,FOMC_24087,,2025-09-17,73.000000,False,True,,1.029164,1.022010,1.007000,,True,6,6
2025-07-06,2.3_fed,FOMC_27824,,2025-10-31,117.000000,False,True,,1.032456,1.009244,1.023000,,True,6,6
2025-07-07,2.3_fed,FOMC_21255,,2025-07-30,23.000000,True,True,,1.011957,1.001442,1.010500,151009.369386,True,6,6
2025-07-07,2.3_fed,FOMC_24087,,2025-09-17,72.000000,False,True,,1.028120,1.008950,1.019000,,True,6,6
2025-07-07,2.3_fed,FOMC_27824,,2025-10-31,116.000000,False,True,,1.014535,1.006483,1.008000,,True,6,6
2025-07-08,2.3_fed,FOMC_21255,,2025-07-30,22.000000,True,True,,1.003786,1.002784,1.001000,130637.434231,True,6,6
2025-07-08,2.3_fed,FOMC_24087,,2025-09-17,71.000000,False,True,,1.017855,1.005289,1.012500,,True,6,6
2025-07-08,2.3_fed,FOMC_27824,,2025-10-31,115.000000,False,True,,1.008432,1.003914,1.004500,,True,6,6
2025-07-09,2.3_fed,FOMC_21255,,2025-07-30,21.000000,True,True,,1.005448,1.004945,1.000500,1295315.970291,True,6,6
2025-07-09,2.3_fed,FOMC_24087,,2025-09-17,70.000000,False,True,,1.016565,1.011004,1.005500,,True,6,6
2025-07-09,2.3_fed,FOMC_27824,,2025-10-31,114.000000,False,True,,1.018304,1.006726,1.011500,,True,6,6
2025-07-10,2.3_fed,FOMC_21255,,2025-07-30,20.000000,True,True,,1.012098,1.006062,1.006000,233021.373529,True,6,6
2025-07-10,2.3_fed,FOMC_24087,,2025-09-17,69.000000,False,True,,1.020395,1.011293,1.009000,,True,6,6
2025-07-10,2.3_fed,FOMC_27824,,2025-10-31,113.000000,False,True,,1.020369,1.007274,1.013000,,True,6,6
2025-07-11,2.3_fed,FOMC_21255,,2025-07-30,19.000000,True,True,,1.011543,1.006010,1.005500,741433.278812,True,6,6
2025-07-11,2.3_fed,FOMC_24087,,2025-09-17,68.000000,False,True,,1.036676,1.014857,1.021500,,True,6,6
2025-07-11,2.3_fed,FOMC_27824,,2025-10-31,112.000000,False,True,,1.028909,1.004794,1.024000,,True,6,6
2025-07-12,2.3_fed,FOMC_21255,,2025-07-30,18.000000,True,True,,1.010114,1.005589,1.004500,128342.309010,True,6,6
2025-07-12,2.3_fed,FOMC_24087,,2025-09-17,67.000000,False,True,,1.024555,1.017938,1.006500,,True,6,6
2025-07-12,2.3_fed,FOMC_27824,,2025-10-31,111.000000,False,True,,1.015915,1.003373,1.012500,,True,6,6
2025-07-13,2.3_fed,FOMC_21255,,2025-07-30,17.000000,True,True,,1.010496,1.007474,1.003000,889805.411240,True,6,6
2025-07-13,2.3_fed,FOMC_24087,,2025-09-17,66.000000,False,True,,1.024478,1.015843,1.008500,,True,6,6
2025-07-13,2.3_fed,FOMC_27824,,2025-10-31,110.000000,False,True,,1.026562,1.008906,1.017500,,True,6,6
2025-07-14,2.3_fed,FOMC_21255,,2025-07-30,16.000000,True,True,,1.009407,1.007392,1.002000,328079.415480,True,6,6
2025-07-14,2.3_fed,FOMC_24087,,2025-09-17,65.000000,False,True,,1.021742,1.017165,1.004500,,True,6,6
2025-07-14,2.3_fed,FOMC_27824,,2025-10-31,109.000000,False,True,,1.026255,1.011587,1.014500,,True,6,6
2025-07-15,2.3_fed,FOMC_21255,,2025-07-30,15.000000,True,True,,1.011350,1.006819,1.004500,1404277.756006,True,6,6
2025-07-15,2.3_fed,FOMC_24087,,2025-09-17,64.000000,False,True,,1.038290,1.029028,1.009000,,True,6,6
2025-07-15,2.3_fed,FOMC_27824,,2025-10-31,108.000000,False,True,,1.010905,1.008384,1.002500,,True,6,6
2025-07-16,2.3_fed,FOMC_21255,,2025-07-30,14.000000,True,True,,1.011061,1.009043,1.002000,840323.161188,True,6,6
2025-07-16,2.3_fed,FOMC_24087,,2025-09-17,63.000000,False,True,,1.028633,1.026068,1.002500,,True,6,6
2025-07-16,2.3_fed,FOMC_27824,,2025-10-31,107.000000,False,True,,1.013127,1.007085,1.006000,,True,6,6
2025-07-17,2.3_fed,FOMC_21255,,2025-07-30,13.000000,True,True,,1.009008,1.008503,1.000500,583862.143268,True,6,6
2025-07-17,2.3_fed,FOMC_24087,,2025-09-17,62.000000,False,True,,1.058611,1.022318,1.035500,,True,6,6
2025-07-17,2.3_fed,FOMC_27824,,2025-10-31,106.000000,False,True,,1.018183,1.007105,1.011000,,True,6,6
2025-07-18,2.3_fed,FOMC_21255,,2025-07-30,12.000000,True,True,,1.007442,1.004930,1.002500,696276.344315,True,6,6
2025-07-18,2.3_fed,FOMC_24087,,2025-09-17,61.000000,False,True,,1.031306,1.018071,1.013000,,True,6,6
2025-07-18,2.3_fed,FOMC_27824,,2025-10-31,105.000000,False,True,,1.009890,1.008378,1.001500,,True,6,6
2025-07-19,2.3_fed,FOMC_21255,,2025-07-30,11.000000,True,True,,1.013616,1.005073,1.008500,137215.395759,True,6,6
2025-07-19,2.3_fed,FOMC_24087,,2025-09-17,60.000000,False,True,,1.024333,1.022798,1.001500,,True,6,6
2025-07-19,2.3_fed,FOMC_27824,,2025-10-31,104.000000,False,True,,1.018755,1.009168,1.009500,,True,6,6
2025-07-20,2.3_fed,FOMC_21255,,2025-07-30,10.000000,True,True,,1.005238,1.004234,1.001000,888477.434487,True,6,6
2025-07-20,2.3_fed,FOMC_24087,,2025-09-17,59.000000,False,True,,1.015478,1.014971,1.000500,,True,6,6
2025-07-20,2.3_fed,FOMC_27824,,2025-10-31,103.000000,False,True,,1.014935,1.008882,1.006000,,True,6,6
2025-07-21,2.3_fed,FOMC_21255,,2025-07-30,9.000000,True,True,,1.005426,1.004422,1.001000,478275.191324,True,6,6
2025-07-21,2.3_fed,FOMC_24087,,2025-09-17,58.000000,False,True,,1.019321,1.012235,1.007000,,True,6,6
2025-07-21,2.3_fed,FOMC_27824,,2025-10-31,102.000000,False,True,,1.017529,1.009955,1.007500,,True,6,6
2025-07-22,2.3_fed,FOMC_21255,,2025-07-30,8.000000,True,True,,1.004422,1.002918,1.001500,536276.100895,True,6,6
2025-07-22,2.3_fed,FOMC_24087,,2025-09-17,57.000000,False,True,,1.019436,1.017401,1.002000,,True,6,6
2025-07-22,2.3_fed,FOMC_27824,,2025-10-31,101.000000,False,True,,1.010664,1.004137,1.006500,,True,6,6
2025-07-23,2.3_fed,FOMC_21255,,2025-07-30,7.000000,True,True,,1.002690,1.002189,1.000500,870901.594730,True,6,6
2025-07-23,2.3_fed,FOMC_24087,,2025-09-17,56.000000,False,True,,1.023971,1.019892,1.004000,,True,6,6
2025-07-23,2.3_fed,FOMC_27824,,2025-10-31,100.000000,False,True,,1.009652,1.003131,1.006500,,True,6,6
2025-07-24,2.3_fed,FOMC_21255,,2025-07-30,6.000000,True,True,,1.003384,1.003384,1.000000,518593.298930,True,6,6
2025-07-24,2.3_fed,FOMC_24087,,2025-09-17,55.000000,False,True,,1.021076,1.017008,1.004000,,True,6,6
2025-07-24,2.3_fed,FOMC_27824,,2025-10-31,99.000000,False,True,,1.005054,1.004552,1.000500,,True,6,6
2025-07-25,2.3_fed,FOMC_21255,,2025-07-30,5.000000,True,True,,1.005758,1.004753,1.001000,828633.392726,True,6,6
2025-07-25,2.3_fed,FOMC_24087,,2025-09-17,54.000000,False,True,,1.009954,1.007938,1.002000,,True,6,6
2025-07-25,2.3_fed,FOMC_27824,,2025-10-31,98.000000,False,True,,1.009052,1.006034,1.003000,,True,6,6
2025-07-26,2.3_fed,FOMC_21255,,2025-07-30,4.000000,True,True,,1.006470,1.005967,1.000500,841391.478107,True,6,6
2025-07-26,2.3_fed,FOMC_24087,,2025-09-17,53.000000,False,True,,1.008547,1.005029,1.003500,,True,6,6
2025-07-26,2.3_fed,FOMC_27824,,2025-10-31,97.000000,False,True,,1.010428,1.004401,1.006000,,True,6,6
2025-07-27,2.3_fed,FOMC_21255,,2025-07-30,3.000000,True,True,,1.005984,1.004979,1.001000,492907.979719,True,6,6
2025-07-27,2.3_fed,FOMC_24087,,2025-09-17,52.000000,False,True,,1.007773,1.005260,1.002500,,True,6,6
2025-07-27,2.3_fed,FOMC_27824,,2025-10-31,96.000000,False,True,,1.006594,1.004083,1.002500,,True,6,6
2025-07-28,2.3_fed,FOMC_21255,,2025-07-30,2.000000,True,True,,1.008241,1.005727,1.002500,1185543.021451,True,6,6
2025-07-28,2.3_fed,FOMC_24087,,2025-09-17,51.000000,False,True,,1.028284,1.028284,1.000000,,True,6,6
2025-07-28,2.3_fed,FOMC_27824,,2025-10-31,95.000000,False,True,,1.008567,1.002053,1.006500,,True,6,6
2025-07-29,2.3_fed,FOMC_21255,,2025-07-30,1.000000,True,True,,1.008166,1.007159,1.001000,1910764.531318,True,6,6
2025-07-29,2.3_fed,FOMC_24087,,2025-09-17,50.000000,False,True,,1.040441,1.032183,1.008000,,True,6,6
2025-07-29,2.3_fed,FOMC_27824,,2025-10-31,94.000000,False,True,,1.008829,1.002314,1.006500,,True,6,6
2025-07-30,2.3_fed,FOMC_21255,,2025-07-30,0.000000,True,True,,1.008597,1.008093,1.000500,3322952.816271,True,6,6
2025-07-30,2.3_fed,FOMC_24087,,2025-09-17,49.000000,False,True,,1.031387,1.021175,1.010000,,True,6,6
2025-07-30,2.3_fed,FOMC_27824,,2025-10-31,93.000000,False,True,,1.008827,1.003308,1.005500,,True,6,6
2025-07-31,2.3_fed,FOMC_24087,,2025-09-17,48.000000,True,True,,1.059414,1.052572,1.006500,,True,6,6
2025-07-31,2.3_fed,FOMC_27824,,2025-10-31,92.000000,False,True,,1.020777,1.012174,1.008500,,True,6,6
2025-08-01,2.3_fed,FOMC_24087,,2025-09-17,47.000000,True,True,,1.063952,1.056556,1.007000,,True,6,6
2025-08-01,2.3_fed,FOMC_27824,,2025-10-31,91.000000,False,True,,1.028910,1.017715,1.011000,,True,6,6
2025-08-01,2.3_fed,FOMC_35090,,2025-12-10,131.000000,False,True,,1.088274,1.012348,1.075000,,True,2,2
2025-08-02,2.3_fed,FOMC_24087,,2025-09-17,46.000000,True,True,,1.113210,1.108223,1.004500,,True,6,6
2025-08-02,2.3_fed,FOMC_27824,,2025-10-31,90.000000,False,True,,1.040792,1.037679,1.003000,,True,6,6
2025-08-02,2.3_fed,FOMC_35090,,2025-12-10,130.000000,False,True,,1.046137,1.028650,1.017000,,True,4,4
2025-08-03,2.3_fed,FOMC_24087,,2025-09-17,45.000000,True,True,,1.110043,1.100687,1.008500,,True,6,6
2025-08-03,2.3_fed,FOMC_27824,,2025-10-31,89.000000,False,True,,1.041808,1.036110,1.005500,,True,6,6
2025-08-03,2.3_fed,FOMC_35090,,2025-12-10,129.000000,False,True,,1.020439,1.019420,1.001000,,True,6,6
2025-08-04,2.3_fed,FOMC_24087,,2025-09-17,44.000000,True,True,,1.019659,1.017623,1.002000,,True,6,6
2025-08-04,2.3_fed,FOMC_27824,,2025-10-31,88.000000,False,True,,1.016091,1.006529,1.009500,,True,6,6
2025-08-04,2.3_fed,FOMC_35090,,2025-12-10,128.000000,False,True,,1.011098,1.006068,1.005000,,True,6,6
2025-08-05,2.3_fed,FOMC_24087,,2025-09-17,43.000000,True,True,,1.052924,1.024743,1.027500,,True,6,6
2025-08-05,2.3_fed,FOMC_27824,,2025-10-31,87.000000,False,True,,1.016999,1.007928,1.009000,,True,6,6
2025-08-05,2.3_fed,FOMC_35090,,2025-12-10,127.000000,False,True,,1.008413,1.004395,1.004000,,True,6,6
2025-08-06,2.3_fed,FOMC_24087,,2025-09-17,42.000000,True,True,,1.032086,1.031055,1.001000,,True,6,6
2025-08-06,2.3_fed,FOMC_27824,,2025-10-31,86.000000,False,True,,1.006195,1.004186,1.002000,,True,6,6
2025-08-06,2.3_fed,FOMC_35090,,2025-12-10,126.000000,False,True,,1.019710,1.006128,1.013500,,True,6,6
2025-08-07,2.3_fed,FOMC_24087,,2025-09-17,41.000000,True,True,,1.034068,1.028411,1.005500,,True,6,6
2025-08-07,2.3_fed,FOMC_27824,,2025-10-31,85.000000,False,True,,1.003622,1.003622,1.000000,,True,6,6
2025-08-07,2.3_fed,FOMC_35090,,2025-12-10,125.000000,False,True,,1.015074,1.006020,1.009000,,True,6,6
2025-08-08,2.3_fed,FOMC_24087,,2025-09-17,40.000000,True,True,,1.023011,1.018428,1.004500,,True,6,6
2025-08-08,2.3_fed,FOMC_27824,,2025-10-31,84.000000,False,True,,1.012297,1.004263,1.008000,,True,6,6
2025-08-08,2.3_fed,FOMC_35090,,2025-12-10,124.000000,False,True,,1.018000,1.003945,1.014000,,True,6,6
2025-08-09,2.3_fed,FOMC_24087,,2025-09-17,39.000000,True,True,,1.021629,1.013018,1.008500,,True,6,6
2025-08-09,2.3_fed,FOMC_27824,,2025-10-31,83.000000,False,True,,1.018619,1.006044,1.012500,,True,6,6
2025-08-09,2.3_fed,FOMC_35090,,2025-12-10,123.000000,False,True,,1.013751,1.002225,1.011500,,True,6,6
2025-08-10,2.3_fed,FOMC_24087,,2025-09-17,38.000000,True,True,,1.012125,1.007089,1.005000,,True,6,6
2025-08-10,2.3_fed,FOMC_27824,,2025-10-31,82.000000,False,True,,1.013017,1.003981,1.009000,,True,6,6
2025-08-10,2.3_fed,FOMC_35090,,2025-12-10,122.000000,False,True,,1.013471,1.001454,1.012000,,True,6,6
2025-08-11,2.3_fed,FOMC_24087,,2025-09-17,37.000000,True,True,,1.005458,1.003952,1.001500,,True,6,6
2025-08-11,2.3_fed,FOMC_27824,,2025-10-31,81.000000,False,True,,1.012824,1.004785,1.008000,,True,6,6
2025-08-11,2.3_fed,FOMC_35090,,2025-12-10,121.000000,False,True,,1.012681,1.000673,1.012000,,True,6,6
2025-08-12,2.3_fed,FOMC_24087,,2025-09-17,36.000000,True,True,,1.014057,1.013551,1.000500,,True,6,6
2025-08-12,2.3_fed,FOMC_27824,,2025-10-31,80.000000,False,True,,1.011313,1.005781,1.005500,,True,6,6
2025-08-12,2.3_fed,FOMC_35090,,2025-12-10,120.000000,False,True,,1.012000,1.000000,1.012000,,True,6,6
2025-08-13,2.3_fed,FOMC_24087,,2025-09-17,35.000000,True,True,,1.041275,1.034551,1.006500,,True,6,6
2025-08-13,2.3_fed,FOMC_27824,,2025-10-31,79.000000,False,True,,1.008492,1.005977,1.002500,,True,6,6
2025-08-13,2.3_fed,FOMC_35090,,2025-12-10,119.000000,False,True,,1.024392,1.008756,1.015500,,True,6,6
2025-08-14,2.3_fed,FOMC_24087,,2025-09-17,34.000000,True,True,,1.029822,1.028280,1.001500,,True,6,6
2025-08-14,2.3_fed,FOMC_27824,,2025-10-31,78.000000,False,True,,1.020599,1.009994,1.010500,,True,6,6
2025-08-14,2.3_fed,FOMC_35090,,2025-12-10,118.000000,False,True,,1.027093,1.011914,1.015000,,True,6,6
2025-08-15,2.3_fed,FOMC_24087,,2025-09-17,33.000000,True,True,,1.050956,1.037469,1.013000,,True,6,6
2025-08-15,2.3_fed,FOMC_27824,,2025-10-31,77.000000,False,True,,1.016174,1.011621,1.004500,,True,6,6
2025-08-15,2.3_fed,FOMC_35090,,2025-12-10,117.000000,False,True,,1.015387,1.007328,1.008000,,True,6,6
2025-08-16,2.3_fed,FOMC_24087,,2025-09-17,32.000000,True,True,,1.059670,1.052304,1.007000,,True,6,6
2025-08-16,2.3_fed,FOMC_27824,,2025-10-31,76.000000,False,True,,1.008869,1.007358,1.001500,,True,6,6
2025-08-16,2.3_fed,FOMC_35090,,2025-12-10,116.000000,False,True,,1.012225,1.003694,1.008500,,True,6,6
2025-08-17,2.3_fed,FOMC_24087,,2025-09-17,31.000000,True,True,,1.041203,1.032427,1.008500,,True,6,6
2025-08-17,2.3_fed,FOMC_27824,,2025-10-31,75.000000,False,True,,1.005098,1.002591,1.002500,,True,6,6
2025-08-17,2.3_fed,FOMC_35090,,2025-12-10,115.000000,False,True,,1.009918,1.001406,1.008500,,True,6,6
2025-08-18,2.3_fed,FOMC_24087,,2025-09-17,30.000000,True,True,,1.014684,1.014176,1.000500,,True,6,6
2025-08-18,2.3_fed,FOMC_27824,,2025-10-31,74.000000,False,True,,1.008978,1.002960,1.006000,,True,6,6
2025-08-18,2.3_fed,FOMC_35090,,2025-12-10,114.000000,False,True,,1.008730,1.000724,1.008000,,True,6,6
2025-08-19,2.3_fed,FOMC_24087,,2025-09-17,29.000000,True,True,,1.021247,1.013645,1.007500,,True,6,6
2025-08-19,2.3_fed,FOMC_27824,,2025-10-31,73.000000,False,True,,1.008235,1.001724,1.006500,,True,6,6
2025-08-19,2.3_fed,FOMC_35090,,2025-12-10,113.000000,False,True,,1.009298,1.002282,1.007000,,True,6,6
2025-08-20,2.3_fed,FOMC_24087,,2025-09-17,28.000000,True,True,,1.021346,1.016265,1.005000,,True,6,6
2025-08-20,2.3_fed,FOMC_27824,,2025-10-31,72.000000,False,True,,1.007852,1.001344,1.006500,,True,6,6
2025-08-20,2.3_fed,FOMC_35090,,2025-12-10,112.000000,False,True,,1.004427,1.003925,1.000500,,True,6,6
2025-08-21,2.3_fed,FOMC_24087,,2025-09-17,27.000000,True,True,,1.028725,1.026671,1.002000,,True,6,6
2025-08-21,2.3_fed,FOMC_27824,,2025-10-31,71.000000,False,True,,1.013102,1.002575,1.010500,,True,6,6
2025-08-21,2.3_fed,FOMC_35090,,2025-12-10,111.000000,False,True,,1.005130,1.004126,1.001000,,True,6,6
2025-08-22,2.3_fed,FOMC_24087,,2025-09-17,26.000000,True,True,,1.038306,1.027008,1.011000,,True,6,6
2025-08-22,2.3_fed,FOMC_27824,,2025-10-31,70.000000,False,True,,1.020334,1.008734,1.011500,,True,6,6
2025-08-22,2.3_fed,FOMC_35090,,2025-12-10,110.000000,False,True,,1.007743,1.004729,1.003000,,True,6,6
2025-08-23,2.3_fed,FOMC_24087,,2025-09-17,25.000000,True,True,,1.072876,1.066477,1.006000,,True,6,6
2025-08-23,2.3_fed,FOMC_27824,,2025-10-31,69.000000,False,True,,1.042112,1.022180,1.019500,,True,6,6
2025-08-23,2.3_fed,FOMC_35090,,2025-12-10,109.000000,False,True,,1.041381,1.032604,1.008500,,True,6,6
2025-08-24,2.3_fed,FOMC_24087,,2025-09-17,24.000000,True,True,,1.060809,1.052390,1.008000,,True,6,6
2025-08-24,2.3_fed,FOMC_27824,,2025-10-31,68.000000,False,True,,1.028468,1.021826,1.006500,,True,6,6
2025-08-24,2.3_fed,FOMC_35090,,2025-12-10,108.000000,False,True,,1.100804,1.042922,1.055500,,True,6,6
2025-08-25,2.3_fed,FOMC_24087,,2025-09-17,23.000000,True,True,,1.019255,1.017220,1.002000,,True,6,6
2025-08-25,2.3_fed,FOMC_27824,,2025-10-31,67.000000,False,True,,1.026745,1.013069,1.013500,,True,6,6
2025-08-25,2.3_fed,FOMC_35090,,2025-12-10,107.000000,False,True,,1.048109,1.023045,1.024500,,True,6,6
2025-08-26,2.3_fed,FOMC_24087,,2025-09-17,22.000000,True,True,,1.027119,1.025069,1.002000,,True,6,6
2025-08-26,2.3_fed,FOMC_27824,,2025-10-31,66.000000,False,True,,1.025461,1.008816,1.016500,,True,6,6
2025-08-26,2.3_fed,FOMC_35090,,2025-12-10,106.000000,False,True,,1.010925,1.009915,1.001000,,True,6,6
2025-08-27,2.3_fed,FOMC_24087,,2025-09-17,21.000000,True,True,,1.024480,1.019890,1.004500,,True,6,6
2025-08-27,2.3_fed,FOMC_27824,,2025-10-31,65.000000,False,True,,1.011050,1.007022,1.004000,,True,6,6
2025-08-27,2.3_fed,FOMC_35090,,2025-12-10,105.000000,False,True,,1.015719,1.005165,1.010500,,True,6,6
2025-08-28,2.3_fed,FOMC_24087,,2025-09-17,20.000000,True,True,,1.016401,1.009837,1.006500,,True,6,6
2025-08-28,2.3_fed,FOMC_27824,,2025-10-31,64.000000,False,True,,1.008523,1.008019,1.000500,,True,6,6
2025-08-28,2.3_fed,FOMC_35090,,2025-12-10,104.000000,False,True,,1.012554,1.003025,1.009500,,True,6,6
2025-08-29,2.3_fed,FOMC_24087,,2025-09-17,19.000000,True,True,,1.015013,1.008959,1.006000,,True,6,6
2025-08-29,2.3_fed,FOMC_27824,,2025-10-31,63.000000,False,True,,1.017798,1.010221,1.007500,,True,6,6
2025-08-29,2.3_fed,FOMC_35090,,2025-12-10,103.000000,False,True,,1.005379,1.000875,1.004500,,True,6,6
2025-08-30,2.3_fed,FOMC_24087,,2025-09-17,18.000000,True,True,,1.017524,1.015493,1.002000,,True,6,6
2025-08-30,2.3_fed,FOMC_27824,,2025-10-31,62.000000,False,True,,1.023554,1.007435,1.016000,,True,6,6
2025-08-30,2.3_fed,FOMC_35090,,2025-12-10,102.000000,False,True,,1.012176,1.003148,1.009000,,True,6,6
2025-08-31,2.3_fed,FOMC_24087,,2025-09-17,17.000000,True,True,,1.018341,1.013779,1.004500,,True,6,6
2025-08-31,2.3_fed,FOMC_27824,,2025-10-31,61.000000,False,True,,1.028421,1.010733,1.017500,,True,6,6
2025-08-31,2.3_fed,FOMC_35090,,2025-12-10,101.000000,False,True,,1.014627,1.004582,1.010000,,True,6,6
2025-09-01,2.3_fed,FOMC_24087,,2025-09-17,16.000000,True,True,,1.011990,1.006956,1.005000,,True,6,6
2025-09-01,2.3_fed,FOMC_27824,,2025-10-31,60.000000,False,True,,1.015742,1.006183,1.009500,,True,6,6
2025-09-01,2.3_fed,FOMC_35090,,2025-12-10,100.000000,False,True,,1.013233,1.003201,1.010000,,True,6,6
2025-09-02,2.3_fed,FOMC_24087,,2025-09-17,15.000000,True,True,,1.019309,1.010217,1.009000,,True,6,6
2025-09-02,2.3_fed,FOMC_27824,,2025-10-31,59.000000,False,True,,1.015771,1.005714,1.010000,,True,6,6
2025-09-02,2.3_fed,FOMC_35090,,2025-12-10,99.000000,False,True,,1.011598,1.002078,1.009500,,True,6,6
2025-09-03,2.3_fed,FOMC_24087,,2025-09-17,14.000000,True,True,,1.011373,1.009354,1.002000,,True,6,6
2025-09-03,2.3_fed,FOMC_27824,,2025-10-31,58.000000,False,True,,1.036987,1.007762,1.029000,,True,6,6
2025-09-03,2.3_fed,FOMC_35090,,2025-12-10,98.000000,False,True,,1.007169,1.005158,1.002000,,True,6,6
2025-09-04,2.3_fed,FOMC_24087,,2025-09-17,13.000000,True,True,,1.023083,1.018499,1.004500,,True,6,6
2025-09-04,2.3_fed,FOMC_27824,,2025-10-31,57.000000,False,True,,1.012862,1.007322,1.005500,,True,6,6
2025-09-04,2.3_fed,FOMC_35090,,2025-12-10,97.000000,False,True,,1.019272,1.008182,1.011000,,True,6,6
2025-09-05,2.3_fed,FOMC_24087,,2025-09-17,12.000000,True,True,,1.029358,1.019167,1.010000,1934850.802872,True,6,6
2025-09-05,2.3_fed,FOMC_27824,,2025-10-31,56.000000,False,True,,1.013296,1.012283,1.001000,,True,6,6
2025-09-05,2.3_fed,FOMC_35090,,2025-12-10,96.000000,False,True,,1.015022,1.012996,1.002000,,True,6,6
2025-09-06,2.3_fed,FOMC_24087,,2025-09-17,11.000000,True,True,,1.029864,1.026784,1.003000,445130.571051,True,6,6
2025-09-06,2.3_fed,FOMC_27824,,2025-10-31,55.000000,False,True,,1.054724,1.049999,1.004500,,True,6,6
2025-09-06,2.3_fed,FOMC_35090,,2025-12-10,95.000000,False,True,,1.036816,1.023510,1.013000,,True,6,6
2025-09-07,2.3_fed,FOMC_24087,,2025-09-17,10.000000,True,True,,1.030062,1.023918,1.006000,443533.026941,True,6,6
2025-09-07,2.3_fed,FOMC_27824,,2025-10-31,54.000000,False,True,,1.060856,1.050873,1.009500,,True,6,6
2025-09-07,2.3_fed,FOMC_35090,,2025-12-10,94.000000,False,True,,1.023564,1.019994,1.003500,,True,6,6
2025-09-08,2.3_fed,FOMC_24087,,2025-09-17,9.000000,True,True,,1.013973,1.011445,1.002500,1051456.723314,True,6,6
2025-09-08,2.3_fed,FOMC_27824,,2025-10-31,53.000000,False,True,,1.033509,1.028368,1.005000,,True,6,6
2025-09-08,2.3_fed,FOMC_35090,,2025-12-10,93.000000,False,True,,1.018100,1.009519,1.008500,,True,6,6
2025-09-09,2.3_fed,FOMC_24087,,2025-09-17,8.000000,True,True,,1.023763,1.022741,1.001000,2425630.518198,True,6,6
2025-09-09,2.3_fed,FOMC_27824,,2025-10-31,52.000000,False,True,,1.030684,1.030684,1.000000,,True,6,6
2025-09-09,2.3_fed,FOMC_35090,,2025-12-10,92.000000,False,True,,1.006771,1.006268,1.000500,,True,6,6
2025-09-10,2.3_fed,FOMC_24087,,2025-09-17,7.000000,True,True,,1.036606,1.029912,1.006500,1235514.660777,True,6,6
2025-09-10,2.3_fed,FOMC_27824,,2025-10-31,51.000000,False,True,,1.030799,1.029769,1.001000,,True,6,6
2025-09-10,2.3_fed,FOMC_35090,,2025-12-10,91.000000,False,True,,1.012597,1.003068,1.009500,,True,6,6
2025-09-11,2.3_fed,FOMC_24087,,2025-09-17,6.000000,True,True,,1.027922,1.027408,1.000500,2774138.738932,True,6,6
2025-09-11,2.3_fed,FOMC_27824,,2025-10-31,50.000000,False,True,,1.042701,1.033401,1.009000,,True,6,6
2025-09-11,2.3_fed,FOMC_35090,,2025-12-10,90.000000,False,True,,1.024833,1.004739,1.020000,,True,6,6
2025-09-12,2.3_fed,FOMC_24087,,2025-09-17,5.000000,True,True,,1.039988,1.034814,1.005000,1416134.017449,True,6,6
2025-09-12,2.3_fed,FOMC_27824,,2025-10-31,49.000000,False,True,,1.040193,1.028367,1.011500,,True,6,6
2025-09-12,2.3_fed,FOMC_35090,,2025-12-10,89.000000,False,True,,1.022455,1.009334,1.013000,,True,6,6
2025-09-13,2.3_fed,FOMC_24087,,2025-09-17,4.000000,True,True,,1.043598,1.042556,1.001000,878353.370837,True,6,6
2025-09-13,2.3_fed,FOMC_27824,,2025-10-31,48.000000,False,True,,1.038870,1.018999,1.019500,,True,6,6
2025-09-13,2.3_fed,FOMC_35090,,2025-12-10,88.000000,False,True,,1.030454,1.007779,1.022500,,True,6,6
2025-09-14,2.3_fed,FOMC_24087,,2025-09-17,3.000000,True,True,,1.018310,1.014758,1.003500,870514.523246,True,6,6
2025-09-14,2.3_fed,FOMC_27824,,2025-10-31,47.000000,False,True,,1.025535,1.017396,1.008000,,True,6,6
2025-09-14,2.3_fed,FOMC_35090,,2025-12-10,87.000000,False,True,,1.015933,1.003391,1.012500,,True,6,6
2025-09-15,2.3_fed,FOMC_24087,,2025-09-17,2.000000,True,True,,1.010300,1.009795,1.000500,1580612.662372,True,6,6
2025-09-15,2.3_fed,FOMC_27824,,2025-10-31,46.000000,False,True,,1.034495,1.019207,1.015000,,True,6,6
2025-09-15,2.3_fed,FOMC_35090,,2025-12-10,86.000000,False,True,,1.020819,1.006725,1.014000,,True,6,6
2025-09-16,2.3_fed,FOMC_24087,,2025-09-17,1.000000,True,True,,1.008440,1.007936,1.000500,8045150.591254,True,6,6
2025-09-16,2.3_fed,FOMC_27824,,2025-10-31,45.000000,False,True,,1.023430,1.016821,1.006500,,True,6,6
2025-09-16,2.3_fed,FOMC_35090,,2025-12-10,85.000000,False,True,,1.021165,1.008558,1.012500,,True,6,6
2025-09-17,2.3_fed,FOMC_24087,,2025-09-17,0.000000,True,True,,1.023919,1.020348,1.003500,8061131.794194,True,6,6
2025-09-17,2.3_fed,FOMC_27824,,2025-10-31,44.000000,False,True,,1.019084,1.016036,1.003000,,True,6,6
2025-09-17,2.3_fed,FOMC_35090,,2025-12-10,84.000000,False,True,,1.038813,1.017945,1.020500,,True,6,6
2025-09-18,2.3_fed,FOMC_27824,,2025-10-31,43.000000,True,True,,1.041221,1.036556,1.004500,,True,6,6
2025-09-18,2.3_fed,FOMC_35090,,2025-12-10,83.000000,False,True,,1.038449,1.031743,1.006500,,True,6,6
2025-09-18,2.3_fed,FOMC_45883,,2026-01-28,132.000000,False,True,,1.131438,1.057418,1.070000,,True,2,2
2025-09-19,2.3_fed,FOMC_27824,,2025-10-31,42.000000,True,True,,1.047280,1.037424,1.009500,,True,6,6
2025-09-19,2.3_fed,FOMC_35090,,2025-12-10,82.000000,False,True,,1.035601,1.024840,1.010500,,True,6,6
2025-09-19,2.3_fed,FOMC_45883,,2026-01-28,131.000000,False,True,,1.064980,1.037992,1.026000,,True,4,4
2025-09-20,2.3_fed,FOMC_27824,,2025-10-31,41.000000,True,True,,1.019224,1.016176,1.003000,,True,6,6
2025-09-20,2.3_fed,FOMC_35090,,2025-12-10,81.000000,False,True,,1.019848,1.015279,1.004500,,True,6,6
2025-09-20,2.3_fed,FOMC_45883,,2026-01-28,130.000000,False,True,,1.065442,1.029413,1.035000,,True,6,6
2025-09-21,2.3_fed,FOMC_27824,,2025-10-31,40.000000,True,True,,1.014739,1.006685,1.008000,,True,6,6
2025-09-21,2.3_fed,FOMC_35090,,2025-12-10,80.000000,False,True,,1.022537,1.008419,1.014000,,True,6,6
2025-09-21,2.3_fed,FOMC_45883,,2026-01-28,129.000000,False,True,,1.037239,1.025447,1.011500,,True,6,6
2025-09-22,2.3_fed,FOMC_27824,,2025-10-31,39.000000,True,True,,1.012085,1.006049,1.006000,,True,6,6
2025-09-22,2.3_fed,FOMC_35090,,2025-12-10,79.000000,False,True,,1.013917,1.004873,1.009000,,True,6,6
2025-09-22,2.3_fed,FOMC_45883,,2026-01-28,128.000000,False,True,,1.022405,1.019347,1.003000,,True,6,6
2025-09-23,2.3_fed,FOMC_27824,,2025-10-31,38.000000,True,True,,1.009809,1.008800,1.001000,,True,6,6
2025-09-23,2.3_fed,FOMC_35090,,2025-12-10,78.000000,False,True,,1.015307,1.006750,1.008500,,True,6,6
2025-09-23,2.3_fed,FOMC_45883,,2026-01-28,127.000000,False,True,,1.033121,1.015852,1.017000,,True,6,6
2025-09-24,2.3_fed,FOMC_27824,,2025-10-31,37.000000,True,True,,1.011595,1.009576,1.002000,,True,6,6
2025-09-24,2.3_fed,FOMC_35090,,2025-12-10,77.000000,False,True,,1.020195,1.005614,1.014500,,True,6,6
2025-09-24,2.3_fed,FOMC_45883,,2026-01-28,126.000000,False,True,,1.055263,1.013214,1.041500,,True,6,6
2025-09-25,2.3_fed,FOMC_27824,,2025-10-31,36.000000,True,True,,1.007638,1.005627,1.002000,,True,6,6
2025-09-25,2.3_fed,FOMC_35090,,2025-12-10,76.000000,False,True,,1.015636,1.006078,1.009500,,True,6,6
2025-09-25,2.3_fed,FOMC_45883,,2026-01-28,125.000000,False,True,,1.049529,1.011594,1.037500,,True,6,6
2025-09-26,2.3_fed,FOMC_27824,,2025-10-31,35.000000,True,True,,1.022346,1.012725,1.009500,,True,6,6
2025-09-26,2.3_fed,FOMC_35090,,2025-12-10,75.000000,False,True,,1.030321,1.014595,1.015500,,True,6,6
2025-09-26,2.3_fed,FOMC_45883,,2026-01-28,124.000000,False,True,,1.029804,1.018095,1.011500,,True,6,6
2025-09-27,2.3_fed,FOMC_27824,,2025-10-31,34.000000,True,True,,1.014385,1.012360,1.002000,,True,6,6
2025-09-27,2.3_fed,FOMC_35090,,2025-12-10,74.000000,False,True,,1.028259,1.017574,1.010500,,True,6,6
2025-09-27,2.3_fed,FOMC_45883,,2026-01-28,123.000000,False,True,,1.039336,1.014482,1.024500,,True,6,6
2025-09-28,2.3_fed,FOMC_27824,,2025-10-31,33.000000,True,True,,1.003893,1.002890,1.001000,,True,6,6
2025-09-28,2.3_fed,FOMC_35090,,2025-12-10,73.000000,False,True,,1.009311,1.008806,1.000500,,True,6,6
2025-09-28,2.3_fed,FOMC_45883,,2026-01-28,122.000000,False,True,,1.025138,1.007506,1.017500,,True,6,6
2025-09-29,2.3_fed,FOMC_27824,,2025-10-31,32.000000,True,True,,1.001578,1.000577,1.001000,,True,6,6
2025-09-29,2.3_fed,FOMC_35090,,2025-12-10,72.000000,False,True,,1.014123,1.004580,1.009500,,True,6,6
2025-09-29,2.3_fed,FOMC_45883,,2026-01-28,121.000000,False,True,,1.015318,1.004271,1.011000,,True,6,6
2025-09-30,2.3_fed,FOMC_27824,,2025-10-31,31.000000,True,True,,1.002774,1.000773,1.002000,,True,6,6
2025-09-30,2.3_fed,FOMC_35090,,2025-12-10,71.000000,False,True,,1.021094,1.005509,1.015500,,True,6,6
2025-09-30,2.3_fed,FOMC_45883,,2026-01-28,120.000000,False,True,,1.012173,1.002648,1.009500,,True,6,6
2025-10-01,2.3_fed,FOMC_27824,,2025-10-31,30.000000,True,True,,1.011881,1.010870,1.001000,,True,6,6
2025-10-01,2.3_fed,FOMC_35090,,2025-12-10,70.000000,False,True,,1.012455,1.007919,1.004500,,True,6,6
2025-10-01,2.3_fed,FOMC_45883,,2026-01-28,119.000000,False,True,,1.023399,1.007779,1.015500,,True,6,6
2025-10-02,2.3_fed,FOMC_27824,,2025-10-31,29.000000,True,True,,1.023744,1.022211,1.001500,,True,6,6
2025-10-02,2.3_fed,FOMC_35090,,2025-12-10,69.000000,False,True,,1.023237,1.018653,1.004500,,True,6,6
2025-10-02,2.3_fed,FOMC_45883,,2026-01-28,118.000000,False,True,,1.013939,1.010403,1.003500,,True,6,6
2025-10-03,2.3_fed,FOMC_27824,,2025-10-31,28.000000,True,True,,1.015221,1.012690,1.002500,,True,6,6
2025-10-03,2.3_fed,FOMC_35090,,2025-12-10,68.000000,False,True,,1.022042,1.017464,1.004500,,True,6,6
2025-10-03,2.3_fed,FOMC_45883,,2026-01-28,117.000000,False,True,,1.036934,1.014116,1.022500,,True,6,6
2025-10-04,2.3_fed,FOMC_27824,,2025-10-31,27.000000,True,True,,1.003835,1.003835,1.000000,,True,6,6
2025-10-04,2.3_fed,FOMC_35090,,2025-12-10,67.000000,False,True,,1.016580,1.012026,1.004500,,True,6,6
2025-10-04,2.3_fed,FOMC_45883,,2026-01-28,116.000000,False,True,,1.043620,1.020655,1.022500,,True,6,6
2025-10-05,2.3_fed,FOMC_27824,,2025-10-31,26.000000,True,True,,1.006005,1.002496,1.003500,,True,6,6
2025-10-05,2.3_fed,FOMC_35090,,2025-12-10,66.000000,False,True,,1.020512,1.005926,1.014500,,True,6,6
2025-10-05,2.3_fed,FOMC_45883,,2026-01-28,115.000000,False,True,,1.037259,1.024453,1.012500,,True,6,6
2025-10-06,2.3_fed,FOMC_27824,,2025-10-31,25.000000,True,True,,1.008376,1.004358,1.004000,,True,6,6
2025-10-06,2.3_fed,FOMC_35090,,2025-12-10,65.000000,False,True,,1.019802,1.005226,1.014500,,True,6,6
2025-10-06,2.3_fed,FOMC_45883,,2026-01-28,114.000000,False,True,,1.051502,1.018404,1.032500,,True,6,6
2025-10-07,2.3_fed,FOMC_27824,,2025-10-31,24.000000,True,True,,1.012996,1.006454,1.006500,,True,6,6
2025-10-07,2.3_fed,FOMC_35090,,2025-12-10,64.000000,False,True,,1.015751,1.006192,1.009500,,True,6,6
2025-10-07,2.3_fed,FOMC_45883,,2026-01-28,113.000000,False,True,,1.022640,1.016036,1.006500,,True,6,6
2025-10-08,2.3_fed,FOMC_27824,,2025-10-31,23.000000,True,True,,1.009144,1.008640,1.000500,,True,6,6
2025-10-08,2.3_fed,FOMC_35090,,2025-12-10,63.000000,False,True,,1.028277,1.008609,1.019500,,True,6,6
2025-10-08,2.3_fed,FOMC_45883,,2026-01-28,112.000000,False,True,,1.012855,1.012349,1.000500,,True,6,6
2025-10-09,2.3_fed,FOMC_27824,,2025-10-31,22.000000,True,True,,1.014800,1.009751,1.005000,,True,6,6
2025-10-09,2.3_fed,FOMC_35090,,2025-12-10,62.000000,False,True,,1.026009,1.011344,1.014500,,True,6,6
2025-10-09,2.3_fed,FOMC_45883,,2026-01-28,111.000000,False,True,,1.025961,1.021365,1.004500,,True,6,6
2025-10-10,2.3_fed,FOMC_27824,,2025-10-31,21.000000,True,True,,1.012436,1.007399,1.005000,,True,6,6
2025-10-10,2.3_fed,FOMC_35090,,2025-12-10,61.000000,False,True,,1.014934,1.009383,1.005500,,True,6,6
2025-10-10,2.3_fed,FOMC_45883,,2026-01-28,110.000000,False,True,,1.034863,1.025124,1.009500,,True,6,6
2025-10-11,2.3_fed,FOMC_27824,,2025-10-31,20.000000,True,True,,1.015207,1.005653,1.009500,,True,6,6
2025-10-11,2.3_fed,FOMC_35090,,2025-12-10,60.000000,False,True,,1.024238,1.009598,1.014500,,True,6,6
2025-10-11,2.3_fed,FOMC_45883,,2026-01-28,109.000000,False,True,,1.050312,1.029213,1.020500,,True,6,6
2025-10-12,2.3_fed,FOMC_27824,,2025-10-31,19.000000,True,True,,1.009706,1.005683,1.004000,,True,6,6
2025-10-12,2.3_fed,FOMC_35090,,2025-12-10,59.000000,False,True,,1.020815,1.006225,1.014500,,True,6,6
2025-10-12,2.3_fed,FOMC_45883,,2026-01-28,108.000000,False,True,,1.023083,1.013957,1.009000,,True,6,6
2025-10-13,2.3_fed,FOMC_27824,,2025-10-31,18.000000,True,True,,1.009224,1.005704,1.003500,,True,6,6
2025-10-13,2.3_fed,FOMC_35090,,2025-12-10,58.000000,False,True,,1.018225,1.003672,1.014500,,True,6,6
2025-10-13,2.3_fed,FOMC_45883,,2026-01-28,107.000000,False,True,,1.031936,1.006767,1.025000,,True,6,6
2025-10-14,2.3_fed,FOMC_27824,,2025-10-31,17.000000,True,True,,1.004150,1.003147,1.001000,,True,6,6
2025-10-14,2.3_fed,FOMC_35090,,2025-12-10,57.000000,False,True,,1.006871,1.006367,1.000500,,True,6,6
2025-10-14,2.3_fed,FOMC_45883,,2026-01-28,106.000000,False,True,,1.027520,1.012833,1.014500,,True,6,6
2025-10-15,2.3_fed,FOMC_27824,,2025-10-31,16.000000,True,True,,1.013034,1.005992,1.007000,,True,6,6
2025-10-15,2.3_fed,FOMC_35090,,2025-12-10,56.000000,False,True,,1.034724,1.019935,1.014500,,True,6,6
2025-10-15,2.3_fed,FOMC_45883,,2026-01-28,105.000000,False,True,,1.022726,1.015113,1.007500,,True,6,6
2025-10-16,2.3_fed,FOMC_27824,,2025-10-31,15.000000,True,True,,1.007437,1.006934,1.000500,,True,6,6
2025-10-16,2.3_fed,FOMC_35090,,2025-12-10,55.000000,False,True,,1.033109,1.018343,1.014500,,True,6,6
2025-10-16,2.3_fed,FOMC_45883,,2026-01-28,104.000000,False,True,,1.045470,1.019971,1.025000,,True,6,6
2025-10-17,2.3_fed,FOMC_27824,,2025-10-31,14.000000,True,True,,1.010795,1.008275,1.002500,,True,6,6
2025-10-17,2.3_fed,FOMC_35090,,2025-12-10,54.000000,False,True,,1.035114,1.025373,1.009500,,True,6,6
2025-10-17,2.3_fed,FOMC_45883,,2026-01-28,103.000000,False,True,,1.054232,1.027016,1.026500,,True,6,6
2025-10-18,2.3_fed,FOMC_27824,,2025-10-31,13.000000,True,True,,1.007752,1.006242,1.001500,,True,6,6
2025-10-18,2.3_fed,FOMC_35090,,2025-12-10,53.000000,False,True,,1.035028,1.020235,1.014500,,True,6,6
2025-10-18,2.3_fed,FOMC_45883,,2026-01-28,102.000000,False,True,,1.036970,1.028230,1.008500,,True,6,6
2025-10-19,2.3_fed,FOMC_27824,,2025-10-31,12.000000,True,True,,1.007951,1.003435,1.004500,,True,6,6
2025-10-19,2.3_fed,FOMC_35090,,2025-12-10,52.000000,False,True,,1.036888,1.021062,1.015500,,True,6,6
2025-10-19,2.3_fed,FOMC_45883,,2026-01-28,101.000000,False,True,,1.026412,1.019783,1.006500,,True,6,6
2025-10-20,2.3_fed,FOMC_27824,,2025-10-31,11.000000,True,True,,1.006398,1.004389,1.002000,,True,6,6
2025-10-20,2.3_fed,FOMC_35090,,2025-12-10,51.000000,False,True,,1.020621,1.010016,1.010500,,True,6,6
2025-10-20,2.3_fed,FOMC_45883,,2026-01-28,100.000000,False,True,,1.008057,1.006548,1.001500,,True,6,6
2025-10-21,2.3_fed,FOMC_27824,,2025-10-31,10.000000,True,True,,1.007410,1.005399,1.002000,,True,6,6
2025-10-21,2.3_fed,FOMC_35090,,2025-12-10,50.000000,False,True,,1.019858,1.010261,1.009500,,True,6,6
2025-10-21,2.3_fed,FOMC_45883,,2026-01-28,99.000000,False,True,,1.033235,1.010993,1.022000,,True,6,6
2025-10-22,2.3_fed,FOMC_27824,,2025-10-31,9.000000,True,True,,1.004916,1.004414,1.000500,,True,6,6
2025-10-22,2.3_fed,FOMC_35090,,2025-12-10,49.000000,False,True,,1.013947,1.009404,1.004500,,True,6,6
2025-10-22,2.3_fed,FOMC_45883,,2026-01-28,98.000000,False,True,,1.028888,1.013683,1.015000,,True,6,6
2025-10-23,2.3_fed,FOMC_27824,,2025-10-31,8.000000,True,True,,1.003534,1.003032,1.000500,,True,6,6
2025-10-23,2.3_fed,FOMC_35090,,2025-12-10,48.000000,False,True,,1.026351,1.011682,1.014500,,True,6,6
2025-10-23,2.3_fed,FOMC_45883,,2026-01-28,97.000000,False,True,,1.025868,1.009712,1.016000,,True,6,6
2025-10-24,2.3_fed,FOMC_27824,,2025-10-31,7.000000,True,True,,1.003816,1.002814,1.001000,,True,6,6
2025-10-24,2.3_fed,FOMC_35090,,2025-12-10,47.000000,False,True,,1.030623,1.015892,1.014500,,True,6,6
2025-10-24,2.3_fed,FOMC_45883,,2026-01-28,96.000000,False,True,,1.010867,1.009858,1.001000,,True,6,6
2025-10-25,2.3_fed,FOMC_27824,,2025-10-31,6.000000,True,True,,1.006098,1.006098,1.000000,1973895.933480,True,6,6
2025-10-25,2.3_fed,FOMC_35090,,2025-12-10,46.000000,False,True,,1.022203,1.017624,1.004500,,True,6,6
2025-10-25,2.3_fed,FOMC_45883,,2026-01-28,95.000000,False,True,,1.031815,1.022105,1.009500,,True,6,6
2025-10-26,2.3_fed,FOMC_27824,,2025-10-31,5.000000,True,True,,1.008802,1.006788,1.002000,1588047.228965,True,6,6
2025-10-26,2.3_fed,FOMC_35090,,2025-12-10,45.000000,False,True,,1.010266,1.009761,1.000500,,True,6,6
2025-10-26,2.3_fed,FOMC_45883,,2026-01-28,94.000000,False,True,,1.039187,1.023829,1.015000,,True,6,6
2025-10-27,2.3_fed,FOMC_27824,,2025-10-31,4.000000,True,True,,1.003986,1.002983,1.001000,3414919.505171,True,6,6
2025-10-27,2.3_fed,FOMC_35090,,2025-12-10,44.000000,False,True,,1.028881,1.014176,1.014500,,True,6,6
2025-10-27,2.3_fed,FOMC_45883,,2026-01-28,93.000000,False,True,,1.025047,1.020455,1.004500,,True,6,6
2025-10-28,2.3_fed,FOMC_27824,,2025-10-31,3.000000,True,True,,1.003896,1.002893,1.001000,3767483.075349,True,6,6
2025-10-28,2.3_fed,FOMC_35090,,2025-12-10,43.000000,False,True,,1.015905,1.013878,1.002000,,True,6,6
2025-10-28,2.3_fed,FOMC_45883,,2026-01-28,92.000000,False,True,,1.019962,1.018944,1.001000,,True,6,6
2025-10-30,2.3_fed,FOMC_27824,,2025-10-31,1.000000,True,True,,1.003243,1.003243,1.000000,7804.403790,True,5,6
2025-10-30,2.3_fed,FOMC_35090,,2025-12-10,41.000000,False,True,,1.032155,1.023964,1.008000,,True,5,6
2025-10-30,2.3_fed,FOMC_45883,,2026-01-28,90.000000,False,True,,1.024715,1.023180,1.001500,,True,5,6
2025-10-30,2.3_fed,FOMC_67284,,2026-03-18,139.000000,False,True,,1.182066,1.027884,1.150000,,True,2,2
2025-10-31,2.3_fed,FOMC_35090,,2025-12-10,40.000000,True,True,,1.032001,1.024319,1.007500,,True,5,6
2025-10-31,2.3_fed,FOMC_45883,,2026-01-28,89.000000,False,True,,1.036553,1.033453,1.003000,,True,5,6
2025-10-31,2.3_fed,FOMC_67284,,2026-03-18,138.000000,False,True,,1.088595,1.046726,1.040000,,True,4,4
2025-11-01,2.3_fed,FOMC_35090,,2025-12-10,39.000000,True,True,,1.031924,1.024751,1.007000,,True,6,6
2025-11-01,2.3_fed,FOMC_45883,,2026-01-28,88.000000,False,True,,1.059613,1.037311,1.021500,,True,6,6
2025-11-01,2.3_fed,FOMC_67284,,2026-03-18,137.000000,False,True,,1.071040,1.039844,1.030000,,True,6,6
2025-11-02,2.3_fed,FOMC_35090,,2025-12-10,38.000000,True,True,,1.021885,1.020355,1.001500,,True,6,6
2025-11-02,2.3_fed,FOMC_45883,,2026-01-28,87.000000,False,True,,1.053841,1.040317,1.013000,,True,6,6
2025-11-02,2.3_fed,FOMC_67284,,2026-03-18,136.000000,False,True,,1.053673,1.022983,1.030000,,True,6,6
2025-11-03,2.3_fed,FOMC_35090,,2025-12-10,37.000000,True,True,,1.013586,1.008543,1.005000,,True,6,6
2025-11-03,2.3_fed,FOMC_45883,,2026-01-28,86.000000,False,True,,1.037376,1.019033,1.018000,,True,6,6
2025-11-03,2.3_fed,FOMC_67284,,2026-03-18,135.000000,False,True,,1.054608,1.014046,1.040000,,True,6,6
2025-11-04,2.3_fed,FOMC_35090,,2025-12-10,36.000000,True,True,,1.015581,1.009524,1.006000,,True,6,6
2025-11-04,2.3_fed,FOMC_45883,,2026-01-28,85.000000,False,True,,1.056417,1.008032,1.048000,,True,6,6
2025-11-04,2.3_fed,FOMC_67284,,2026-03-18,134.000000,False,True,,1.038821,1.008564,1.030000,,True,6,6
2025-11-05,2.3_fed,FOMC_35090,,2025-12-10,35.000000,True,True,,1.020192,1.017141,1.003000,,True,6,6
2025-11-05,2.3_fed,FOMC_45883,,2026-01-28,84.000000,False,True,,1.021887,1.007778,1.014000,,True,6,6
2025-11-05,2.3_fed,FOMC_67284,,2026-03-18,133.000000,False,True,,1.030783,1.010571,1.020000,,True,6,6
2025-11-06,2.3_fed,FOMC_35090,,2025-12-10,34.000000,True,True,,1.033169,1.030079,1.003000,,True,6,6
2025-11-06,2.3_fed,FOMC_45883,,2026-01-28,83.000000,False,True,,1.025951,1.011786,1.014000,,True,6,6
2025-11-06,2.3_fed,FOMC_67284,,2026-03-18,132.000000,False,True,,1.040234,1.014862,1.025000,,True,6,6
2025-11-07,2.3_fed,FOMC_35090,,2025-12-10,33.000000,True,True,,1.048450,1.044273,1.004000,,True,6,6
2025-11-07,2.3_fed,FOMC_45883,,2026-01-28,82.000000,False,True,,1.036043,1.015729,1.020000,,True,6,6
2025-11-07,2.3_fed,FOMC_67284,,2026-03-18,131.000000,False,True,,1.041428,1.011096,1.030000,,True,6,6
2025-11-08,2.3_fed,FOMC_35090,,2025-12-10,32.000000,True,True,,1.033831,1.025626,1.008000,,True,6,6
2025-11-08,2.3_fed,FOMC_45883,,2026-01-28,81.000000,False,True,,1.029433,1.017729,1.011500,,True,6,6
2025-11-08,2.3_fed,FOMC_67284,,2026-03-18,130.000000,False,True,,1.033189,1.003096,1.030000,,True,6,6
2025-11-09,2.3_fed,FOMC_35090,,2025-12-10,31.000000,True,True,,1.013305,1.008264,1.005000,,True,6,6
2025-11-09,2.3_fed,FOMC_45883,,2026-01-28,80.000000,False,True,,1.037143,1.021815,1.015000,,True,6,6
2025-11-09,2.3_fed,FOMC_67284,,2026-03-18,129.000000,False,True,,1.024239,1.009102,1.015000,,True,6,6
2025-11-10,2.3_fed,FOMC_35090,,2025-12-10,30.000000,True,True,,1.010754,1.010754,1.000000,,True,6,6
2025-11-10,2.3_fed,FOMC_45883,,2026-01-28,79.000000,False,True,,1.039358,1.030087,1.009000,,True,6,6
2025-11-10,2.3_fed,FOMC_67284,,2026-03-18,128.000000,False,True,,1.028844,1.008671,1.020000,,True,6,6
2025-11-11,2.3_fed,FOMC_35090,,2025-12-10,29.000000,True,True,,1.016952,1.016952,1.000000,,True,6,6
2025-11-11,2.3_fed,FOMC_45883,,2026-01-28,78.000000,False,True,,1.036181,1.032567,1.003500,,True,6,6
2025-11-11,2.3_fed,FOMC_67284,,2026-03-18,127.000000,False,True,,1.028483,1.008316,1.020000,,True,6,6
2025-11-12,2.3_fed,FOMC_35090,,2025-12-10,28.000000,True,True,,1.027799,1.020655,1.007000,,True,6,6
2025-11-12,2.3_fed,FOMC_45883,,2026-01-28,77.000000,False,True,,1.024294,1.017173,1.007000,,True,6,6
2025-11-12,2.3_fed,FOMC_67284,,2026-03-18,126.000000,False,True,,1.045323,1.009974,1.035000,,True,6,6
2025-11-13,2.3_fed,FOMC_35090,,2025-12-10,27.000000,True,True,,1.053350,1.043954,1.009000,,True,6,6
2025-11-13,2.3_fed,FOMC_45883,,2026-01-28,76.000000,False,True,,1.053577,1.016476,1.036500,,True,6,6
2025-11-13,2.3_fed,FOMC_67284,,2026-03-18,125.000000,False,True,,1.014264,1.009218,1.005000,,True,6,6
2025-11-13,2.3_fed,FOMC_75478,,2026-04-29,167.000000,False,False,sem_par_adjacente,,,1.120000,,True,1,1
2025-11-14,2.3_fed,FOMC_35090,,2025-12-10,26.000000,True,True,,1.056738,1.042148,1.014000,,True,6,6
2025-11-14,2.3_fed,FOMC_45883,,2026-01-28,75.000000,False,True,,1.077661,1.021479,1.055000,,True,6,6
2025-11-14,2.3_fed,FOMC_67284,,2026-03-18,124.000000,False,True,,1.026604,1.011433,1.015000,,True,6,6
2025-11-14,2.3_fed,FOMC_75478,,2026-04-29,166.000000,False,True,,1.146336,1.076371,1.065000,,True,3,3
2025-11-15,2.3_fed,FOMC_35090,,2025-12-10,25.000000,True,True,,1.043142,1.037952,1.005000,,True,6,6
2025-11-15,2.3_fed,FOMC_45883,,2026-01-28,74.000000,False,True,,1.039771,1.022390,1.017000,,True,6,6
2025-11-15,2.3_fed,FOMC_67284,,2026-03-18,123.000000,False,True,,1.013249,1.008208,1.005000,,True,6,6
2025-11-15,2.3_fed,FOMC_75478,,2026-04-29,165.000000,False,True,,1.089247,1.042341,1.045000,,True,5,5
2025-11-16,2.3_fed,FOMC_35090,,2025-12-10,24.000000,True,True,,1.020155,1.016091,1.004000,,True,6,6
2025-11-16,2.3_fed,FOMC_45883,,2026-01-28,73.000000,False,True,,1.014920,1.013906,1.001000,,True,6,6
2025-11-16,2.3_fed,FOMC_67284,,2026-03-18,122.000000,False,True,,1.008403,1.008403,1.000000,,True,6,6
2025-11-16,2.3_fed,FOMC_75478,,2026-04-29,164.000000,False,True,,1.041448,1.011114,1.030000,,True,6,6
2025-11-17,2.3_fed,FOMC_35090,,2025-12-10,23.000000,True,True,,1.007984,1.004969,1.003000,,True,6,6
2025-11-17,2.3_fed,FOMC_45883,,2026-01-28,72.000000,False,True,,1.038909,1.020540,1.018000,,True,6,6
2025-11-17,2.3_fed,FOMC_67284,,2026-03-18,121.000000,False,True,,1.033281,1.008079,1.025000,,True,6,6
2025-11-17,2.3_fed,FOMC_75478,,2026-04-29,163.000000,False,True,,1.037284,1.007072,1.030000,,True,6,6
2025-11-18,2.3_fed,FOMC_35090,,2025-12-10,22.000000,True,True,,1.013580,1.008538,1.005000,,True,6,6
2025-11-18,2.3_fed,FOMC_45883,,2026-01-28,71.000000,False,True,,1.034460,1.022194,1.012000,,True,6,6
2025-11-18,2.3_fed,FOMC_67284,,2026-03-18,120.000000,False,True,,1.046236,1.005996,1.040000,,True,6,6
2025-11-18,2.3_fed,FOMC_75478,,2026-04-29,162.000000,False,True,,1.053814,1.008434,1.045000,,True,6,6
2025-11-19,2.3_fed,FOMC_35090,,2025-12-10,21.000000,True,True,,1.033902,1.023665,1.010000,,True,6,6
2025-11-19,2.3_fed,FOMC_45883,,2026-01-28,70.000000,False,True,,1.031649,1.026006,1.005500,,True,6,6
2025-11-19,2.3_fed,FOMC_67284,,2026-03-18,119.000000,False,True,,1.034741,1.014452,1.020000,,True,6,6
2025-11-19,2.3_fed,FOMC_75478,,2026-04-29,161.000000,False,True,,1.041162,1.005953,1.035000,,True,6,6
2025-11-20,2.3_fed,FOMC_35090,,2025-12-10,20.000000,True,True,,1.093462,1.083709,1.009000,,True,6,6
2025-11-20,2.3_fed,FOMC_45883,,2026-01-28,69.000000,False,True,,1.039163,1.030916,1.008000,,True,6,6
2025-11-20,2.3_fed,FOMC_67284,,2026-03-18,118.000000,False,True,,1.054053,1.018408,1.035000,,True,6,6
2025-11-20,2.3_fed,FOMC_75478,,2026-04-29,160.000000,False,True,,1.041576,1.006353,1.035000,,True,6,6
2025-11-21,2.3_fed,FOMC_35090,,2025-12-10,19.000000,True,True,,1.106241,1.093124,1.012000,,True,6,6
2025-11-21,2.3_fed,FOMC_45883,,2026-01-28,68.000000,False,True,,1.074484,1.046745,1.026500,,True,6,6
2025-11-21,2.3_fed,FOMC_67284,,2026-03-18,117.000000,False,True,,1.049379,1.018815,1.030000,,True,6,6
2025-11-21,2.3_fed,FOMC_75478,,2026-04-29,159.000000,False,True,,1.053079,1.007731,1.045000,,True,6,6
2025-11-22,2.3_fed,FOMC_35090,,2025-12-10,18.000000,True,True,,1.115544,1.108891,1.006000,,True,6,6
2025-11-22,2.3_fed,FOMC_45883,,2026-01-28,67.000000,False,True,,1.069197,1.063349,1.005500,,True,6,6
2025-11-22,2.3_fed,FOMC_67284,,2026-03-18,116.000000,False,True,,1.019937,1.019937,1.000000,,True,6,6
2025-11-22,2.3_fed,FOMC_75478,,2026-04-29,158.000000,False,True,,1.027828,1.012639,1.015000,,True,6,6
2025-11-23,2.3_fed,FOMC_35090,,2025-12-10,17.000000,True,True,,1.070937,1.069867,1.001000,,True,6,6
2025-11-23,2.3_fed,FOMC_45883,,2026-01-28,66.000000,False,True,,1.075364,1.058429,1.016000,,True,6,6
2025-11-23,2.3_fed,FOMC_67284,,2026-03-18,115.000000,False,True,,1.018480,1.013413,1.005000,,True,6,6
2025-11-23,2.3_fed,FOMC_75478,,2026-04-29,157.000000,False,True,,1.073693,1.022565,1.050000,,True,6,6
2025-11-24,2.3_fed,FOMC_35090,,2025-12-10,16.000000,True,True,,1.020173,1.011073,1.009000,,True,6,6
2025-11-24,2.3_fed,FOMC_45883,,2026-01-28,65.000000,False,True,,1.025548,1.021462,1.004000,,True,6,6
2025-11-24,2.3_fed,FOMC_67284,,2026-03-18,114.000000,False,True,,1.042790,1.016860,1.025500,,True,6,6
2025-11-24,2.3_fed,FOMC_75478,,2026-04-29,156.000000,False,True,,1.066760,1.020823,1.045000,,True,6,6
2025-11-25,2.3_fed,FOMC_35090,,2025-12-10,15.000000,True,True,,1.039606,1.034434,1.005000,,True,6,6
2025-11-25,2.3_fed,FOMC_45883,,2026-01-28,64.000000,False,True,,1.052208,1.052208,1.000000,,True,6,6
2025-11-25,2.3_fed,FOMC_67284,,2026-03-18,113.000000,False,True,,1.034952,1.014161,1.020500,,True,6,6
2025-11-25,2.3_fed,FOMC_75478,,2026-04-29,155.000000,False,True,,1.046244,1.006003,1.040000,,True,6,6
2025-11-26,2.3_fed,FOMC_35090,,2025-12-10,14.000000,True,True,,1.035726,1.031600,1.004000,,True,6,6
2025-11-26,2.3_fed,FOMC_45883,,2026-01-28,63.000000,False,True,,1.061463,1.057761,1.003500,,True,6,6
2025-11-26,2.3_fed,FOMC_67284,,2026-03-18,112.000000,False,True,,1.029601,1.010900,1.018500,,True,6,6
2025-11-26,2.3_fed,FOMC_75478,,2026-04-29,154.000000,False,True,,1.035875,1.010609,1.025000,,True,6,6
2025-11-27,2.3_fed,FOMC_35090,,2025-12-10,13.000000,True,True,,1.017796,1.012732,1.005000,,True,6,6
2025-11-27,2.3_fed,FOMC_45883,,2026-01-28,62.000000,False,True,,1.048457,1.044800,1.003500,,True,6,6
2025-11-27,2.3_fed,FOMC_67284,,2026-03-18,111.000000,False,True,,1.029425,1.006772,1.022500,,True,6,6
2025-11-27,2.3_fed,FOMC_75478,,2026-04-29,153.000000,False,True,,1.029113,1.018924,1.010000,,True,6,6
2025-11-28,2.3_fed,FOMC_35090,,2025-12-10,12.000000,True,True,,1.015758,1.011712,1.004000,,True,6,6
2025-11-28,2.3_fed,FOMC_45883,,2026-01-28,61.000000,False,True,,1.020381,1.019361,1.001000,,True,6,6
2025-11-28,2.3_fed,FOMC_67284,,2026-03-18,110.000000,False,True,,1.023251,1.005652,1.017500,,True,6,6
2025-11-28,2.3_fed,FOMC_75478,,2026-04-29,152.000000,False,True,,1.045533,1.020032,1.025000,,True,6,6
2025-11-29,2.3_fed,FOMC_35090,,2025-12-10,11.000000,True,True,,1.014734,1.009686,1.005000,,True,6,6
2025-11-29,2.3_fed,FOMC_45883,,2026-01-28,60.000000,False,True,,1.021071,1.015486,1.005500,,True,6,6
2025-11-29,2.3_fed,FOMC_67284,,2026-03-18,109.000000,False,True,,1.027890,1.006255,1.021500,,True,6,6
2025-11-29,2.3_fed,FOMC_75478,,2026-04-29,151.000000,False,True,,1.048303,1.037924,1.010000,,True,6,6
2025-11-30,2.3_fed,FOMC_35090,,2025-12-10,10.000000,True,True,,1.005046,1.005046,1.000000,,True,6,6
2025-11-30,2.3_fed,FOMC_45883,,2026-01-28,59.000000,False,True,,1.029169,1.017971,1.011000,,True,6,6
2025-11-30,2.3_fed,FOMC_67284,,2026-03-18,108.000000,False,True,,1.028084,1.011894,1.016000,,True,6,6
2025-11-30,2.3_fed,FOMC_75478,,2026-04-29,150.000000,False,True,,1.043086,1.043086,1.000000,,True,6,6
2025-12-01,2.3_fed,FOMC_35090,,2025-12-10,9.000000,True,True,,1.003435,1.000433,1.003000,,True,6,6
2025-12-01,2.3_fed,FOMC_45883,,2026-01-28,58.000000,False,True,,1.017828,1.011758,1.006000,,True,6,6
2025-12-01,2.3_fed,FOMC_67284,,2026-03-18,107.000000,False,True,,1.026363,1.011693,1.014500,,True,6,6
2025-12-01,2.3_fed,FOMC_75478,,2026-04-29,149.000000,False,True,,1.089313,1.048424,1.039000,,True,6,6
2025-12-02,2.3_fed,FOMC_35090,,2025-12-10,8.000000,True,True,,1.005663,1.003656,1.002000,,True,6,6
2025-12-02,2.3_fed,FOMC_45883,,2026-01-28,57.000000,False,True,,1.014694,1.008642,1.006000,,True,6,6
2025-12-02,2.3_fed,FOMC_67284,,2026-03-18,106.000000,False,True,,1.013422,1.012409,1.001000,,True,6,6
2025-12-02,2.3_fed,FOMC_75478,,2026-04-29,148.000000,False,True,,1.040462,1.035801,1.004500,,True,6,6
2025-12-03,2.3_fed,FOMC_35090,,2025-12-10,7.000000,True,True,,1.017140,1.009068,1.008000,,True,6,6
2025-12-03,2.3_fed,FOMC_45883,,2026-01-28,56.000000,False,True,,1.020424,1.013331,1.007000,,True,6,6
2025-12-03,2.3_fed,FOMC_67284,,2026-03-18,105.000000,False,True,,1.027359,1.013675,1.013500,,True,6,6
2025-12-03,2.3_fed,FOMC_75478,,2026-04-29,147.000000,False,True,,1.039173,1.035033,1.004000,,True,6,6
2025-12-04,2.3_fed,FOMC_35090,,2025-12-10,6.000000,True,True,,1.020918,1.012815,1.008000,2314947.666838,True,6,6
2025-12-04,2.3_fed,FOMC_45883,,2026-01-28,55.000000,False,True,,1.016408,1.015393,1.001000,,True,6,6
2025-12-04,2.3_fed,FOMC_67284,,2026-03-18,104.000000,False,True,,1.040604,1.013740,1.026500,,True,6,6
2025-12-04,2.3_fed,FOMC_75478,,2026-04-29,146.000000,False,True,,1.063643,1.032663,1.030000,,True,6,6
2025-12-05,2.3_fed,FOMC_35090,,2025-12-10,5.000000,True,True,,1.012671,1.008637,1.004000,2832825.783186,True,6,6
2025-12-05,2.3_fed,FOMC_45883,,2026-01-28,54.000000,False,True,,1.024621,1.011972,1.012500,,True,6,6
2025-12-05,2.3_fed,FOMC_67284,,2026-03-18,103.000000,False,True,,1.031622,1.015876,1.015500,,True,6,6
2025-12-05,2.3_fed,FOMC_75478,,2026-04-29,145.000000,False,True,,1.039383,1.029092,1.010000,,True,6,6
2025-12-06,2.3_fed,FOMC_35090,,2025-12-10,4.000000,True,True,,1.009423,1.006404,1.003000,2126397.509627,True,6,6
2025-12-06,2.3_fed,FOMC_45883,,2026-01-28,53.000000,False,True,,1.014677,1.011138,1.003500,,True,6,6
2025-12-06,2.3_fed,FOMC_67284,,2026-03-18,102.000000,False,True,,1.024320,1.023297,1.001000,,True,6,6
2025-12-06,2.3_fed,FOMC_75478,,2026-04-29,144.000000,False,True,,1.027941,1.019782,1.008000,,True,6,6
2025-12-07,2.3_fed,FOMC_35090,,2025-12-10,3.000000,True,True,,1.012580,1.004543,1.008000,4160605.176577,True,6,6
2025-12-07,2.3_fed,FOMC_45883,,2026-01-28,52.000000,False,True,,1.013539,1.010508,1.003000,,True,6,6
2025-12-07,2.3_fed,FOMC_67284,,2026-03-18,101.000000,False,True,,1.058277,1.035496,1.022000,,True,6,6
2025-12-07,2.3_fed,FOMC_75478,,2026-04-29,143.000000,False,True,,1.029428,1.017724,1.011500,,True,6,6
2025-12-08,2.3_fed,FOMC_35090,,2025-12-10,2.000000,True,True,,1.011428,1.004397,1.007000,2649210.597063,True,6,6
2025-12-08,2.3_fed,FOMC_45883,,2026-01-28,51.000000,False,True,,1.027924,1.013732,1.014000,,True,6,6
2025-12-08,2.3_fed,FOMC_67284,,2026-03-18,100.000000,False,True,,1.046786,1.035909,1.010500,,True,6,6
2025-12-08,2.3_fed,FOMC_75478,,2026-04-29,142.000000,False,True,,1.032248,1.015992,1.016000,,True,6,6
2025-12-09,2.3_fed,FOMC_35090,,2025-12-10,1.000000,True,True,,1.009383,1.006364,1.003000,8474950.352711,True,6,6
2025-12-09,2.3_fed,FOMC_45883,,2026-01-28,50.000000,False,True,,1.014631,1.011092,1.003500,,True,6,6
2025-12-09,2.3_fed,FOMC_67284,,2026-03-18,99.000000,False,True,,1.019270,1.016728,1.002500,,True,6,6
2025-12-09,2.3_fed,FOMC_75478,,2026-04-29,141.000000,False,True,,1.021800,1.015706,1.006000,,True,6,6
2025-12-10,2.3_fed,FOMC_35090,,2025-12-10,0.000000,True,True,,1.008964,1.008460,1.000500,9574939.394072,True,6,6
2025-12-10,2.3_fed,FOMC_45883,,2026-01-28,49.000000,False,True,,1.016547,1.014518,1.002000,,True,6,6
2025-12-10,2.3_fed,FOMC_67284,,2026-03-18,98.000000,False,True,,1.022697,1.016597,1.006000,,True,6,6
2025-12-10,2.3_fed,FOMC_75478,,2026-04-29,140.000000,False,True,,1.045271,1.031857,1.013000,,True,6,6
2025-12-11,2.3_fed,FOMC_101772,,2026-06-17,188.000000,False,True,,1.175096,1.035326,1.135000,,True,2,2
2025-12-11,2.3_fed,FOMC_45883,,2026-01-28,48.000000,True,True,,1.028393,1.027366,1.001000,,True,6,6
2025-12-11,2.3_fed,FOMC_67284,,2026-03-18,97.000000,False,True,,1.023991,1.021947,1.002000,,True,6,6
2025-12-11,2.3_fed,FOMC_75478,,2026-04-29,139.000000,False,True,,1.054452,1.052872,1.001500,,True,6,6
2025-12-12,2.3_fed,FOMC_101772,,2026-06-17,187.000000,False,True,,1.114363,1.099520,1.013500,,True,4,4
2025-12-12,2.3_fed,FOMC_45883,,2026-01-28,47.000000,True,True,,1.032882,1.032366,1.000500,,True,6,6
2025-12-12,2.3_fed,FOMC_67284,,2026-03-18,96.000000,False,True,,1.025264,1.024752,1.000500,,True,6,6
2025-12-12,2.3_fed,FOMC_75478,,2026-04-29,138.000000,False,True,,1.058503,1.053237,1.005000,,True,6,6
2025-12-13,2.3_fed,FOMC_101772,,2026-06-17,186.000000,False,True,,1.086020,1.067341,1.017500,,True,6,6
2025-12-13,2.3_fed,FOMC_45883,,2026-01-28,46.000000,True,True,,1.024477,1.020395,1.004000,,True,6,6
2025-12-13,2.3_fed,FOMC_67284,,2026-03-18,95.000000,False,True,,1.025722,1.017077,1.008500,,True,6,6
2025-12-13,2.3_fed,FOMC_75478,,2026-04-29,137.000000,False,True,,1.047066,1.042376,1.004500,,True,6,6
2025-12-14,2.3_fed,FOMC_101772,,2026-06-17,185.000000,False,True,,1.057521,1.031225,1.025500,,True,6,6
2025-12-14,2.3_fed,FOMC_45883,,2026-01-28,45.000000,True,True,,1.016910,1.014880,1.002000,,True,6,6
2025-12-14,2.3_fed,FOMC_67284,,2026-03-18,94.000000,False,True,,1.027045,1.020412,1.006500,,True,6,6
2025-12-14,2.3_fed,FOMC_75478,,2026-04-29,136.000000,False,True,,1.024506,1.017890,1.006500,,True,6,6
2025-12-15,2.3_fed,FOMC_101772,,2026-06-17,184.000000,False,True,,1.057037,1.011034,1.045500,,True,6,6
2025-12-15,2.3_fed,FOMC_45883,,2026-01-28,44.000000,True,True,,1.015037,1.005983,1.009000,,True,6,6
2025-12-15,2.3_fed,FOMC_67284,,2026-03-18,93.000000,False,True,,1.027849,1.013658,1.014000,,True,6,6
2025-12-15,2.3_fed,FOMC_75478,,2026-04-29,135.000000,False,True,,1.028349,1.009175,1.019000,,True,6,6
2025-12-16,2.3_fed,FOMC_101772,,2026-06-17,183.000000,False,True,,1.108226,1.019058,1.087500,,True,6,6
2025-12-16,2.3_fed,FOMC_45883,,2026-01-28,43.000000,True,True,,1.002743,1.002743,1.000000,,True,6,6
2025-12-16,2.3_fed,FOMC_67284,,2026-03-18,92.000000,False,True,,1.018097,1.008516,1.009500,,True,6,6
2025-12-16,2.3_fed,FOMC_75478,,2026-04-29,134.000000,False,True,,1.024134,1.007015,1.017000,,True,6,6
2025-12-17,2.3_fed,FOMC_101772,,2026-06-17,182.000000,False,True,,1.078273,1.019644,1.057500,,True,6,6
2025-12-17,2.3_fed,FOMC_45883,,2026-01-28,42.000000,True,True,,1.003449,1.001446,1.002000,,True,6,6
2025-12-17,2.3_fed,FOMC_67284,,2026-03-18,91.000000,False,True,,1.023104,1.019028,1.004000,,True,6,6
2025-12-17,2.3_fed,FOMC_75478,,2026-04-29,133.000000,False,True,,1.031934,1.007748,1.024000,,True,6,6
2025-12-18,2.3_fed,FOMC_101772,,2026-06-17,181.000000,False,True,,1.082441,1.013996,1.067500,,True,6,6
2025-12-18,2.3_fed,FOMC_45883,,2026-01-28,41.000000,True,True,,1.005608,1.003601,1.002000,,True,6,6
2025-12-18,2.3_fed,FOMC_67284,,2026-03-18,90.000000,False,True,,1.028294,1.021146,1.007000,,True,6,6
2025-12-18,2.3_fed,FOMC_75478,,2026-04-29,132.000000,False,True,,1.020008,1.012917,1.007000,,True,6,6
2025-12-19,2.3_fed,FOMC_101772,,2026-06-17,180.000000,False,True,,1.068330,1.005961,1.062000,,True,6,6
2025-12-19,2.3_fed,FOMC_45883,,2026-01-28,40.000000,True,True,,1.013052,1.010022,1.003000,,True,6,6
2025-12-19,2.3_fed,FOMC_67284,,2026-03-18,89.000000,False,True,,1.034648,1.032583,1.002000,,True,6,6
2025-12-19,2.3_fed,FOMC_75478,,2026-04-29,131.000000,False,True,,1.027909,1.014718,1.013000,,True,6,6
2025-12-20,2.3_fed,FOMC_101772,,2026-06-17,179.000000,False,True,,1.051597,1.006795,1.044500,,True,6,6
2025-12-20,2.3_fed,FOMC_45883,,2026-01-28,39.000000,True,True,,1.020457,1.018420,1.002000,,True,6,6
2025-12-20,2.3_fed,FOMC_67284,,2026-03-18,88.000000,False,True,,1.040433,1.032176,1.008000,,True,6,6
2025-12-20,2.3_fed,FOMC_75478,,2026-04-29,130.000000,False,True,,1.020732,1.019204,1.001500,,True,6,6
2025-12-21,2.3_fed,FOMC_101772,,2026-06-17,178.000000,False,True,,1.026935,1.008282,1.018500,,True,6,6
2025-12-21,2.3_fed,FOMC_45883,,2026-01-28,38.000000,True,True,,1.012752,1.010731,1.002000,,True,6,6
2025-12-21,2.3_fed,FOMC_67284,,2026-03-18,87.000000,False,True,,1.026404,1.014734,1.011500,,True,6,6
2025-12-21,2.3_fed,FOMC_75478,,2026-04-29,129.000000,False,True,,1.100978,1.020369,1.079000,,True,6,6
2025-12-22,2.3_fed,FOMC_101772,,2026-06-17,177.000000,False,True,,1.025668,1.006544,1.019000,,True,6,6
2025-12-22,2.3_fed,FOMC_45883,,2026-01-28,37.000000,True,True,,1.009012,1.006998,1.002000,,True,6,6
2025-12-22,2.3_fed,FOMC_67284,,2026-03-18,86.000000,False,True,,1.017074,1.010506,1.006500,,True,6,6
2025-12-22,2.3_fed,FOMC_75478,,2026-04-29,128.000000,False,True,,1.044542,1.024061,1.020000,,True,6,6
2025-12-23,2.3_fed,FOMC_101772,,2026-06-17,176.000000,False,True,,1.029323,1.001774,1.027500,,True,6,6
2025-12-23,2.3_fed,FOMC_45883,,2026-01-28,36.000000,True,True,,1.009205,1.007190,1.002000,,True,6,6
2025-12-23,2.3_fed,FOMC_67284,,2026-03-18,85.000000,False,True,,1.011521,1.010006,1.001500,,True,6,6
2025-12-23,2.3_fed,FOMC_75478,,2026-04-29,127.000000,False,True,,1.048722,1.019166,1.029000,,True,6,6
2025-12-24,2.3_fed,FOMC_101772,,2026-06-17,175.000000,False,True,,1.080680,1.007627,1.072500,,True,6,6
2025-12-24,2.3_fed,FOMC_45883,,2026-01-28,35.000000,True,True,,1.016558,1.015542,1.001000,,True,6,6
2025-12-24,2.3_fed,FOMC_67284,,2026-03-18,84.000000,False,True,,1.015081,1.012549,1.002500,,True,6,6
2025-12-24,2.3_fed,FOMC_75478,,2026-04-29,126.000000,False,True,,1.050932,1.014903,1.035500,,True,6,6
2025-12-25,2.3_fed,FOMC_101772,,2026-06-17,174.000000,False,True,,1.037489,1.012678,1.024500,,True,6,6
2025-12-25,2.3_fed,FOMC_45883,,2026-01-28,34.000000,True,True,,1.019842,1.013759,1.006000,,True,6,6
2025-12-25,2.3_fed,FOMC_67284,,2026-03-18,83.000000,False,True,,1.018448,1.015908,1.002500,,True,6,6
2025-12-25,2.3_fed,FOMC_75478,,2026-04-29,125.000000,False,True,,1.028180,1.011491,1.016500,,True,6,6
2025-12-26,2.3_fed,FOMC_101772,,2026-06-17,173.000000,False,True,,1.045984,1.013550,1.032000,,True,6,6
2025-12-26,2.3_fed,FOMC_45883,,2026-01-28,33.000000,True,True,,1.009923,1.003900,1.006000,,True,6,6
2025-12-26,2.3_fed,FOMC_67284,,2026-03-18,82.000000,False,True,,1.052932,1.018310,1.034000,,True,6,6
2025-12-26,2.3_fed,FOMC_75478,,2026-04-29,124.000000,False,True,,1.029502,1.005864,1.023500,,True,6,6
2025-12-27,2.3_fed,FOMC_101772,,2026-06-17,172.000000,False,True,,1.047967,1.007660,1.040000,,True,6,6
2025-12-27,2.3_fed,FOMC_45883,,2026-01-28,32.000000,True,True,,1.013117,1.007074,1.006000,,True,6,6
2025-12-27,2.3_fed,FOMC_67284,,2026-03-18,81.000000,False,True,,1.028517,1.016823,1.011500,,True,6,6
2025-12-27,2.3_fed,FOMC_75478,,2026-04-29,123.000000,False,True,,1.022929,1.002380,1.020500,,True,6,6
2025-12-28,2.3_fed,FOMC_101772,,2026-06-17,171.000000,False,True,,1.051424,1.010499,1.040500,,True,6,6
2025-12-28,2.3_fed,FOMC_45883,,2026-01-28,31.000000,True,True,,1.013007,1.009978,1.003000,,True,6,6
2025-12-28,2.3_fed,FOMC_67284,,2026-03-18,80.000000,False,True,,1.031939,1.023749,1.008000,,True,6,6
2025-12-28,2.3_fed,FOMC_75478,,2026-04-29,122.000000,False,True,,1.032431,1.002847,1.029500,,True,6,6
2025-12-29,2.3_fed,FOMC_101772,,2026-06-17,170.000000,False,True,,1.051226,1.005477,1.045500,,True,6,6
2025-12-29,2.3_fed,FOMC_45883,,2026-01-28,30.000000,True,True,,1.009424,1.004402,1.005000,,True,6,6
2025-12-29,2.3_fed,FOMC_67284,,2026-03-18,79.000000,False,True,,1.032394,1.028281,1.004000,,True,6,6
2025-12-29,2.3_fed,FOMC_75478,,2026-04-29,121.000000,False,True,,1.042779,1.004604,1.038000,,True,6,6
2025-12-30,2.3_fed,FOMC_101772,,2026-06-17,169.000000,False,True,,1.105401,1.005367,1.099500,,True,6,6
2025-12-30,2.3_fed,FOMC_45883,,2026-01-28,29.000000,True,True,,1.008796,1.004777,1.004000,,True,6,6
2025-12-30,2.3_fed,FOMC_67284,,2026-03-18,78.000000,False,True,,1.023976,1.021932,1.002000,,True,6,6
2025-12-30,2.3_fed,FOMC_75478,,2026-04-29,120.000000,False,True,,1.041887,1.009581,1.032000,,True,6,6
2025-12-31,2.3_fed,FOMC_101772,,2026-06-17,168.000000,False,True,,1.057668,1.009226,1.048000,,True,6,6
2025-12-31,2.3_fed,FOMC_45883,,2026-01-28,28.000000,True,True,,1.009772,1.004748,1.005000,,True,6,6
2025-12-31,2.3_fed,FOMC_67284,,2026-03-18,77.000000,False,True,,1.015568,1.013036,1.002500,,True,6,6
2025-12-31,2.3_fed,FOMC_75478,,2026-04-29,119.000000,False,True,,1.017927,1.011856,1.006000,,True,6,6
2026-01-01,2.3_fed,FOMC_101772,,2026-06-17,167.000000,False,True,,1.083829,1.014821,1.068000,,True,6,6
2026-01-01,2.3_fed,FOMC_45883,,2026-01-28,27.000000,True,True,,1.012943,1.008907,1.004000,,True,6,6
2026-01-01,2.3_fed,FOMC_67284,,2026-03-18,76.000000,False,True,,1.017635,1.015603,1.002000,,True,6,6
2026-01-01,2.3_fed,FOMC_75478,,2026-04-29,118.000000,False,True,,1.022129,1.013012,1.009000,,True,6,6
2026-01-02,2.3_fed,FOMC_101772,,2026-06-17,166.000000,False,True,,1.098145,1.021055,1.075500,,True,6,6
2026-01-02,2.3_fed,FOMC_45883,,2026-01-28,26.000000,True,True,,1.009375,1.007361,1.002000,,True,6,6
2026-01-02,2.3_fed,FOMC_67284,,2026-03-18,75.000000,False,True,,1.021442,1.011329,1.010000,,True,6,6
2026-01-02,2.3_fed,FOMC_75478,,2026-04-29,117.000000,False,True,,1.039697,1.028385,1.011000,,True,6,6
2026-01-03,2.3_fed,FOMC_101772,,2026-06-17,165.000000,False,True,,1.088656,1.014118,1.073500,,True,6,6
2026-01-03,2.3_fed,FOMC_45883,,2026-01-28,25.000000,True,True,,1.007291,1.005280,1.002000,,True,6,6
2026-01-03,2.3_fed,FOMC_67284,,2026-03-18,74.000000,False,True,,1.016832,1.009262,1.007500,,True,6,6
2026-01-03,2.3_fed,FOMC_75478,,2026-04-29,116.000000,False,True,,1.047857,1.025803,1.021500,,True,6,6
2026-01-04,2.3_fed,FOMC_101772,,2026-06-17,164.000000,False,True,,1.078391,1.008313,1.069500,,True,6,6
2026-01-04,2.3_fed,FOMC_45883,,2026-01-28,24.000000,True,True,,1.007417,1.006410,1.001000,,True,6,6
2026-01-04,2.3_fed,FOMC_67284,,2026-03-18,73.000000,False,True,,1.016155,1.008090,1.008000,,True,6,6
2026-01-04,2.3_fed,FOMC_75478,,2026-04-29,115.000000,False,True,,1.028327,1.016636,1.011500,,True,6,6
2026-01-05,2.3_fed,FOMC_101772,,2026-06-17,163.000000,False,True,,1.071619,1.002919,1.068500,,True,6,6
2026-01-05,2.3_fed,FOMC_45883,,2026-01-28,23.000000,True,True,,1.012788,1.002760,1.010000,,True,6,6
2026-01-05,2.3_fed,FOMC_67284,,2026-03-18,72.000000,False,True,,1.012643,1.010117,1.002500,,True,6,6
2026-01-05,2.3_fed,FOMC_75478,,2026-04-29,114.000000,False,True,,1.010370,1.005844,1.004500,,True,6,6
2026-01-06,2.3_fed,FOMC_101772,,2026-06-17,162.000000,False,True,,1.094635,1.007488,1.086500,,True,6,6
2026-01-06,2.3_fed,FOMC_45883,,2026-01-28,22.000000,True,True,,1.005330,1.004326,1.001000,,True,6,6
2026-01-06,2.3_fed,FOMC_67284,,2026-03-18,71.000000,False,True,,1.012517,1.011001,1.001500,,True,6,6
2026-01-06,2.3_fed,FOMC_75478,,2026-04-29,113.000000,False,True,,1.021236,1.012629,1.008500,,True,6,6
2026-01-07,2.3_fed,FOMC_101772,,2026-06-17,161.000000,False,True,,1.088544,1.008378,1.079500,,True,6,6
2026-01-07,2.3_fed,FOMC_45883,,2026-01-28,21.000000,True,True,,1.015175,1.006120,1.009000,,True,6,6
2026-01-07,2.3_fed,FOMC_67284,,2026-03-18,70.000000,False,True,,1.014903,1.008849,1.006000,,True,6,6
2026-01-07,2.3_fed,FOMC_75478,,2026-04-29,112.000000,False,True,,1.025540,1.012879,1.012500,,True,6,6
2026-01-08,2.3_fed,FOMC_101772,,2026-06-17,160.000000,False,True,,1.091604,1.005623,1.085500,,True,6,6
2026-01-08,2.3_fed,FOMC_45883,,2026-01-28,20.000000,True,True,,1.019834,1.009736,1.010000,,True,6,6
2026-01-08,2.3_fed,FOMC_67284,,2026-03-18,69.000000,False,True,,1.005901,1.005901,1.000000,,True,6,6
2026-01-08,2.3_fed,FOMC_75478,,2026-04-29,111.000000,False,True,,1.040075,1.019682,1.020000,,True,6,6
2026-01-09,2.3_fed,FOMC_101772,,2026-06-17,159.000000,False,True,,1.103376,1.005812,1.097000,,True,6,6
2026-01-09,2.3_fed,FOMC_45883,,2026-01-28,19.000000,True,True,,1.016044,1.005984,1.010000,,True,6,6
2026-01-09,2.3_fed,FOMC_67284,,2026-03-18,68.000000,False,True,,1.015926,1.011375,1.004500,,True,6,6
2026-01-09,2.3_fed,FOMC_75478,,2026-04-29,110.000000,False,True,,1.019430,1.018921,1.000500,,True,6,6
2026-01-10,2.3_fed,FOMC_101772,,2026-06-17,158.000000,False,True,,1.060210,1.012134,1.047500,,True,6,6
2026-01-10,2.3_fed,FOMC_45883,,2026-01-28,18.000000,True,True,,1.013152,1.011129,1.002000,,True,6,6
2026-01-10,2.3_fed,FOMC_67284,,2026-03-18,67.000000,False,True,,1.033341,1.025140,1.008000,,True,6,6
2026-01-10,2.3_fed,FOMC_75478,,2026-04-29,109.000000,False,True,,1.026640,1.016476,1.010000,,True,6,6
2026-01-11,2.3_fed,FOMC_101772,,2026-06-17,157.000000,False,True,,1.079139,1.020462,1.057500,,True,6,6
2026-01-11,2.3_fed,FOMC_45883,,2026-01-28,17.000000,True,True,,1.015359,1.014345,1.001000,,True,6,6
2026-01-11,2.3_fed,FOMC_67284,,2026-03-18,66.000000,False,True,,1.038667,1.022310,1.016000,,True,6,6
2026-01-11,2.3_fed,FOMC_75478,,2026-04-29,108.000000,False,True,,1.025800,1.015643,1.010000,,True,6,6
2026-01-12,2.3_fed,FOMC_101772,,2026-06-17,156.000000,False,True,,1.053038,1.017428,1.035000,,True,6,6
2026-01-12,2.3_fed,FOMC_45883,,2026-01-28,16.000000,True,True,,1.008796,1.005779,1.003000,,True,6,6
2026-01-12,2.3_fed,FOMC_67284,,2026-03-18,65.000000,False,True,,1.009809,1.008800,1.001000,,True,6,6
2026-01-12,2.3_fed,FOMC_75478,,2026-04-29,107.000000,False,True,,1.021398,1.011285,1.010000,,True,6,6
2026-01-13,2.3_fed,FOMC_101772,,2026-06-17,155.000000,False,True,,1.038835,1.010539,1.028000,,True,6,6
2026-01-13,2.3_fed,FOMC_45883,,2026-01-28,15.000000,True,True,,1.009010,1.007499,1.001500,,True,6,6
2026-01-13,2.3_fed,FOMC_67284,,2026-03-18,64.000000,False,True,,1.015389,1.007330,1.008000,,True,6,6
2026-01-13,2.3_fed,FOMC_75478,,2026-04-29,106.000000,False,True,,1.013882,1.011858,1.002000,,True,6,6
2026-01-14,2.3_fed,FOMC_101772,,2026-06-17,154.000000,False,True,,1.031326,1.004213,1.027000,,True,6,6
2026-01-14,2.3_fed,FOMC_45883,,2026-01-28,14.000000,True,True,,1.012583,1.011067,1.001500,,True,6,6
2026-01-14,2.3_fed,FOMC_67284,,2026-03-18,63.000000,False,True,,1.011401,1.009886,1.001500,,True,6,6
2026-01-14,2.3_fed,FOMC_75478,,2026-04-29,105.000000,False,True,,1.019218,1.017183,1.002000,,True,6,6
2026-01-15,2.3_fed,FOMC_101772,,2026-06-17,153.000000,False,True,,1.037041,1.003427,1.033500,,True,6,6
2026-01-15,2.3_fed,FOMC_45883,,2026-01-28,13.000000,True,True,,1.011057,1.010047,1.001000,,True,6,6
2026-01-15,2.3_fed,FOMC_67284,,2026-03-18,62.000000,False,True,,1.019054,1.014994,1.004000,,True,6,6
2026-01-15,2.3_fed,FOMC_75478,,2026-04-29,104.000000,False,True,,1.026808,1.021699,1.005000,,True,6,6
2026-01-16,2.3_fed,FOMC_101772,,2026-06-17,152.000000,False,True,,1.038438,1.003322,1.035000,,True,6,6
2026-01-16,2.3_fed,FOMC_45883,,2026-01-28,12.000000,True,True,,1.007467,1.006460,1.001000,,True,6,6
2026-01-16,2.3_fed,FOMC_67284,,2026-03-18,61.000000,False,True,,1.033987,1.030381,1.003500,,True,6,6
2026-01-16,2.3_fed,FOMC_75478,,2026-04-29,103.000000,False,True,,1.024796,1.020205,1.004500,,True,6,6
2026-01-17,2.3_fed,FOMC_101772,,2026-06-17,151.000000,False,True,,1.042479,1.002865,1.039500,,True,6,6
2026-01-17,2.3_fed,FOMC_45883,,2026-01-28,11.000000,True,True,,1.004695,1.003691,1.001000,,True,6,6
2026-01-17,2.3_fed,FOMC_67284,,2026-03-18,60.000000,False,True,,1.036409,1.027164,1.009000,,True,6,6
2026-01-17,2.3_fed,FOMC_75478,,2026-04-29,102.000000,False,True,,1.020257,1.012662,1.007500,,True,6,6
2026-01-18,2.3_fed,FOMC_101772,,2026-06-17,150.000000,False,True,,1.037681,1.004046,1.033500,,True,6,6
2026-01-18,2.3_fed,FOMC_45883,,2026-01-28,10.000000,True,True,,1.004903,1.003398,1.001500,,True,6,6
2026-01-18,2.3_fed,FOMC_67284,,2026-03-18,59.000000,False,True,,1.016158,1.014130,1.002000,,True,6,6
2026-01-18,2.3_fed,FOMC_75478,,2026-04-29,101.000000,False,True,,1.022502,1.011877,1.010500,,True,6,6
2026-01-19,2.3_fed,FOMC_101772,,2026-06-17,149.000000,False,True,,1.037667,1.005004,1.032500,,True,6,6
2026-01-19,2.3_fed,FOMC_45883,,2026-01-28,9.000000,True,True,,1.002805,1.001803,1.001000,,True,6,6
2026-01-19,2.3_fed,FOMC_67284,,2026-03-18,58.000000,False,True,,1.014665,1.008614,1.006000,,True,6,6
2026-01-19,2.3_fed,FOMC_75478,,2026-04-29,100.000000,False,True,,1.012852,1.009823,1.003000,,True,6,6
2026-01-20,2.3_fed,FOMC_101772,,2026-06-17,148.000000,False,True,,1.031130,1.008440,1.022500,,True,6,6
2026-01-20,2.3_fed,FOMC_45883,,2026-01-28,8.000000,True,True,,1.005207,1.003200,1.002000,,True,6,6
2026-01-20,2.3_fed,FOMC_67284,,2026-03-18,57.000000,False,True,,1.019157,1.009066,1.010000,,True,6,6
2026-01-20,2.3_fed,FOMC_75478,,2026-04-29,99.000000,False,True,,1.005518,1.005016,1.000500,,True,6,6
2026-01-21,2.3_fed,FOMC_101772,,2026-06-17,147.000000,False,True,,1.038423,1.007200,1.031000,,True,6,6
2026-01-21,2.3_fed,FOMC_45883,,2026-01-28,7.000000,True,True,,1.005417,1.004413,1.001000,,True,6,6
2026-01-21,2.3_fed,FOMC_67284,,2026-03-18,56.000000,False,True,,1.023684,1.013047,1.010500,,True,6,6
2026-01-21,2.3_fed,FOMC_75478,,2026-04-29,98.000000,False,True,,1.010961,1.008440,1.002500,,True,6,6
2026-01-22,2.3_fed,FOMC_101772,,2026-06-17,146.000000,False,True,,1.007941,1.007941,1.000000,,True,6,6
2026-01-22,2.3_fed,FOMC_45883,,2026-01-28,6.000000,True,True,,1.003628,1.002626,1.001000,,True,6,6
2026-01-22,2.3_fed,FOMC_67284,,2026-03-18,55.000000,False,True,,1.030145,1.022984,1.007000,,True,6,6
2026-01-22,2.3_fed,FOMC_75478,,2026-04-29,97.000000,False,True,,1.014120,1.014120,1.000000,,True,6,6
2026-01-23,2.3_fed,FOMC_101772,,2026-06-17,145.000000,False,True,,1.013941,1.013941,1.000000,,True,6,6
2026-01-23,2.3_fed,FOMC_45883,,2026-01-28,5.000000,True,True,,1.002825,1.001823,1.001000,,True,6,6
2026-01-23,2.3_fed,FOMC_67284,,2026-03-18,54.000000,False,True,,1.029029,1.021876,1.007000,,True,6,6
2026-01-23,2.3_fed,FOMC_75478,,2026-04-29,96.000000,False,True,,1.019842,1.019842,1.000000,,True,6,6
2026-01-24,2.3_fed,FOMC_101772,,2026-06-17,144.000000,False,True,,1.025043,1.008901,1.016000,,True,6,6
2026-01-24,2.3_fed,FOMC_45883,,2026-01-28,4.000000,True,True,,1.003800,1.001797,1.002000,1548810.182598,True,6,6
2026-01-24,2.3_fed,FOMC_67284,,2026-03-18,53.000000,False,True,,1.036601,1.028885,1.007500,,True,6,6
2026-01-24,2.3_fed,FOMC_75478,,2026-04-29,95.000000,False,True,,1.009979,1.001467,1.008500,,True,6,6
2026-01-25,2.3_fed,FOMC_101772,,2026-06-17,143.000000,False,True,,1.007596,1.007596,1.000000,,True,6,6
2026-01-25,2.3_fed,FOMC_45883,,2026-01-28,3.000000,True,True,,1.002751,1.002751,1.000000,2522390.598299,True,6,6
2026-01-25,2.3_fed,FOMC_67284,,2026-03-18,52.000000,False,True,,1.027691,1.024617,1.003000,,True,6,6
2026-01-25,2.3_fed,FOMC_75478,,2026-04-29,94.000000,False,True,,1.018106,1.018106,1.000000,,True,6,6
2026-01-26,2.3_fed,FOMC_101772,,2026-06-17,142.000000,False,True,,1.022416,1.010791,1.011500,,True,6,6
2026-01-26,2.3_fed,FOMC_45883,,2026-01-28,2.000000,True,True,,1.002828,1.002327,1.000500,7423857.668734,True,6,6
2026-01-26,2.3_fed,FOMC_67284,,2026-03-18,51.000000,False,True,,1.019541,1.014469,1.005000,,True,6,6
2026-01-26,2.3_fed,FOMC_75478,,2026-04-29,93.000000,False,True,,1.024389,1.014749,1.009500,,True,6,6
2026-01-27,2.3_fed,FOMC_101772,,2026-06-17,141.000000,False,True,,1.035732,1.015922,1.019500,,True,6,6
2026-01-27,2.3_fed,FOMC_45883,,2026-01-28,1.000000,True,True,,1.002676,1.001675,1.001000,10516646.005793,True,6,6
2026-01-27,2.3_fed,FOMC_67284,,2026-03-18,50.000000,False,True,,1.013984,1.006935,1.007000,,True,6,6
2026-01-27,2.3_fed,FOMC_75478,,2026-04-29,92.000000,False,True,,1.017902,1.008323,1.009500,,True,6,6
2026-01-28,2.3_fed,FOMC_101772,,2026-06-17,140.000000,False,True,,1.050201,1.019612,1.030000,,True,6,6
2026-01-28,2.3_fed,FOMC_45883,,2026-01-28,0.000000,True,True,,1.002609,1.001608,1.001000,10502936.409847,True,6,6
2026-01-28,2.3_fed,FOMC_67284,,2026-03-18,49.000000,False,True,,1.011477,1.003449,1.008000,,True,6,6
2026-01-28,2.3_fed,FOMC_75478,,2026-04-29,91.000000,False,True,,1.013074,1.009540,1.003500,,True,6,6
2026-01-29,2.3_fed,FOMC_101772,,2026-06-17,139.000000,False,True,,1.051984,1.039510,1.012000,,True,6,6
2026-01-29,2.3_fed,FOMC_67284,,2026-03-18,48.000000,True,True,,1.020787,1.018750,1.002000,,True,6,6
2026-01-29,2.3_fed,FOMC_75478,,2026-04-29,90.000000,False,True,,1.027793,1.019130,1.008500,,True,6,6
2026-01-30,2.3_fed,FOMC_101772,,2026-06-17,138.000000,False,True,,1.116949,1.078136,1.036000,,True,6,6
2026-01-30,2.3_fed,FOMC_67284,,2026-03-18,47.000000,True,True,,1.021081,1.020061,1.001000,,True,6,6
2026-01-30,2.3_fed,FOMC_75478,,2026-04-29,89.000000,False,True,,1.047635,1.021585,1.025500,,True,6,6
2026-01-31,2.3_fed,FOMC_101772,,2026-06-17,137.000000,False,True,,1.103674,1.086828,1.015500,,True,6,6
2026-01-31,2.3_fed,FOMC_67284,,2026-03-18,46.000000,True,True,,1.013085,1.009048,1.004000,,True,6,6
2026-01-31,2.3_fed,FOMC_75478,,2026-04-29,88.000000,False,True,,1.019245,1.014175,1.005000,,True,6,6
2026-02-01,2.3_fed,FOMC_101772,,2026-06-17,136.000000,False,True,,1.084537,1.081293,1.003000,,True,6,6
2026-02-01,2.3_fed,FOMC_67284,,2026-03-18,45.000000,True,True,,1.016458,1.008391,1.008000,,True,6,6
2026-02-01,2.3_fed,FOMC_75478,,2026-04-29,87.000000,False,True,,1.015141,1.012609,1.002500,,True,6,6
2026-02-02,2.3_fed,FOMC_101772,,2026-06-17,135.000000,False,True,,1.038236,1.034100,1.004000,,True,6,6
2026-02-02,2.3_fed,FOMC_67284,,2026-03-18,44.000000,True,True,,1.006887,1.006887,1.000000,,True,6,6
2026-02-02,2.3_fed,FOMC_75478,,2026-04-29,86.000000,False,True,,1.016565,1.007997,1.008500,,True,6,6
2026-02-03,2.3_fed,FOMC_101772,,2026-06-17,134.000000,False,True,,1.039564,1.030802,1.008500,,True,6,6
2026-02-03,2.3_fed,FOMC_67284,,2026-03-18,43.000000,True,True,,1.002729,1.002729,1.000000,,True,6,6
2026-02-03,2.3_fed,FOMC_75478,,2026-04-29,85.000000,False,True,,1.017680,1.013121,1.004500,,True,6,6
2026-02-04,2.3_fed,FOMC_101772,,2026-06-17,133.000000,False,True,,1.035497,1.026261,1.009000,,True,6,6
2026-02-04,2.3_fed,FOMC_67284,,2026-03-18,42.000000,True,True,,1.004578,1.003575,1.001000,,True,6,6
2026-02-04,2.3_fed,FOMC_75478,,2026-04-29,84.000000,False,True,,1.016940,1.010874,1.006000,,True,6,6
2026-02-05,2.3_fed,FOMC_101772,,2026-06-17,132.000000,False,True,,1.031883,1.015633,1.016000,,True,6,6
2026-02-05,2.3_fed,FOMC_67284,,2026-03-18,41.000000,True,True,,1.014083,1.005037,1.009000,,True,6,6
2026-02-05,2.3_fed,FOMC_75478,,2026-04-29,83.000000,False,True,,1.007469,1.006463,1.001000,,True,6,6
2026-02-06,2.3_fed,FOMC_101772,,2026-06-17,131.000000,False,True,,1.059569,1.025720,1.033000,,True,6,6
2026-02-06,2.3_fed,FOMC_67284,,2026-03-18,40.000000,True,True,,1.040835,1.028493,1.012000,,True,6,6
2026-02-06,2.3_fed,FOMC_75478,,2026-04-29,82.000000,False,True,,1.018640,1.017114,1.001500,,True,6,6
2026-02-07,2.3_fed,FOMC_101772,,2026-06-17,130.000000,False,True,,1.043628,1.027193,1.016000,,True,6,6
2026-02-07,2.3_fed,FOMC_67284,,2026-03-18,39.000000,True,True,,1.037114,1.036078,1.001000,,True,6,6
2026-02-07,2.3_fed,FOMC_75478,,2026-04-29,81.000000,False,True,,1.020948,1.019928,1.001000,,True,6,6
2026-02-08,2.3_fed,FOMC_101772,,2026-06-17,129.000000,False,True,,1.027198,1.027198,1.000000,,True,6,6
2026-02-08,2.3_fed,FOMC_67284,,2026-03-18,38.000000,True,True,,1.029247,1.019057,1.010000,,True,6,6
2026-02-08,2.3_fed,FOMC_75478,,2026-04-29,80.000000,False,True,,1.011397,1.011397,1.000000,,True,6,6
2026-02-09,2.3_fed,FOMC_101772,,2026-06-17,128.000000,False,True,,1.038481,1.038481,1.000000,,True,6,6
2026-02-09,2.3_fed,FOMC_67284,,2026-03-18,37.000000,True,True,,1.011811,1.009791,1.002000,,True,6,6
2026-02-09,2.3_fed,FOMC_75478,,2026-04-29,79.000000,False,True,,1.007657,1.007657,1.000000,,True,6,6
2026-02-10,2.3_fed,FOMC_101772,,2026-06-17,127.000000,False,False,sem_par_adjacente,,,1.000000,,True,6,6
2026-02-10,2.3_fed,FOMC_67284,,2026-03-18,36.000000,True,True,,1.011245,1.010235,1.001000,,True,6,6
2026-02-10,2.3_fed,FOMC_75478,,2026-04-29,78.000000,False,False,sem_par_adjacente,,,1.000000,,True,6,6
2026-02-11,2.3_fed,FOMC_101772,,2026-06-17,126.000000,False,True,,1.020424,1.010321,1.010000,,True,6,6
2026-02-11,2.3_fed,FOMC_67284,,2026-03-18,35.000000,True,True,,1.022396,1.013276,1.009000,,True,6,6
2026-02-11,2.3_fed,FOMC_75478,,2026-04-29,77.000000,False,False,sem_par_adjacente,,,1.002000,,True,6,6
2026-02-12,2.3_fed,FOMC_101772,,2026-06-17,125.000000,False,True,,1.051181,1.039744,1.011000,,True,6,6
2026-02-12,2.3_fed,FOMC_67284,,2026-03-18,34.000000,True,True,,1.032740,1.031708,1.001000,,True,6,6
2026-02-12,2.3_fed,FOMC_75478,,2026-04-29,76.000000,False,True,,1.098147,1.067198,1.029000,,True,6,6
2026-02-13,2.3_fed,FOMC_101772,,2026-06-17,124.000000,False,True,,1.044109,1.027667,1.016000,,True,6,6
2026-02-13,2.3_fed,FOMC_67284,,2026-03-18,33.000000,True,True,,1.033734,1.030642,1.003000,,True,6,6
2026-02-13,2.3_fed,FOMC_75478,,2026-04-29,75.000000,False,True,,1.054549,1.046179,1.008000,,True,6,6
2026-02-14,2.3_fed,FOMC_101772,,2026-06-17,123.000000,False,True,,1.029103,1.017402,1.011500,,True,6,6
2026-02-14,2.3_fed,FOMC_67284,,2026-03-18,32.000000,True,True,,1.009116,1.006097,1.003000,,True,6,6
2026-02-14,2.3_fed,FOMC_75478,,2026-04-29,74.000000,False,True,,1.026232,1.022652,1.003500,,True,6,6
2026-02-15,2.3_fed,FOMC_101772,,2026-06-17,122.000000,False,True,,1.019170,1.016628,1.002500,,True,6,6
2026-02-15,2.3_fed,FOMC_67284,,2026-03-18,31.000000,True,True,,1.010388,1.005361,1.005000,,True,6,6
2026-02-15,2.3_fed,FOMC_75478,,2026-04-29,73.000000,False,True,,1.013459,1.013459,1.000000,,True,6,6
2026-02-16,2.3_fed,FOMC_101772,,2026-06-17,121.000000,False,True,,1.013404,1.013404,1.000000,,True,6,6
2026-02-16,2.3_fed,FOMC_67284,,2026-03-18,30.000000,True,True,,1.005878,1.003870,1.002000,,True,6,6
2026-02-16,2.3_fed,FOMC_75478,,2026-04-29,72.000000,False,True,,1.012231,1.012231,1.000000,,True,6,6
2026-02-17,2.3_fed,FOMC_101772,,2026-06-17,120.000000,False,True,,1.012289,1.012289,1.000000,,True,6,6
2026-02-17,2.3_fed,FOMC_67284,,2026-03-18,29.000000,True,True,,1.002989,1.000987,1.002000,,True,6,6
2026-02-17,2.3_fed,FOMC_75478,,2026-04-29,71.000000,False,False,sem_par_adjacente,,,1.000000,,True,6,6
2026-02-18,2.3_fed,FOMC_101772,,2026-06-17,119.000000,False,False,sem_par_adjacente,,,1.013000,,True,6,6
2026-02-18,2.3_fed,FOMC_67284,,2026-03-18,28.000000,True,True,,1.003397,1.000396,1.003000,,True,6,6
2026-02-18,2.3_fed,FOMC_75478,,2026-04-29,70.000000,False,False,sem_par_adjacente,,,1.000000,,True,6,6
2026-02-19,2.3_fed,FOMC_67284,,2026-03-18,27.000000,True,True,,1.002602,1.002602,1.000000,,True,6,6
2026-02-19,2.3_fed,FOMC_75478,,2026-04-29,69.000000,False,False,sem_par_adjacente,,,1.000000,,True,6,6
2026-02-20,2.3_fed,FOMC_101772,,2026-06-17,117.000000,False,True,,1.057124,1.044073,1.012500,,True,5,6
2026-02-20,2.3_fed,FOMC_67284,,2026-03-18,26.000000,True,True,,1.005971,1.004465,1.001500,,True,6,6
2026-02-20,2.3_fed,FOMC_75478,,2026-04-29,68.000000,False,True,,1.028710,1.026656,1.002000,,True,6,6
2026-02-21,2.3_fed,FOMC_101772,,2026-06-17,116.000000,False,True,,1.041056,1.032282,1.008500,,True,5,6
2026-02-21,2.3_fed,FOMC_67284,,2026-03-18,25.000000,True,True,,1.005803,1.005803,1.000000,,True,6,6
2026-02-21,2.3_fed,FOMC_75478,,2026-04-29,67.000000,False,True,,1.024739,1.016102,1.008500,,True,6,6
2026-02-22,2.3_fed,FOMC_101772,,2026-06-17,115.000000,False,True,,1.026327,1.022748,1.003500,,True,6,6
2026-02-22,2.3_fed,FOMC_67284,,2026-03-18,24.000000,True,True,,1.005483,1.005483,1.000000,,True,6,6
2026-02-22,2.3_fed,FOMC_75478,,2026-04-29,66.000000,False,True,,1.016836,1.011777,1.005000,,True,6,6
2026-02-23,2.3_fed,FOMC_101772,,2026-06-17,114.000000,False,True,,1.015061,1.014553,1.000500,,True,6,6
2026-02-23,2.3_fed,FOMC_67284,,2026-03-18,23.000000,True,True,,1.004446,1.003443,1.001000,,True,6,6
2026-02-23,2.3_fed,FOMC_75478,,2026-04-29,65.000000,False,True,,1.016489,1.011935,1.004500,,True,6,6
2026-02-24,2.3_fed,FOMC_101772,,2026-06-17,113.000000,False,True,,1.015653,1.015653,1.000000,,True,6,6
2026-02-24,2.3_fed,FOMC_67284,,2026-03-18,22.000000,True,True,,1.001901,1.001901,1.000000,,True,6,6
2026-02-24,2.3_fed,FOMC_75478,,2026-04-29,64.000000,False,True,,1.014328,1.014328,1.000000,,True,6,6
2026-02-25,2.3_fed,FOMC_101772,,2026-06-17,112.000000,False,True,,1.031568,1.022367,1.009000,,True,6,6
2026-02-25,2.3_fed,FOMC_67284,,2026-03-18,21.000000,True,True,,1.006401,1.002392,1.004000,,True,6,6
2026-02-25,2.3_fed,FOMC_75478,,2026-04-29,63.000000,False,True,,1.019092,1.019092,1.000000,,True,6,6
2026-02-26,2.3_fed,FOMC_101772,,2026-06-17,111.000000,False,True,,1.019306,1.019306,1.000000,,True,6,6
2026-02-26,2.3_fed,FOMC_67284,,2026-03-18,20.000000,True,True,,1.005622,1.003115,1.002500,,True,6,6
2026-02-26,2.3_fed,FOMC_75478,,2026-04-29,62.000000,False,False,sem_par_adjacente,,,1.000000,,True,6,6
2026-02-27,2.3_fed,FOMC_101772,,2026-06-17,110.000000,False,True,,1.019306,1.019306,1.000000,,True,6,6
2026-02-27,2.3_fed,FOMC_67284,,2026-03-18,19.000000,True,True,,1.002802,1.002802,1.000000,,True,6,6
2026-02-27,2.3_fed,FOMC_75478,,2026-04-29,61.000000,False,False,sem_par_adjacente,,,1.000000,,True,6,6
2026-02-28,2.3_fed,FOMC_101772,,2026-06-17,109.000000,False,False,sem_par_adjacente,,,1.000000,,True,6,6
2026-02-28,2.3_fed,FOMC_67284,,2026-03-18,18.000000,True,True,,1.008684,1.007174,1.001500,,True,6,6
2026-02-28,2.3_fed,FOMC_75478,,2026-04-29,60.000000,False,False,sem_par_adjacente,,,1.000000,,True,6,6
2026-03-01,2.3_fed,FOMC_101772,,2026-06-17,108.000000,False,False,sem_par_adjacente,,,1.021000,,True,6,6
2026-03-01,2.3_fed,FOMC_67284,,2026-03-18,17.000000,True,True,,1.007987,1.007987,1.000000,,True,6,6
2026-03-01,2.3_fed,FOMC_75478,,2026-04-29,59.000000,False,False,sem_par_adjacente,,,1.006500,,True,6,6
2026-03-02,2.3_fed,FOMC_101772,,2026-06-17,107.000000,False,False,sem_par_adjacente,,,1.010000,,True,6,6
2026-03-02,2.3_fed,FOMC_67284,,2026-03-18,16.000000,True,True,,1.009986,1.008977,1.001000,,True,6,6
2026-03-02,2.3_fed,FOMC_75478,,2026-04-29,58.000000,False,False,sem_par_adjacente,,,1.012000,,True,6,6
2026-03-03,2.3_fed,FOMC_101772,,2026-06-17,106.000000,False,True,,1.105147,1.090426,1.013500,,True,6,6
2026-03-03,2.3_fed,FOMC_67284,,2026-03-18,15.000000,True,True,,1.010891,1.005861,1.005000,,True,6,6
2026-03-03,2.3_fed,FOMC_75478,,2026-04-29,57.000000,False,True,,1.012013,1.012013,1.000000,,True,6,6
2026-03-04,2.3_fed,FOMC_101772,,2026-06-17,105.000000,False,True,,1.089431,1.082395,1.006500,,True,6,6
2026-03-04,2.3_fed,FOMC_67284,,2026-03-18,14.000000,True,True,,1.006052,1.005047,1.001000,,True,6,6
2026-03-04,2.3_fed,FOMC_75478,,2026-04-29,56.000000,False,True,,1.011841,1.010830,1.001000,,True,6,6
2026-03-05,2.3_fed,FOMC_67284,,2026-03-18,13.000000,True,True,,1.007077,1.006071,1.001000,,True,6,6
2026-03-05,2.3_fed,FOMC_75478,,2026-04-29,55.000000,False,True,,1.019808,1.019808,1.000000,,True,6,6
2026-03-06,2.3_fed,FOMC_101772,,2026-06-17,103.000000,False,True,,1.041310,1.035099,1.006000,,True,5,6
2026-03-06,2.3_fed,FOMC_67284,,2026-03-18,12.000000,True,True,,1.004188,1.004188,1.000000,,True,6,6
2026-03-06,2.3_fed,FOMC_75478,,2026-04-29,54.000000,False,True,,1.025115,1.017484,1.007500,,True,6,6
2026-03-07,2.3_fed,FOMC_101772,,2026-06-17,102.000000,False,True,,1.072269,1.057987,1.013500,,True,5,6
2026-03-07,2.3_fed,FOMC_67284,,2026-03-18,11.000000,True,True,,1.004789,1.003785,1.001000,3995314.089192,True,6,6
2026-03-07,2.3_fed,FOMC_75478,,2026-04-29,53.000000,False,True,,1.014535,1.014535,1.000000,,True,6,6
2026-03-08,2.3_fed,FOMC_101772,,2026-06-17,101.000000,False,True,,1.051661,1.050610,1.001000,,True,6,6
2026-03-08,2.3_fed,FOMC_67284,,2026-03-18,10.000000,True,True,,1.002693,1.002693,1.000000,3074382.686707,True,6,6
2026-03-08,2.3_fed,FOMC_75478,,2026-04-29,52.000000,False,True,,1.022097,1.010976,1.011000,,True,6,6
2026-03-09,2.3_fed,FOMC_101772,,2026-06-17,100.000000,False,True,,1.047261,1.042051,1.005000,,True,6,6
2026-03-09,2.3_fed,FOMC_67284,,2026-03-18,9.000000,True,True,,1.002597,1.001595,1.001000,4249962.561185,True,6,6
2026-03-09,2.3_fed,FOMC_75478,,2026-04-29,51.000000,False,True,,1.030244,1.020044,1.010000,,True,6,6
2026-03-10,2.3_fed,FOMC_101772,,2026-06-17,99.000000,False,True,,1.053863,1.049142,1.004500,,True,6,6
2026-03-10,2.3_fed,FOMC_67284,,2026-03-18,8.000000,True,True,,1.001995,1.001494,1.000500,1708958.880323,True,6,6
2026-03-10,2.3_fed,FOMC_75478,,2026-04-29,50.000000,False,True,,1.023923,1.018829,1.005000,,True,6,6
2026-03-11,2.3_fed,FOMC_101772,,2026-06-17,98.000000,False,True,,1.045784,1.045784,1.000000,,True,6,6
2026-03-11,2.3_fed,FOMC_67284,,2026-03-18,7.000000,True,True,,1.002597,1.001596,1.001000,9653310.060665,True,6,6
2026-03-11,2.3_fed,FOMC_75478,,2026-04-29,49.000000,False,True,,1.011869,1.011869,1.000000,,True,6,6
2026-03-12,2.3_fed,FOMC_101772,,2026-06-17,97.000000,False,True,,1.046589,1.046589,1.000000,,True,6,6
2026-03-12,2.3_fed,FOMC_67284,,2026-03-18,6.000000,True,True,,1.002997,1.001995,1.001000,7366860.279383,True,6,6
2026-03-12,2.3_fed,FOMC_75478,,2026-04-29,48.000000,False,True,,1.013352,1.013352,1.000000,,True,6,6
2026-03-13,2.3_fed,FOMC_101772,,2026-06-17,96.000000,False,False,sem_par_adjacente,,,1.007500,,True,5,6
2026-03-13,2.3_fed,FOMC_67284,,2026-03-18,5.000000,True,True,,1.002399,1.001397,1.001000,4114546.321472,True,6,6
2026-03-13,2.3_fed,FOMC_75478,,2026-04-29,47.000000,False,False,sem_par_adjacente,,,1.000000,,True,6,6
2026-03-14,2.3_fed,FOMC_101772,,2026-06-17,95.000000,False,True,,1.045019,1.033138,1.011500,,True,5,6
2026-03-14,2.3_fed,FOMC_67284,,2026-03-18,4.000000,True,True,,1.001602,1.000601,1.001000,4248366.498855,True,6,6
2026-03-14,2.3_fed,FOMC_75478,,2026-04-29,46.000000,False,False,sem_par_adjacente,,,1.000000,,True,6,6
2026-03-15,2.3_fed,FOMC_101772,,2026-06-17,94.000000,False,True,,1.031195,1.025045,1.006000,,True,5,6
2026-03-15,2.3_fed,FOMC_67284,,2026-03-18,3.000000,True,True,,1.000800,1.000800,1.000000,257257.302356,True,6,6
2026-03-15,2.3_fed,FOMC_75478,,2026-04-29,45.000000,False,False,sem_par_adjacente,,,1.000000,,True,6,6
2026-03-16,2.3_fed,FOMC_101772,,2026-06-17,93.000000,False,True,,1.028073,1.019409,1.008500,,True,6,6
2026-03-16,2.3_fed,FOMC_67284,,2026-03-18,2.000000,True,True,,1.002002,1.001001,1.001000,5061409.578746,True,6,6
2026-03-16,2.3_fed,FOMC_75478,,2026-04-29,44.000000,False,False,sem_par_adjacente,,,1.000500,,True,6,6
2026-03-17,2.3_fed,FOMC_101772,,2026-06-17,92.000000,False,True,,1.019977,1.019467,1.000500,,True,6,6
2026-03-17,2.3_fed,FOMC_67284,,2026-03-18,1.000000,True,True,,1.001667,1.000667,1.001000,6096475.906452,True,6,6
2026-03-17,2.3_fed,FOMC_75478,,2026-04-29,43.000000,False,True,,1.010142,1.003618,1.006500,,True,6,6
2026-03-18,2.3_fed,FOMC_101772,,2026-06-17,91.000000,False,True,,1.030229,1.020534,1.009500,,True,6,6
2026-03-18,2.3_fed,FOMC_67284,,2026-03-18,0.000000,True,True,,1.000666,1.000666,1.000000,5761256.779872,True,6,6
2026-03-18,2.3_fed,FOMC_75478,,2026-04-29,42.000000,False,True,,1.003724,1.003724,1.000000,,True,6,6
2026-03-19,2.3_fed,FOMC_101772,,2026-06-17,90.000000,False,True,,1.078265,1.066006,1.011500,,True,6,6
2026-03-19,2.3_fed,FOMC_75478,,2026-04-29,41.000000,True,True,,1.010612,1.004585,1.006000,,True,6,6
2026-03-20,2.3_fed,FOMC_101772,,2026-06-17,89.000000,False,True,,1.073985,1.061775,1.011500,,True,6,6
2026-03-20,2.3_fed,FOMC_75478,,2026-04-29,40.000000,True,True,,1.007433,1.005422,1.002000,,True,6,6
2026-03-21,2.3_fed,FOMC_101772,,2026-06-17,88.000000,False,True,,1.031221,1.021011,1.010000,,True,6,6
2026-03-21,2.3_fed,FOMC_75478,,2026-04-29,39.000000,True,True,,1.007589,1.007085,1.000500,,True,6,6
2026-03-22,2.3_fed,FOMC_101772,,2026-06-17,87.000000,False,True,,1.018337,1.015798,1.002500,,True,6,6
2026-03-22,2.3_fed,FOMC_75478,,2026-04-29,38.000000,True,True,,1.005219,1.004717,1.000500,,True,6,6
2026-03-23,2.3_fed,FOMC_101772,,2026-06-17,86.000000,False,True,,1.022011,1.016927,1.005000,,True,6,6
2026-03-23,2.3_fed,FOMC_75478,,2026-04-29,37.000000,True,True,,1.004522,1.003018,1.001500,,True,6,6
2026-03-24,2.3_fed,FOMC_101772,,2026-06-17,85.000000,False,True,,1.019624,1.015056,1.004500,,True,6,6
2026-03-24,2.3_fed,FOMC_75478,,2026-04-29,36.000000,True,True,,1.002802,1.002802,1.000000,,True,6,6
2026-03-25,2.3_fed,FOMC_101772,,2026-06-17,84.000000,False,True,,1.011267,1.010257,1.001000,,True,6,6
2026-03-25,2.3_fed,FOMC_75478,,2026-04-29,35.000000,True,True,,1.005285,1.002278,1.003000,,True,6,6
2026-03-26,2.3_fed,FOMC_101772,,2026-06-17,83.000000,False,True,,1.012897,1.006856,1.006000,,True,6,6
2026-03-26,2.3_fed,FOMC_75478,,2026-04-29,34.000000,True,True,,1.004705,1.002200,1.002500,,True,6,6
2026-03-27,2.3_fed,FOMC_101772,,2026-06-17,82.000000,False,True,,1.018224,1.007145,1.011000,,True,6,6
2026-03-27,2.3_fed,FOMC_75478,,2026-04-29,33.000000,True,True,,1.002715,1.002715,1.000000,,True,6,6
2026-03-28,2.3_fed,FOMC_101772,,2026-06-17,81.000000,False,True,,1.019092,1.007505,1.011500,,True,6,6
2026-03-28,2.3_fed,FOMC_75478,,2026-04-29,32.000000,True,True,,1.004399,1.003396,1.001000,,True,6,6
2026-03-29,2.3_fed,FOMC_101772,,2026-06-17,80.000000,False,True,,1.006052,1.006052,1.000000,,True,6,6
2026-03-29,2.3_fed,FOMC_75478,,2026-04-29,31.000000,True,True,,1.003014,1.003014,1.000000,,True,6,6
2026-03-30,2.3_fed,FOMC_101772,,2026-06-17,79.000000,False,True,,1.005736,1.005736,1.000000,,True,5,6
2026-03-30,2.3_fed,FOMC_75478,,2026-04-29,30.000000,True,True,,1.000989,1.000989,1.000000,,True,6,6
2026-03-31,2.3_fed,FOMC_75478,,2026-04-29,29.000000,True,False,sem_par_adjacente,,,1.000000,,True,6,6
2026-04-01,2.3_fed,FOMC_75478,,2026-04-29,28.000000,True,False,sem_par_adjacente,,,1.000000,,True,6,6
2026-04-02,2.3_fed,FOMC_101772,,2026-06-17,76.000000,False,False,sem_par_adjacente,,,1.000000,,True,3,6
2026-04-02,2.3_fed,FOMC_75478,,2026-04-29,27.000000,True,False,sem_par_adjacente,,,1.000000,,True,6,6
2026-04-03,2.3_fed,FOMC_101772,,2026-06-17,75.000000,False,False,sem_par_adjacente,,,1.000000,,True,3,6
2026-04-03,2.3_fed,FOMC_75478,,2026-04-29,26.000000,True,False,sem_par_adjacente,,,1.000000,,True,6,6
2026-04-04,2.3_fed,FOMC_75478,,2026-04-29,25.000000,True,False,sem_par_adjacente,,,1.000000,,True,6,6
2026-04-05,2.3_fed,FOMC_75478,,2026-04-29,24.000000,True,False,sem_par_adjacente,,,1.000000,148939.496834,True,6,6
2026-04-06,2.3_fed,FOMC_101772,,2026-06-17,72.000000,False,False,sem_par_adjacente,,,1.000000,,True,2,6
2026-04-06,2.3_fed,FOMC_75478,,2026-04-29,23.000000,True,False,sem_par_adjacente,,,1.000000,196766.664199,True,6,6
2026-04-07,2.3_fed,FOMC_75478,,2026-04-29,22.000000,True,False,sem_par_adjacente,,,1.000000,107019.254848,True,6,6
2026-04-08,2.3_fed,FOMC_101772,,2026-06-17,70.000000,False,False,sem_par_adjacente,,,1.002500,,True,2,6
2026-04-08,2.3_fed,FOMC_75478,,2026-04-29,21.000000,True,False,sem_par_adjacente,,,1.000000,,True,5,6
2026-04-09,2.3_fed,FOMC_75478,,2026-04-29,20.000000,True,False,sem_par_adjacente,,,1.000000,310439.270011,True,5,6
2026-04-10,2.3_fed,FOMC_75478,,2026-04-29,19.000000,True,False,sem_par_adjacente,,,1.000000,311004.599576,True,4,6
2026-04-11,2.3_fed,FOMC_75478,,2026-04-29,18.000000,True,False,sem_par_adjacente,,,1.000000,197713.041096,True,4,6
2026-04-12,2.3_fed,FOMC_75478,,2026-04-29,17.000000,True,False,sem_par_adjacente,,,1.000000,93699.241975,True,4,6
2026-04-15,2.3_fed,FOMC_75478,,2026-04-29,14.000000,True,False,sem_par_adjacente,,,1.000000,505242.854591,True,3,6
2026-04-16,2.3_fed,FOMC_75478,,2026-04-29,13.000000,True,False,sem_par_adjacente,,,1.000000,151155.769898,True,4,6
2026-04-17,2.3_fed,FOMC_75478,,2026-04-29,12.000000,True,False,sem_par_adjacente,,,1.000000,176069.001069,True,5,6
2026-04-18,2.3_fed,FOMC_75478,,2026-04-29,11.000000,True,False,sem_par_adjacente,,,1.000000,11458.863150,True,5,6
2026-04-19,2.3_fed,FOMC_101772,,2026-06-17,59.000000,False,False,sem_par_adjacente,,,1.000000,,True,3,6
2026-04-19,2.3_fed,FOMC_75478,,2026-04-29,10.000000,True,False,sem_par_adjacente,,,1.000000,47315.019267,True,5,6
2026-04-20,2.3_fed,FOMC_101772,,2026-06-17,58.000000,False,False,sem_par_adjacente,,,1.000000,,True,4,6
2026-04-20,2.3_fed,FOMC_75478,,2026-04-29,9.000000,True,False,sem_par_adjacente,,,1.000000,370894.299692,True,6,6
2026-04-21,2.3_fed,FOMC_75478,,2026-04-29,8.000000,True,False,sem_par_adjacente,,,1.000000,32403.981298,True,6,6
2026-04-22,2.3_fed,FOMC_101772,,2026-06-17,56.000000,False,True,,1.005937,1.001929,1.004000,,True,3,6
2026-04-22,2.3_fed,FOMC_75478,,2026-04-29,7.000000,True,True,,1.000000,1.000000,1.000000,187306.604225,True,6,6
2026-04-23,2.3_fed,FOMC_101772,,2026-06-17,55.000000,False,True,,1.006044,1.003035,1.003000,,True,4,6
2026-04-23,2.3_fed,FOMC_75478,,2026-04-29,6.000000,True,True,,1.001666,1.000665,1.001000,116142.578984,True,6,6
2026-04-24,2.3_fed,FOMC_101772,,2026-06-17,54.000000,False,True,,1.009145,1.005625,1.003500,,True,6,6
2026-04-24,2.3_fed,FOMC_75478,,2026-04-29,5.000000,True,True,,1.001399,1.000399,1.001000,2413228.143355,True,6,6
2026-04-25,2.3_fed,FOMC_101772,,2026-06-17,53.000000,False,True,,1.008009,1.005496,1.002500,,True,6,6
2026-04-25,2.3_fed,FOMC_75478,,2026-04-29,4.000000,True,True,,1.001799,1.000798,1.001000,305674.984439,True,6,6
2026-04-26,2.3_fed,FOMC_101772,,2026-06-17,52.000000,False,True,,1.009070,1.006052,1.003000,,True,6,6
2026-04-26,2.3_fed,FOMC_75478,,2026-04-29,3.000000,True,True,,1.001600,1.000599,1.001000,3271289.920189,True,6,6
2026-04-27,2.3_fed,FOMC_101772,,2026-06-17,51.000000,False,True,,1.011128,1.004099,1.007000,,True,6,6
2026-04-27,2.3_fed,FOMC_75478,,2026-04-29,2.000000,True,True,,1.000999,1.000999,1.000000,194406.398635,True,6,6
2026-04-28,2.3_fed,FOMC_101772,,2026-06-17,50.000000,False,True,,1.006105,1.004097,1.002000,,True,6,6
2026-04-28,2.3_fed,FOMC_75478,,2026-04-29,1.000000,True,True,,1.000400,1.000400,1.000000,835925.253269,True,6,6
2026-04-29,2.3_fed,FOMC_101772,,2026-06-17,49.000000,False,True,,1.007357,1.005346,1.002000,,True,6,6
2026-04-29,2.3_fed,FOMC_75478,,2026-04-29,0.000000,True,True,,1.001401,1.000400,1.001000,4129550.491115,True,6,6
2026-04-30,2.3_fed,FOMC_101772,,2026-06-17,48.000000,True,True,,1.011287,1.007258,1.004000,,True,6,6
2026-05-01,2.3_fed,FOMC_101772,,2026-06-17,47.000000,True,True,,1.012179,1.008147,1.004000,,True,6,6
2026-05-02,2.3_fed,FOMC_101772,,2026-06-17,46.000000,True,True,,1.016846,1.007776,1.009000,,True,6,6
2026-05-03,2.3_fed,FOMC_101772,,2026-06-17,45.000000,True,True,,1.015494,1.004445,1.011000,,True,6,6
2026-05-04,2.3_fed,FOMC_101772,,2026-06-17,44.000000,True,True,,1.012781,1.001267,1.011500,,True,6,6
2026-05-05,2.3_fed,FOMC_101772,,2026-06-17,43.000000,True,True,,1.006769,1.003758,1.003000,,True,6,6
2026-05-06,2.3_fed,FOMC_101772,,2026-06-17,42.000000,True,True,,1.016921,1.005857,1.011000,,True,6,6
2026-05-07,2.3_fed,FOMC_101772,,2026-06-17,41.000000,True,True,,1.011478,1.004447,1.007000,,True,6,6
2026-05-08,2.3_fed,FOMC_101772,,2026-06-17,40.000000,True,True,,1.007045,1.004033,1.003000,,True,6,6
2026-05-09,2.3_fed,FOMC_101772,,2026-06-17,39.000000,True,True,,1.009476,1.004954,1.004500,,True,6,6
2026-05-10,2.3_fed,FOMC_101772,,2026-06-17,38.000000,True,True,,1.007190,1.004679,1.002500,,True,6,6
2026-05-11,2.3_fed,FOMC_101772,,2026-06-17,37.000000,True,True,,1.004122,1.001618,1.002500,,True,6,6
2026-05-12,2.3_fed,FOMC_101772,,2026-06-17,36.000000,True,True,,1.005112,1.002105,1.003000,,True,6,6
2026-05-13,2.3_fed,FOMC_101772,,2026-06-17,35.000000,True,True,,1.005305,1.002798,1.002500,,True,6,6
2026-05-14,2.3_fed,FOMC_101772,,2026-06-17,34.000000,True,True,,1.006099,1.002590,1.003500,,True,6,6
2026-05-15,2.3_fed,FOMC_101772,,2026-06-17,33.000000,True,True,,1.005485,1.001978,1.003500,,True,6,6
2026-05-16,2.3_fed,FOMC_101772,,2026-06-17,32.000000,True,True,,1.005688,1.002181,1.003500,,True,6,6
2026-05-17,2.3_fed,FOMC_101772,,2026-06-17,31.000000,True,True,,1.003686,1.002183,1.001500,,True,6,6
2026-05-18,2.3_fed,FOMC_101772,,2026-06-17,30.000000,True,True,,1.005296,1.001790,1.003500,,True,6,6
2026-05-19,2.3_fed,FOMC_101772,,2026-06-17,29.000000,True,True,,1.004492,1.001987,1.002500,,True,6,6
2026-05-20,2.3_fed,FOMC_101772,,2026-06-17,28.000000,True,True,,1.005299,1.001792,1.003500,,True,6,6
2026-05-21,2.3_fed,FOMC_101772,,2026-06-17,27.000000,True,True,,1.004898,1.001393,1.003500,,True,6,6
2026-05-22,2.3_fed,FOMC_101772,,2026-06-17,26.000000,True,True,,1.004496,1.001991,1.002500,,True,6,6
2026-05-23,2.3_fed,FOMC_101772,,2026-06-17,25.000000,True,True,,1.005704,1.002197,1.003500,,True,6,6
2026-05-24,2.3_fed,FOMC_101772,,2026-06-17,24.000000,True,True,,1.006517,1.002507,1.004000,,True,6,6
2026-05-25,2.3_fed,FOMC_101772,,2026-06-17,23.000000,True,True,,1.006108,1.002599,1.003500,,True,6,6
2026-05-26,2.3_fed,FOMC_101772,,2026-06-17,22.000000,True,True,,1.005012,1.002006,1.003000,,True,6,6
2026-05-27,2.3_fed,FOMC_101772,,2026-06-17,21.000000,True,True,,1.006117,1.001609,1.004500,,True,6,6
2026-05-28,2.3_fed,FOMC_101772,,2026-06-17,20.000000,True,True,,1.004092,1.001588,1.002500,,True,6,6
2026-05-30,2.3_fed,FOMC_101772,,2026-06-17,18.000000,True,True,,1.003148,1.002647,1.000500,,True,5,6
2026-05-31,2.3_fed,FOMC_101772,,2026-06-17,17.000000,True,True,,1.005143,1.003637,1.001500,,True,5,6
2026-06-01,2.3_fed,FOMC_101772,,2026-06-17,16.000000,True,True,,1.005479,1.002972,1.002500,161762.648875,True,6,6
2026-06-02,2.3_fed,FOMC_101772,,2026-06-17,15.000000,True,True,,1.005085,1.001580,1.003500,167979.701219,True,6,6
2026-06-03,2.3_fed,FOMC_101772,,2026-06-17,14.000000,True,True,,1.004296,1.000793,1.003500,285960.823939,True,6,6
2026-06-04,2.3_fed,FOMC_101772,,2026-06-17,13.000000,True,True,,1.001689,1.001189,1.000500,139884.414186,True,6,6
2026-06-05,2.3_fed,FOMC_101772,,2026-06-17,12.000000,True,True,,1.004706,1.001202,1.003500,670514.482529,True,6,6
2026-06-06,2.3_fed,FOMC_101772,,2026-06-17,11.000000,True,True,,1.002099,1.001598,1.000500,722652.299631,True,6,6
2026-06-07,2.3_fed,FOMC_101772,,2026-06-17,10.000000,True,True,,1.004508,1.002003,1.002500,197940.393098,True,6,6
2026-06-08,2.3_fed,FOMC_101772,,2026-06-17,9.000000,True,True,,1.001903,1.001403,1.000500,490912.961815,True,6,6
2026-06-09,2.3_fed,FOMC_101772,,2026-06-17,8.000000,True,True,,1.001102,1.000602,1.000500,511400.258519,True,6,6
2026-06-10,2.3_fed,FOMC_101772,,2026-06-17,7.000000,True,True,,1.003500,1.000997,1.002500,672431.672290,True,6,6
2026-06-11,2.3_fed,FOMC_101772,,2026-06-17,6.000000,True,True,,1.003096,1.001593,1.001500,1695337.310121,True,6,6
2026-06-12,2.3_fed,FOMC_101772,,2026-06-17,5.000000,True,True,,1.002896,1.001394,1.001500,484558.864890,True,6,6
2026-06-13,2.3_fed,FOMC_101772,,2026-06-17,4.000000,True,True,,1.002898,1.001396,1.001500,1121877.020004,True,6,6
2026-06-14,2.3_fed,FOMC_101772,,2026-06-17,3.000000,True,True,,1.003096,1.001594,1.001500,256564.518525,True,6,6
2026-06-15,2.3_fed,FOMC_101772,,2026-06-17,2.000000,True,True,,1.002597,1.001095,1.001500,1141244.991568,True,6,6
2026-06-16,2.3_fed,FOMC_101772,,2026-06-17,1.000000,True,True,,1.002597,1.001095,1.001500,3018024.271530,True,6,6
2026-06-17,2.3_fed,FOMC_101772,,2026-06-17,0.000000,True,True,,1.004299,1.001295,1.003000,2675972.528932,True,6,6
2024-12-30,B_trajetoria_propria,M3_fed_trajectory,,,,True,True,,1.310355,1.243221,1.054000,,True,2,2
2024-12-31,B_trajetoria_propria,M3_fed_trajectory,,,,True,True,,1.147498,1.110303,1.033500,,True,4,4
2025-01-01,B_trajetoria_propria,M3_fed_trajectory,,,,True,True,,1.102211,1.071148,1.029000,,True,6,6
2025-01-02,B_trajetoria_propria,M3_fed_trajectory,,,,True,True,,1.039777,1.014416,1.025000,,True,6,6
2025-01-03,B_trajetoria_propria,M3_fed_trajectory,,,,True,True,,1.040215,1.018322,1.021500,,True,6,6
2025-01-04,B_trajetoria_propria,M3_fed_trajectory,,,,True,True,,1.039191,1.017817,1.021000,,True,6,6
2025-01-05,B_trajetoria_propria,M3_fed_trajectory,,,,True,True,,1.033909,1.013636,1.020000,,True,6,6
2025-01-06,B_trajetoria_propria,M3_fed_trajectory,,,,True,True,,1.046235,1.018729,1.027000,,True,6,6
2025-01-07,B_trajetoria_propria,M3_fed_trajectory,,,,True,True,,1.021039,1.020019,1.001000,,True,6,6
2025-01-08,B_trajetoria_propria,M3_fed_trajectory,,,,True,True,,1.057935,1.025131,1.032000,,True,6,6
2025-01-09,B_trajetoria_propria,M3_fed_trajectory,,,,True,True,,1.039326,1.014967,1.024000,,True,6,6
2025-01-10,B_trajetoria_propria,M3_fed_trajectory,,,,True,True,,1.038131,1.012317,1.025500,,True,6,6
2025-01-11,B_trajetoria_propria,M3_fed_trajectory,,,,True,True,,1.055348,1.031621,1.023000,,True,6,6
2025-01-12,B_trajetoria_propria,M3_fed_trajectory,,,,True,True,,1.053485,1.044088,1.009000,,True,6,6
2025-01-13,B_trajetoria_propria,M3_fed_trajectory,,,,True,True,,1.049028,1.035055,1.013500,,True,6,6
2025-01-14,B_trajetoria_propria,M3_fed_trajectory,,,,True,True,,1.066225,1.038194,1.027000,,True,6,6
2025-01-15,B_trajetoria_propria,M3_fed_trajectory,,,,True,True,,1.070980,1.040797,1.029000,,True,6,6
2025-01-16,B_trajetoria_propria,M3_fed_trajectory,,,,True,True,,1.046128,1.033213,1.012500,,True,6,6
2025-01-17,B_trajetoria_propria,M3_fed_trajectory,,,,True,True,,1.063560,1.035094,1.027500,,True,6,6
2025-01-18,B_trajetoria_propria,M3_fed_trajectory,,,,True,True,,1.057573,1.027767,1.029000,,True,6,6
2025-01-19,B_trajetoria_propria,M3_fed_trajectory,,,,True,True,,1.041912,1.015509,1.026000,,True,6,6
2025-01-20,B_trajetoria_propria,M3_fed_trajectory,,,,True,True,,1.019252,1.015698,1.003500,,True,6,6
2025-01-21,B_trajetoria_propria,M3_fed_trajectory,,,,True,True,,1.032902,1.017136,1.015500,,True,6,6
2025-01-22,B_trajetoria_propria,M3_fed_trajectory,,,,True,True,,1.048774,1.020704,1.027500,,True,6,6
2025-01-23,B_trajetoria_propria,M3_fed_trajectory,,,,True,True,,1.046083,1.019574,1.026000,,True,6,6
2025-01-24,B_trajetoria_propria,M3_fed_trajectory,,,,True,True,,1.046457,1.018946,1.027000,,True,6,6
2025-01-25,B_trajetoria_propria,M3_fed_trajectory,,,,True,True,,1.044749,1.017282,1.027000,,True,6,6
2025-01-26,B_trajetoria_propria,M3_fed_trajectory,,,,True,True,,1.037282,1.016944,1.020000,,True,6,6
2025-01-27,B_trajetoria_propria,M3_fed_trajectory,,,,True,True,,1.050014,1.019431,1.030000,,True,6,6
2025-01-28,B_trajetoria_propria,M3_fed_trajectory,,,,True,True,,1.045424,1.022920,1.022000,,True,6,6
2025-01-29,B_trajetoria_propria,M3_fed_trajectory,,,,True,True,,1.030894,1.024745,1.006000,,True,6,6
2025-01-30,B_trajetoria_propria,M3_fed_trajectory,,,,True,True,,1.046322,1.022298,1.023500,,True,6,6
2025-01-31,B_trajetoria_propria,M3_fed_trajectory,,,,True,True,,1.034283,1.025058,1.009000,,True,6,6
2025-02-01,B_trajetoria_propria,M3_fed_trajectory,,,,True,True,,1.037056,1.016721,1.020000,,True,6,6
2025-02-02,B_trajetoria_propria,M3_fed_trajectory,,,,True,True,,1.040598,1.013240,1.027000,,True,6,6
2025-02-03,B_trajetoria_propria,M3_fed_trajectory,,,,True,True,,1.043675,1.017227,1.026000,,True,6,6
2025-02-04,B_trajetoria_propria,M3_fed_trajectory,,,,True,True,,1.030341,1.017621,1.012500,,True,6,6
2025-02-05,B_trajetoria_propria,M3_fed_trajectory,,,,True,True,,1.047822,1.011411,1.036000,,True,6,6
2025-02-06,B_trajetoria_propria,M3_fed_trajectory,,,,True,True,,1.032079,1.011347,1.020500,,True,6,6
2025-02-07,B_trajetoria_propria,M3_fed_trajectory,,,,True,True,,1.030652,1.007973,1.022500,,True,6,6
2025-02-08,B_trajetoria_propria,M3_fed_trajectory,,,,True,True,,1.037150,1.015321,1.021500,,True,6,6
2025-02-09,B_trajetoria_propria,M3_fed_trajectory,,,,True,True,,1.034937,1.016139,1.018500,,True,6,6
2025-02-10,B_trajetoria_propria,M3_fed_trajectory,,,,True,True,,1.041098,1.010285,1.030500,,True,6,6
2025-02-11,B_trajetoria_propria,M3_fed_trajectory,,,,True,True,,1.041334,1.011004,1.030000,,True,6,6
2025-02-12,B_trajetoria_propria,M3_fed_trajectory,,,,True,True,,1.036892,1.018558,1.018000,,True,6,6
2025-02-13,B_trajetoria_propria,M3_fed_trajectory,,,,True,True,,1.064497,1.039547,1.024000,,True,6,6
2025-02-14,B_trajetoria_propria,M3_fed_trajectory,,,,True,True,,1.045676,1.036349,1.009000,,True,6,6
2025-02-15,B_trajetoria_propria,M3_fed_trajectory,,,,True,True,,1.050047,1.021446,1.028000,,True,6,6
2025-02-16,B_trajetoria_propria,M3_fed_trajectory,,,,True,True,,1.027915,1.021785,1.006000,,True,6,6
2025-02-17,B_trajetoria_propria,M3_fed_trajectory,,,,True,True,,1.010574,1.006047,1.004500,,True,6,6
2025-02-18,B_trajetoria_propria,M3_fed_trajectory,,,,True,True,,1.014437,1.005887,1.008500,,True,6,6
2025-02-19,B_trajetoria_propria,M3_fed_trajectory,,,,True,True,,1.008436,1.006926,1.001500,,True,6,6
2025-02-20,B_trajetoria_propria,M3_fed_trajectory,,,,True,True,,1.035556,1.013264,1.022000,,True,6,6
2025-02-21,B_trajetoria_propria,M3_fed_trajectory,,,,True,True,,1.040182,1.016299,1.023500,,True,6,6
2025-02-22,B_trajetoria_propria,M3_fed_trajectory,,,,True,True,,1.021756,1.015157,1.006500,,True,6,6
2025-02-23,B_trajetoria_propria,M3_fed_trajectory,,,,True,True,,1.042920,1.014513,1.028000,,True,6,6
2025-02-24,B_trajetoria_propria,M3_fed_trajectory,,,,True,True,,1.027057,1.012377,1.014500,,True,6,6
2025-02-25,B_trajetoria_propria,M3_fed_trajectory,,,,True,True,,1.018464,1.012893,1.005500,,True,6,6
2025-02-26,B_trajetoria_propria,M3_fed_trajectory,,,,True,True,,1.034961,1.023194,1.011500,,True,6,6
2025-02-27,B_trajetoria_propria,M3_fed_trajectory,,,,True,True,,1.040386,1.019986,1.020000,,True,6,6
2025-02-28,B_trajetoria_propria,M3_fed_trajectory,,,,True,True,,1.036875,1.027117,1.009500,,True,6,6
2025-03-01,B_trajetoria_propria,M3_fed_trajectory,,,,True,True,,1.059644,1.031786,1.027000,,True,6,6
2025-03-02,B_trajetoria_propria,M3_fed_trajectory,,,,True,True,,1.058009,1.031701,1.025500,,True,6,6
2025-03-03,B_trajetoria_propria,M3_fed_trajectory,,,,True,True,,1.025632,1.011971,1.013500,,True,6,6
2025-03-04,B_trajetoria_propria,M3_fed_trajectory,,,,True,True,,1.055931,1.023685,1.031500,,True,6,6
2025-03-05,B_trajetoria_propria,M3_fed_trajectory,,,,True,True,,1.070449,1.034250,1.035000,,True,6,6
2025-03-06,B_trajetoria_propria,M3_fed_trajectory,,,,True,True,,1.048324,1.030801,1.017000,,True,6,6
2025-03-07,B_trajetoria_propria,M3_fed_trajectory,,,,True,True,,1.040336,1.020939,1.019000,,True,6,6
2025-03-08,B_trajetoria_propria,M3_fed_trajectory,,,,True,True,,1.055958,1.013882,1.041500,,True,6,6
2025-03-09,B_trajetoria_propria,M3_fed_trajectory,,,,True,True,,1.055762,1.016133,1.039000,,True,6,6
2025-03-10,B_trajetoria_propria,M3_fed_trajectory,,,,True,True,,1.034510,1.011251,1.023000,,True,6,6
2025-03-11,B_trajetoria_propria,M3_fed_trajectory,,,,True,True,,1.051390,1.018295,1.032500,,True,6,6
2025-03-12,B_trajetoria_propria,M3_fed_trajectory,,,,True,True,,1.056637,1.021399,1.034500,,True,6,6
2025-03-13,B_trajetoria_propria,M3_fed_trajectory,,,,True,True,,1.048913,1.021834,1.026500,,True,6,6
2025-03-14,B_trajetoria_propria,M3_fed_trajectory,,,,True,True,,1.040972,1.021061,1.019500,,True,6,6
2025-03-15,B_trajetoria_propria,M3_fed_trajectory,,,,True,True,,1.030940,1.013209,1.017500,,True,6,6
2025-03-16,B_trajetoria_propria,M3_fed_trajectory,,,,True,True,,1.040539,1.008763,1.031500,,True,6,6
2025-03-17,B_trajetoria_propria,M3_fed_trajectory,,,,True,True,,1.018233,1.006657,1.011500,,True,6,6
2025-03-18,B_trajetoria_propria,M3_fed_trajectory,,,,True,True,,1.014863,1.008811,1.006000,,True,6,6
2025-03-19,B_trajetoria_propria,M3_fed_trajectory,,,,True,True,,1.040420,1.017525,1.022500,,True,6,6
2025-03-20,B_trajetoria_propria,M3_fed_trajectory,,,,True,True,,1.028576,1.026523,1.002000,,True,6,6
2025-03-21,B_trajetoria_propria,M3_fed_trajectory,,,,True,True,,1.030891,1.026783,1.004000,,True,6,6
2025-03-22,B_trajetoria_propria,M3_fed_trajectory,,,,True,True,,1.039165,1.021293,1.017500,,True,6,6
2025-03-23,B_trajetoria_propria,M3_fed_trajectory,,,,True,True,,1.012532,1.011521,1.001000,,True,6,6
2025-03-24,B_trajetoria_propria,M3_fed_trajectory,,,,True,True,,1.017234,1.007163,1.010000,,True,6,6
2025-03-25,B_trajetoria_propria,M3_fed_trajectory,,,,True,True,,1.022203,1.013086,1.009000,,True,6,6
2025-03-26,B_trajetoria_propria,M3_fed_trajectory,,,,True,True,,1.035454,1.012669,1.022500,,True,6,6
2025-03-27,B_trajetoria_propria,M3_fed_trajectory,,,,True,True,,1.023720,1.008591,1.015000,,True,6,6
2025-03-28,B_trajetoria_propria,M3_fed_trajectory,,,,True,True,,1.014268,1.009724,1.004500,,True,6,6
2025-03-29,B_trajetoria_propria,M3_fed_trajectory,,,,True,True,,1.022053,1.011433,1.010500,,True,6,6
2025-03-30,B_trajetoria_propria,M3_fed_trajectory,,,,True,True,,1.019744,1.008649,1.011000,,True,6,6
2025-03-31,B_trajetoria_propria,M3_fed_trajectory,,,,True,True,,1.024938,1.008301,1.016500,,True,6,6
2025-04-01,B_trajetoria_propria,M3_fed_trajectory,,,,True,True,,1.012155,1.011144,1.001000,,True,6,6
2025-04-02,B_trajetoria_propria,M3_fed_trajectory,,,,True,True,,1.012110,1.011604,1.000500,,True,6,6
2025-04-03,B_trajetoria_propria,M3_fed_trajectory,,,,True,True,,1.061795,1.017532,1.043500,,True,6,6
2025-04-04,B_trajetoria_propria,M3_fed_trajectory,,,,True,True,,1.079138,1.043654,1.034000,,True,6,6
2025-04-05,B_trajetoria_propria,M3_fed_trajectory,,,,True,True,,1.105799,1.058181,1.045000,,True,6,6
2025-04-06,B_trajetoria_propria,M3_fed_trajectory,,,,True,True,,1.084077,1.043888,1.038500,,True,6,6
2025-04-07,B_trajetoria_propria,M3_fed_trajectory,,,,True,True,,1.085241,1.035535,1.048000,,True,6,6
2025-04-08,B_trajetoria_propria,M3_fed_trajectory,,,,True,True,,1.058576,1.037819,1.020000,,True,6,6
2025-04-09,B_trajetoria_propria,M3_fed_trajectory,,,,True,True,,1.074725,1.035380,1.038000,,True,6,6
2025-04-10,B_trajetoria_propria,M3_fed_trajectory,,,,True,True,,1.087552,1.048749,1.037000,,True,6,6
2025-04-11,B_trajetoria_propria,M3_fed_trajectory,,,,True,True,,1.101068,1.056687,1.042000,,True,6,6
2025-04-12,B_trajetoria_propria,M3_fed_trajectory,,,,True,True,,1.058392,1.034091,1.023500,,True,6,6
2025-04-13,B_trajetoria_propria,M3_fed_trajectory,,,,True,True,,1.028588,1.022453,1.006000,,True,6,6
2025-04-14,B_trajetoria_propria,M3_fed_trajectory,,,,True,True,,1.051119,1.015083,1.035500,,True,6,6
2025-04-15,B_trajetoria_propria,M3_fed_trajectory,,,,True,True,,1.032852,1.011113,1.021500,,True,6,6
2025-04-16,B_trajetoria_propria,M3_fed_trajectory,,,,True,True,,1.042186,1.013306,1.028500,,True,6,6
2025-04-17,B_trajetoria_propria,M3_fed_trajectory,,,,True,True,,1.021917,1.019877,1.002000,,True,6,6
2025-04-18,B_trajetoria_propria,M3_fed_trajectory,,,,True,True,,1.045565,1.021060,1.024000,,True,6,6
2025-04-19,B_trajetoria_propria,M3_fed_trajectory,,,,True,True,,1.040000,1.013152,1.026500,,True,6,6
2025-04-20,B_trajetoria_propria,M3_fed_trajectory,,,,True,True,,1.041643,1.005933,1.035500,,True,6,6
2025-04-21,B_trajetoria_propria,M3_fed_trajectory,,,,True,True,,1.050747,1.012768,1.037500,,True,6,6
2025-04-22,B_trajetoria_propria,M3_fed_trajectory,,,,True,True,,1.046652,1.017649,1.028500,,True,6,6
2025-04-23,B_trajetoria_propria,M3_fed_trajectory,,,,True,True,,1.033630,1.014357,1.019000,,True,6,6
2025-04-24,B_trajetoria_propria,M3_fed_trajectory,,,,True,True,,1.041213,1.013346,1.027500,,True,6,6
2025-04-25,B_trajetoria_propria,M3_fed_trajectory,,,,True,True,,1.044802,1.010936,1.033500,,True,6,6
2025-04-26,B_trajetoria_propria,M3_fed_trajectory,,,,True,True,,1.059950,1.013821,1.045500,,True,6,6
2025-04-27,B_trajetoria_propria,M3_fed_trajectory,,,,True,True,,1.039541,1.012704,1.026500,,True,6,6
2025-04-28,B_trajetoria_propria,M3_fed_trajectory,,,,True,True,,1.043550,1.007288,1.036000,,True,6,6
2025-04-29,B_trajetoria_propria,M3_fed_trajectory,,,,True,True,,1.047504,1.007215,1.040000,,True,6,6
2025-04-30,B_trajetoria_propria,M3_fed_trajectory,,,,True,True,,1.050549,1.014043,1.036000,,True,6,6
2025-05-01,B_trajetoria_propria,M3_fed_trajectory,,,,True,True,,1.055497,1.021284,1.033500,,True,6,6
2025-05-02,B_trajetoria_propria,M3_fed_trajectory,,,,True,True,,1.044503,1.019027,1.025000,,True,6,6
2025-05-03,B_trajetoria_propria,M3_fed_trajectory,,,,True,True,,1.037028,1.016196,1.020500,,True,6,6
2025-05-04,B_trajetoria_propria,M3_fed_trajectory,,,,True,True,,1.043320,1.012441,1.030500,,True,6,6
2025-05-05,B_trajetoria_propria,M3_fed_trajectory,,,,True,True,,1.015438,1.008881,1.006500,,True,6,6
2025-05-06,B_trajetoria_propria,M3_fed_trajectory,,,,True,True,,1.034228,1.013452,1.020500,,True,6,6
2025-05-07,B_trajetoria_propria,M3_fed_trajectory,,,,True,True,,1.055302,1.013252,1.041500,,True,6,6
2025-05-08,B_trajetoria_propria,M3_fed_trajectory,,,,True,True,,1.043484,1.013584,1.029500,,True,6,6
2025-05-09,B_trajetoria_propria,M3_fed_trajectory,,,,True,True,,1.044497,1.016047,1.028000,,True,6,6
2025-05-10,B_trajetoria_propria,M3_fed_trajectory,,,,True,True,,1.062250,1.016508,1.045000,,True,6,6
2025-05-11,B_trajetoria_propria,M3_fed_trajectory,,,,True,True,,1.056578,1.013504,1.042500,,True,6,6
2025-05-12,B_trajetoria_propria,M3_fed_trajectory,,,,True,True,,1.099845,1.021686,1.076500,,True,6,6
2025-05-13,B_trajetoria_propria,M3_fed_trajectory,,,,True,True,,1.031755,1.026111,1.005500,,True,6,6
2025-05-14,B_trajetoria_propria,M3_fed_trajectory,,,,True,True,,1.041605,1.025202,1.016000,,True,6,6
2025-05-15,B_trajetoria_propria,M3_fed_trajectory,,,,True,True,,1.041315,1.012952,1.028000,,True,6,6
2025-05-16,B_trajetoria_propria,M3_fed_trajectory,,,,True,True,,1.033777,1.012514,1.021000,,True,6,6
2025-05-17,B_trajetoria_propria,M3_fed_trajectory,,,,True,True,,1.027615,1.013927,1.013500,,True,6,6
2025-05-18,B_trajetoria_propria,M3_fed_trajectory,,,,True,True,,1.015030,1.013004,1.002000,,True,6,6
2025-05-19,B_trajetoria_propria,M3_fed_trajectory,,,,True,True,,1.051268,1.014737,1.036000,,True,6,6
2025-05-20,B_trajetoria_propria,M3_fed_trajectory,,,,True,True,,1.030173,1.017958,1.012000,,True,6,6
2025-05-21,B_trajetoria_propria,M3_fed_trajectory,,,,True,True,,1.040209,1.023828,1.016000,,True,6,6
2025-05-22,B_trajetoria_propria,M3_fed_trajectory,,,,True,True,,1.017746,1.017237,1.000500,,True,6,6
2025-05-23,B_trajetoria_propria,M3_fed_trajectory,,,,True,True,,1.024299,1.014157,1.010000,,True,6,6
2025-05-24,B_trajetoria_propria,M3_fed_trajectory,,,,True,True,,1.021993,1.011874,1.010000,,True,6,6
2025-05-25,B_trajetoria_propria,M3_fed_trajectory,,,,True,True,,1.018243,1.015197,1.003000,,True,6,6
2025-05-26,B_trajetoria_propria,M3_fed_trajectory,,,,True,True,,1.020542,1.013448,1.007000,,True,6,6
2025-05-27,B_trajetoria_propria,M3_fed_trajectory,,,,True,True,,1.036262,1.011481,1.024500,,True,6,6
2025-05-28,B_trajetoria_propria,M3_fed_trajectory,,,,True,True,,1.025678,1.011018,1.014500,,True,6,6
2025-05-29,B_trajetoria_propria,M3_fed_trajectory,,,,True,True,,1.040846,1.012496,1.028000,,True,6,6
2025-05-30,B_trajetoria_propria,M3_fed_trajectory,,,,True,True,,1.014900,1.012369,1.002500,,True,6,6
2025-05-31,B_trajetoria_propria,M3_fed_trajectory,,,,True,True,,1.025729,1.017588,1.008000,,True,6,6
2025-06-01,B_trajetoria_propria,M3_fed_trajectory,,,,True,True,,1.039591,1.018708,1.020500,,True,6,6
2025-06-02,B_trajetoria_propria,M3_fed_trajectory,,,,True,True,,1.028101,1.011911,1.016000,19218.785521,True,6,6
2025-06-03,B_trajetoria_propria,M3_fed_trajectory,,,,True,True,,1.019358,1.009266,1.010000,37870.360688,True,6,6
2025-06-04,B_trajetoria_propria,M3_fed_trajectory,,,,True,True,,1.022076,1.014971,1.007000,13167.495920,True,6,6
2025-06-05,B_trajetoria_propria,M3_fed_trajectory,,,,True,True,,1.048500,1.021930,1.026000,8338.334696,True,6,6
2025-06-06,B_trajetoria_propria,M3_fed_trajectory,,,,True,True,,1.058768,1.021977,1.036000,8936.727116,True,6,6
2025-06-07,B_trajetoria_propria,M3_fed_trajectory,,,,True,True,,1.030856,1.018632,1.012000,3250.042979,True,6,6
2025-06-08,B_trajetoria_propria,M3_fed_trajectory,,,,True,True,,1.041888,1.014991,1.026500,7883.614086,True,6,6
2025-06-09,B_trajetoria_propria,M3_fed_trajectory,,,,True,True,,1.060733,1.009261,1.051000,4628.795097,True,6,6
2025-06-10,B_trajetoria_propria,M3_fed_trajectory,,,,True,True,,1.040177,1.013818,1.026000,1871.012720,True,6,6
2025-06-11,B_trajetoria_propria,M3_fed_trajectory,,,,True,True,,1.038578,1.009799,1.028500,15528.503255,True,6,6
2025-06-12,B_trajetoria_propria,M3_fed_trajectory,,,,True,True,,1.040619,1.030826,1.009500,7069.767468,True,6,6
2025-06-13,B_trajetoria_propria,M3_fed_trajectory,,,,True,True,,1.058614,1.039896,1.018000,12492.670794,True,6,6
2025-06-14,B_trajetoria_propria,M3_fed_trajectory,,,,True,True,,1.027667,1.025104,1.002500,1381.428639,True,6,6
2025-06-15,B_trajetoria_propria,M3_fed_trajectory,,,,True,True,,1.022831,1.015721,1.007000,4375.462784,True,6,6
2025-06-16,B_trajetoria_propria,M3_fed_trajectory,,,,True,True,,1.026683,1.011012,1.015500,2405.888811,True,6,6
2025-06-17,B_trajetoria_propria,M3_fed_trajectory,,,,True,True,,1.035275,1.011999,1.023000,2769.667163,True,6,6
2025-06-18,B_trajetoria_propria,M3_fed_trajectory,,,,True,True,,1.014948,1.011408,1.003500,17128.111893,True,6,6
2025-06-19,B_trajetoria_propria,M3_fed_trajectory,,,,True,True,,1.026388,1.016226,1.010000,3478.527655,True,6,6
2025-06-20,B_trajetoria_propria,M3_fed_trajectory,,,,True,True,,1.039578,1.015213,1.024000,1744.231611,True,6,6
2025-06-21,B_trajetoria_propria,M3_fed_trajectory,,,,True,True,,1.032303,1.008601,1.023500,6865.694330,True,6,6
2025-06-22,B_trajetoria_propria,M3_fed_trajectory,,,,True,True,,1.019815,1.007225,1.012500,1852.340802,True,6,6
2025-06-23,B_trajetoria_propria,M3_fed_trajectory,,,,True,True,,1.025687,1.006069,1.019500,12049.414133,True,6,6
2025-06-24,B_trajetoria_propria,M3_fed_trajectory,,,,True,True,,1.035233,1.015432,1.019500,13702.023583,True,6,6
2025-06-25,B_trajetoria_propria,M3_fed_trajectory,,,,True,True,,1.039228,1.021857,1.017000,4564.805847,True,6,6
2025-06-26,B_trajetoria_propria,M3_fed_trajectory,,,,True,True,,1.021592,1.018029,1.003500,7529.136174,True,6,6
2025-06-27,B_trajetoria_propria,M3_fed_trajectory,,,,True,True,,1.015858,1.014843,1.001000,25714.064363,True,6,6
2025-06-28,B_trajetoria_propria,M3_fed_trajectory,,,,True,True,,1.032741,1.019487,1.013000,4795.843357,True,6,6
2025-06-29,B_trajetoria_propria,M3_fed_trajectory,,,,True,True,,1.031419,1.015676,1.015500,2811.172039,True,6,6
2025-06-30,B_trajetoria_propria,M3_fed_trajectory,,,,True,True,,1.016768,1.010202,1.006500,25789.477336,True,6,6
2025-07-01,B_trajetoria_propria,M3_fed_trajectory,,,,True,True,,1.017092,1.012032,1.005000,32777.383626,True,6,6
2025-07-02,B_trajetoria_propria,M3_fed_trajectory,,,,True,True,,1.035123,1.018321,1.016500,19218.054785,True,6,6
2025-07-03,B_trajetoria_propria,M3_fed_trajectory,,,,True,True,,1.048917,1.028350,1.020000,34768.128646,True,6,6
2025-07-04,B_trajetoria_propria,M3_fed_trajectory,,,,True,True,,1.062730,1.041382,1.020500,9780.906250,True,6,6
2025-07-05,B_trajetoria_propria,M3_fed_trajectory,,,,True,True,,1.054119,1.029414,1.024000,2444.979328,True,6,6
2025-07-06,B_trajetoria_propria,M3_fed_trajectory,,,,True,True,,1.030607,1.010399,1.020000,24639.492621,True,6,6
2025-07-07,B_trajetoria_propria,M3_fed_trajectory,,,,True,True,,1.023430,1.009300,1.014000,10007.454362,True,6,6
2025-07-08,B_trajetoria_propria,M3_fed_trajectory,,,,True,True,,1.017810,1.010233,1.007500,26244.068617,True,6,6
2025-07-09,B_trajetoria_propria,M3_fed_trajectory,,,,True,True,,1.030436,1.009242,1.021000,40018.290772,True,6,6
2025-07-10,B_trajetoria_propria,M3_fed_trajectory,,,,True,True,,1.031736,1.016489,1.015000,24661.949888,True,6,6
2025-07-11,B_trajetoria_propria,M3_fed_trajectory,,,,True,True,,1.044436,1.019459,1.024500,16777.032740,True,6,6
2025-07-12,B_trajetoria_propria,M3_fed_trajectory,,,,True,True,,1.033345,1.018074,1.015000,3774.394779,True,6,6
2025-07-13,B_trajetoria_propria,M3_fed_trajectory,,,,True,True,,1.029473,1.010774,1.018500,3327.094998,True,6,6
2025-07-14,B_trajetoria_propria,M3_fed_trajectory,,,,True,True,,1.029300,1.008624,1.020500,19642.421608,True,6,6
2025-07-15,B_trajetoria_propria,M3_fed_trajectory,,,,True,True,,1.023193,1.009066,1.014000,66179.188809,True,6,6
2025-07-16,B_trajetoria_propria,M3_fed_trajectory,,,,True,True,,1.037860,1.022522,1.015000,13105.568023,True,6,6
2025-07-17,B_trajetoria_propria,M3_fed_trajectory,,,,True,True,,1.043407,1.032055,1.011000,21792.064765,True,6,6
2025-07-18,B_trajetoria_propria,M3_fed_trajectory,,,,True,True,,1.032606,1.019354,1.013000,17587.147120,True,6,6
2025-07-19,B_trajetoria_propria,M3_fed_trajectory,,,,True,True,,1.032619,1.019367,1.013000,17880.633703,True,6,6
2025-07-20,B_trajetoria_propria,M3_fed_trajectory,,,,True,True,,1.043965,1.018999,1.024500,13629.996722,True,6,6
2025-07-21,B_trajetoria_propria,M3_fed_trajectory,,,,True,True,,1.041618,1.020194,1.021000,23366.183782,True,6,6
2025-07-22,B_trajetoria_propria,M3_fed_trajectory,,,,True,True,,1.039252,1.013410,1.025500,17391.845875,True,6,6
2025-07-23,B_trajetoria_propria,M3_fed_trajectory,,,,True,True,,1.033395,1.014624,1.018500,13003.204636,True,6,6
2025-07-24,B_trajetoria_propria,M3_fed_trajectory,,,,True,True,,1.020169,1.011571,1.008500,10637.008060,True,6,6
2025-07-25,B_trajetoria_propria,M3_fed_trajectory,,,,True,True,,1.027994,1.007837,1.020000,21552.412845,True,6,6
2025-07-26,B_trajetoria_propria,M3_fed_trajectory,,,,True,True,,1.014504,1.007952,1.006500,8532.067531,True,6,6
2025-07-27,B_trajetoria_propria,M3_fed_trajectory,,,,True,True,,1.014854,1.009302,1.005500,9108.648988,True,6,6
2025-07-28,B_trajetoria_propria,M3_fed_trajectory,,,,True,True,,1.008595,1.008091,1.000500,11808.074666,True,6,6
2025-07-29,B_trajetoria_propria,M3_fed_trajectory,,,,True,True,,1.027708,1.008546,1.019000,11366.087462,True,6,6
2025-07-30,B_trajetoria_propria,M3_fed_trajectory,,,,True,True,,1.023620,1.008990,1.014500,18644.952045,True,6,6
2025-07-31,B_trajetoria_propria,M3_fed_trajectory,,,,True,True,,1.043954,1.030557,1.013000,55096.336500,True,6,6
2025-08-01,B_trajetoria_propria,M3_fed_trajectory,,,,True,True,,1.039914,1.034226,1.005500,51719.492153,True,6,6
2025-08-02,B_trajetoria_propria,M3_fed_trajectory,,,,True,True,,1.062422,1.060301,1.002000,15274.727368,True,6,6
2025-08-03,B_trajetoria_propria,M3_fed_trajectory,,,,True,True,,1.061530,1.054150,1.007000,5902.184746,True,6,6
2025-08-04,B_trajetoria_propria,M3_fed_trajectory,,,,True,True,,1.034922,1.015625,1.019000,11585.314003,True,6,6
2025-08-05,B_trajetoria_propria,M3_fed_trajectory,,,,True,True,,1.016004,1.010446,1.005500,12693.301255,True,6,6
2025-08-06,B_trajetoria_propria,M3_fed_trajectory,,,,True,True,,1.018271,1.010691,1.007500,6031.257057,True,6,6
2025-08-07,B_trajetoria_propria,M3_fed_trajectory,,,,True,True,,1.013551,1.012538,1.001000,3296.227059,True,6,6
2025-08-08,B_trajetoria_propria,M3_fed_trajectory,,,,True,True,,1.016686,1.010622,1.006000,9505.618250,True,6,6
2025-08-09,B_trajetoria_propria,M3_fed_trajectory,,,,True,True,,1.016990,1.013443,1.003500,1217.110621,True,6,6
2025-08-10,B_trajetoria_propria,M3_fed_trajectory,,,,True,True,,1.021834,1.008223,1.013500,24349.991503,True,6,6
2025-08-11,B_trajetoria_propria,M3_fed_trajectory,,,,True,True,,1.031078,1.011853,1.019000,8310.349004,True,6,6
2025-08-12,B_trajetoria_propria,M3_fed_trajectory,,,,True,True,,1.014986,1.011446,1.003500,25373.367792,True,6,6
2025-08-13,B_trajetoria_propria,M3_fed_trajectory,,,,True,True,,1.026967,1.018817,1.008000,18503.768670,True,6,6
2025-08-14,B_trajetoria_propria,M3_fed_trajectory,,,,True,True,,1.029276,1.017574,1.011500,24658.217554,True,6,6
2025-08-15,B_trajetoria_propria,M3_fed_trajectory,,,,True,True,,1.017552,1.014509,1.003000,18523.132745,True,6,6
2025-08-16,B_trajetoria_propria,M3_fed_trajectory,,,,True,True,,1.033862,1.015582,1.018000,4676.129736,True,6,6
2025-08-17,B_trajetoria_propria,M3_fed_trajectory,,,,True,True,,1.039219,1.015854,1.023000,5779.899278,True,6,6
2025-08-18,B_trajetoria_propria,M3_fed_trajectory,,,,True,True,,1.044645,1.012253,1.032000,13179.730151,True,6,6
2025-08-19,B_trajetoria_propria,M3_fed_trajectory,,,,True,True,,1.029264,1.012557,1.016500,13127.463251,True,6,6
2025-08-20,B_trajetoria_propria,M3_fed_trajectory,,,,True,True,,1.014349,1.010308,1.004000,8640.634727,True,6,6
2025-08-21,B_trajetoria_propria,M3_fed_trajectory,,,,True,True,,1.019615,1.015047,1.004500,26805.596300,True,6,6
2025-08-22,B_trajetoria_propria,M3_fed_trajectory,,,,True,True,,1.027899,1.027386,1.000500,26736.828555,True,6,6
2025-08-23,B_trajetoria_propria,M3_fed_trajectory,,,,True,True,,1.075850,1.045022,1.029500,5360.758537,True,6,6
2025-08-24,B_trajetoria_propria,M3_fed_trajectory,,,,True,True,,1.046895,1.030915,1.015500,4419.872419,True,6,6
2025-08-25,B_trajetoria_propria,M3_fed_trajectory,,,,True,True,,1.024176,1.010035,1.014000,7083.159464,True,6,6
2025-08-26,B_trajetoria_propria,M3_fed_trajectory,,,,True,True,,1.017560,1.011491,1.006000,4340.267029,True,6,6
2025-08-27,B_trajetoria_propria,M3_fed_trajectory,,,,True,True,,1.012521,1.008989,1.003500,1616.301939,True,6,6
2025-08-28,B_trajetoria_propria,M3_fed_trajectory,,,,True,True,,1.024414,1.005807,1.018500,2888.619400,True,6,6
2025-08-29,B_trajetoria_propria,M3_fed_trajectory,,,,True,True,,1.018039,1.007460,1.010500,2359.099629,True,6,6
2025-08-30,B_trajetoria_propria,M3_fed_trajectory,,,,True,True,,1.025102,1.008959,1.016000,360.380791,True,6,6
2025-08-31,B_trajetoria_propria,M3_fed_trajectory,,,,True,True,,1.015281,1.004731,1.010500,19.699197,True,6,6
2025-09-01,B_trajetoria_propria,M3_fed_trajectory,,,,True,True,,1.023859,1.003292,1.020500,7492.386925,True,6,6
2025-09-02,B_trajetoria_propria,M3_fed_trajectory,,,,True,True,,1.021911,1.004829,1.017000,15404.379727,True,6,6
2025-09-03,B_trajetoria_propria,M3_fed_trajectory,,,,True,True,,1.033460,1.009731,1.023500,19269.151363,True,6,6
2025-09-04,B_trajetoria_propria,M3_fed_trajectory,,,,True,True,,1.031725,1.011991,1.019500,16020.635688,True,6,6
2025-09-05,B_trajetoria_propria,M3_fed_trajectory,,,,True,True,,1.027460,1.025922,1.001500,72923.496304,True,6,6
2025-09-06,B_trajetoria_propria,M3_fed_trajectory,,,,True,True,,1.047424,1.044292,1.003000,5059.348336,True,6,6
2025-09-07,B_trajetoria_propria,M3_fed_trajectory,,,,True,True,,1.060621,1.039315,1.020500,40216.938652,True,6,6
2025-09-08,B_trajetoria_propria,M3_fed_trajectory,,,,True,True,,1.028607,1.016913,1.011500,10943.651646,True,6,6
2025-09-09,B_trajetoria_propria,M3_fed_trajectory,,,,True,True,,1.023877,1.013238,1.010500,12499.797555,True,6,6
2025-09-10,B_trajetoria_propria,M3_fed_trajectory,,,,True,True,,1.019541,1.014974,1.004500,20167.677549,True,6,6
2025-09-11,B_trajetoria_propria,M3_fed_trajectory,,,,True,True,,1.044065,1.022590,1.021000,30379.891497,True,6,6
2025-09-12,B_trajetoria_propria,M3_fed_trajectory,,,,True,True,,1.028808,1.027267,1.001500,13297.230952,True,6,6
2025-09-13,B_trajetoria_propria,M3_fed_trajectory,,,,True,True,,1.039867,1.022988,1.016500,8961.518010,True,6,6
2025-09-14,B_trajetoria_propria,M3_fed_trajectory,,,,True,True,,1.027281,1.010110,1.017000,28515.353159,True,6,6
2025-09-15,B_trajetoria_propria,M3_fed_trajectory,,,,True,True,,1.031237,1.016999,1.014000,14385.266171,True,6,6
2025-09-16,B_trajetoria_propria,M3_fed_trajectory,,,,True,True,,1.019303,1.016254,1.003000,34050.435239,True,6,6
2025-09-17,B_trajetoria_propria,M3_fed_trajectory,,,,True,True,,1.026233,1.019606,1.006500,186027.884888,True,6,6
2025-09-18,B_trajetoria_propria,M3_fed_trajectory,,,,True,True,,1.021214,1.021214,1.000000,14604.615399,True,6,6
2025-09-19,B_trajetoria_propria,M3_fed_trajectory,,,,True,True,,1.016760,1.016760,1.000000,23992.438229,True,6,6
2025-09-20,B_trajetoria_propria,M3_fed_trajectory,,,,True,False,sem_par_adjacente,,,1.000000,23917.503842,True,6,6
2025-09-21,B_trajetoria_propria,M3_fed_trajectory,,,,True,False,sem_par_adjacente,,,1.000000,11808.113521,True,6,6
2025-09-22,B_trajetoria_propria,M3_fed_trajectory,,,,True,False,sem_par_adjacente,,,1.000000,11384.299546,True,6,6
2025-09-23,B_trajetoria_propria,M3_fed_trajectory,,,,True,False,sem_par_adjacente,,,1.000000,29676.410132,True,6,6
2025-09-24,B_trajetoria_propria,M3_fed_trajectory,,,,True,False,sem_par_adjacente,,,1.000000,6723.382398,True,6,6
2025-09-25,B_trajetoria_propria,M3_fed_trajectory,,,,True,False,sem_par_adjacente,,,1.000000,27729.690083,True,6,6
2025-09-26,B_trajetoria_propria,M3_fed_trajectory,,,,True,False,sem_par_adjacente,,,1.000000,27070.962642,True,6,6
2025-09-27,B_trajetoria_propria,M3_fed_trajectory,,,,True,False,sem_par_adjacente,,,1.000000,10768.439290,True,6,6
2025-09-28,B_trajetoria_propria,M3_fed_trajectory,,,,True,False,sem_par_adjacente,,,1.000000,14738.058138,True,6,6
2025-09-29,B_trajetoria_propria,M3_fed_trajectory,,,,True,False,sem_par_adjacente,,,1.000000,13473.045375,True,6,6
2025-09-30,B_trajetoria_propria,M3_fed_trajectory,,,,True,False,sem_par_adjacente,,,1.000000,13717.981423,True,6,6
2025-10-01,B_trajetoria_propria,M3_fed_trajectory,,,,True,False,sem_par_adjacente,,,1.000000,95606.835341,True,6,6
2025-10-02,B_trajetoria_propria,M3_fed_trajectory,,,,True,False,sem_par_adjacente,,,1.000000,16320.322297,True,6,6
2025-10-03,B_trajetoria_propria,M3_fed_trajectory,,,,True,False,sem_par_adjacente,,,1.000000,16910.255201,True,6,6
2025-10-04,B_trajetoria_propria,M3_fed_trajectory,,,,True,False,sem_par_adjacente,,,1.000000,48503.215016,True,6,6
2025-10-05,B_trajetoria_propria,M3_fed_trajectory,,,,True,False,sem_par_adjacente,,,1.000000,25427.052593,True,6,6
2025-10-06,B_trajetoria_propria,M3_fed_trajectory,,,,True,False,sem_par_adjacente,,,1.000000,11127.847066,True,6,6
2025-10-07,B_trajetoria_propria,M3_fed_trajectory,,,,True,False,sem_par_adjacente,,,1.000000,8390.758240,True,6,6
2025-10-08,B_trajetoria_propria,M3_fed_trajectory,,,,True,False,sem_par_adjacente,,,1.000000,29038.491872,True,6,6
2025-10-09,B_trajetoria_propria,M3_fed_trajectory,,,,True,False,sem_par_adjacente,,,1.000000,31045.489104,True,6,6
2025-10-10,B_trajetoria_propria,M3_fed_trajectory,,,,True,False,sem_par_adjacente,,,1.000000,31039.428739,True,6,6
2025-10-11,B_trajetoria_propria,M3_fed_trajectory,,,,True,False,sem_par_adjacente,,,1.000000,6171.599154,True,6,6
2025-10-12,B_trajetoria_propria,M3_fed_trajectory,,,,True,False,sem_par_adjacente,,,1.000000,5751.846140,True,6,6
2025-10-13,B_trajetoria_propria,M3_fed_trajectory,,,,True,False,sem_par_adjacente,,,1.000000,14505.227447,True,6,6
2025-10-14,B_trajetoria_propria,M3_fed_trajectory,,,,True,False,sem_par_adjacente,,,1.000000,24726.094432,True,6,6
2025-10-15,B_trajetoria_propria,M3_fed_trajectory,,,,True,False,sem_par_adjacente,,,1.000000,41500.494382,True,6,6
2025-10-16,B_trajetoria_propria,M3_fed_trajectory,,,,True,False,sem_par_adjacente,,,1.000000,27333.935672,True,6,6
2025-10-17,B_trajetoria_propria,M3_fed_trajectory,,,,True,False,sem_par_adjacente,,,1.000000,27108.519248,True,6,6
2025-10-18,B_trajetoria_propria,M3_fed_trajectory,,,,True,False,sem_par_adjacente,,,1.000000,4736.957410,True,6,6
2025-10-19,B_trajetoria_propria,M3_fed_trajectory,,,,True,False,sem_par_adjacente,,,1.000000,15068.842991,True,6,6
2025-10-20,B_trajetoria_propria,M3_fed_trajectory,,,,True,False,sem_par_adjacente,,,1.000000,7981.636516,True,6,6
2025-10-21,B_trajetoria_propria,M3_fed_trajectory,,,,True,False,sem_par_adjacente,,,1.000000,12998.279784,True,6,6
2025-10-22,B_trajetoria_propria,M3_fed_trajectory,,,,True,False,sem_par_adjacente,,,1.000000,58742.360638,True,6,6
2025-10-23,B_trajetoria_propria,M3_fed_trajectory,,,,True,False,sem_par_adjacente,,,1.000000,50690.249201,True,6,6
2025-10-24,B_trajetoria_propria,M3_fed_trajectory,,,,True,False,sem_par_adjacente,,,1.000000,45588.924963,True,6,6
2025-10-25,B_trajetoria_propria,M3_fed_trajectory,,,,True,False,sem_par_adjacente,,,1.000000,28468.783915,True,6,6
2025-10-26,B_trajetoria_propria,M3_fed_trajectory,,,,True,False,sem_par_adjacente,,,1.000000,16875.852745,True,6,6
2025-10-27,B_trajetoria_propria,M3_fed_trajectory,,,,True,False,sem_par_adjacente,,,1.000000,46170.706248,True,6,6
2025-10-28,B_trajetoria_propria,M3_fed_trajectory,,,,True,False,sem_par_adjacente,,,1.000000,27255.760963,True,6,6
2025-10-30,B_trajetoria_propria,M3_fed_trajectory,,,,True,False,sem_par_adjacente,,,1.000000,17973.296132,True,5,6
2025-10-31,B_trajetoria_propria,M3_fed_trajectory,,,,True,False,sem_par_adjacente,,,1.000000,106570.238657,True,5,6
2025-11-01,B_trajetoria_propria,M3_fed_trajectory,,,,True,False,sem_par_adjacente,,,1.000000,28831.145633,True,6,6
2025-11-02,B_trajetoria_propria,M3_fed_trajectory,,,,True,False,sem_par_adjacente,,,1.000000,5255.464843,True,6,6
2025-11-03,B_trajetoria_propria,M3_fed_trajectory,,,,True,False,sem_par_adjacente,,,1.000000,6005.966284,True,6,6
2025-11-04,B_trajetoria_propria,M3_fed_trajectory,,,,True,False,sem_par_adjacente,,,1.000000,22697.210884,True,6,6
2025-11-05,B_trajetoria_propria,M3_fed_trajectory,,,,True,False,sem_par_adjacente,,,1.000000,20382.427926,True,6,6
2025-11-06,B_trajetoria_propria,M3_fed_trajectory,,,,True,False,sem_par_adjacente,,,1.000000,16430.371827,True,6,6
2025-11-07,B_trajetoria_propria,M3_fed_trajectory,,,,True,False,sem_par_adjacente,,,1.000000,59589.523426,True,6,6
2025-11-08,B_trajetoria_propria,M3_fed_trajectory,,,,True,False,sem_par_adjacente,,,1.000000,6448.557234,True,6,6
2025-11-09,B_trajetoria_propria,M3_fed_trajectory,,,,True,False,sem_par_adjacente,,,1.000000,10310.568377,True,6,6
2025-11-10,B_trajetoria_propria,M3_fed_trajectory,,,,True,False,sem_par_adjacente,,,1.000000,13465.628372,True,6,6
2025-11-11,B_trajetoria_propria,M3_fed_trajectory,,,,True,False,sem_par_adjacente,,,1.000000,11732.065321,True,6,6
2025-11-12,B_trajetoria_propria,M3_fed_trajectory,,,,True,False,sem_par_adjacente,,,1.000000,46669.500924,True,6,6
2025-11-13,B_trajetoria_propria,M3_fed_trajectory,,,,True,False,sem_par_adjacente,,,1.000000,55256.196878,True,6,6
2025-11-14,B_trajetoria_propria,M3_fed_trajectory,,,,True,False,sem_par_adjacente,,,1.000000,118327.851259,True,6,6
2025-11-15,B_trajetoria_propria,M3_fed_trajectory,,,,True,False,sem_par_adjacente,,,1.000000,5423.593990,True,6,6
2025-11-16,B_trajetoria_propria,M3_fed_trajectory,,,,True,False,sem_par_adjacente,,,1.000000,4458.773683,True,6,6
2025-11-17,B_trajetoria_propria,M3_fed_trajectory,,,,True,False,sem_par_adjacente,,,1.000000,23236.047705,True,6,6
2025-11-18,B_trajetoria_propria,M3_fed_trajectory,,,,True,False,sem_par_adjacente,,,1.000000,17251.737696,True,6,6
2025-11-19,B_trajetoria_propria,M3_fed_trajectory,,,,True,False,sem_par_adjacente,,,1.000000,52603.343632,True,6,6
2025-11-20,B_trajetoria_propria,M3_fed_trajectory,,,,True,False,sem_par_adjacente,,,1.000000,29205.690945,True,6,6
2025-11-21,B_trajetoria_propria,M3_fed_trajectory,,,,True,False,sem_par_adjacente,,,1.000000,91166.160738,True,6,6
2025-11-22,B_trajetoria_propria,M3_fed_trajectory,,,,True,False,sem_par_adjacente,,,1.000000,11982.936684,True,6,6
2025-11-23,B_trajetoria_propria,M3_fed_trajectory,,,,True,False,sem_par_adjacente,,,1.000000,6363.444615,True,6,6
2025-11-24,B_trajetoria_propria,M3_fed_trajectory,,,,True,False,sem_par_adjacente,,,1.000000,24779.913219,True,6,6
2025-11-25,B_trajetoria_propria,M3_fed_trajectory,,,,True,False,sem_par_adjacente,,,1.000000,18430.135156,True,6,6
2025-11-26,B_trajetoria_propria,M3_fed_trajectory,,,,True,False,sem_par_adjacente,,,1.000000,6761.001655,True,6,6
2025-11-27,B_trajetoria_propria,M3_fed_trajectory,,,,True,False,sem_par_adjacente,,,1.000000,8346.303677,True,6,6
2025-11-28,B_trajetoria_propria,M3_fed_trajectory,,,,True,False,sem_par_adjacente,,,1.000000,1942.506735,True,6,6
2025-11-29,B_trajetoria_propria,M3_fed_trajectory,,,,True,False,sem_par_adjacente,,,1.000000,2338.242386,True,6,6
2025-11-30,B_trajetoria_propria,M3_fed_trajectory,,,,True,False,sem_par_adjacente,,,1.000000,1874.275380,True,6,6
2025-12-01,B_trajetoria_propria,M3_fed_trajectory,,,,True,False,sem_par_adjacente,,,1.000000,2869.051486,True,6,6
2025-12-02,B_trajetoria_propria,M3_fed_trajectory,,,,True,False,sem_par_adjacente,,,1.000000,10986.491138,True,6,6
2025-12-03,B_trajetoria_propria,M3_fed_trajectory,,,,True,False,sem_par_adjacente,,,1.000000,34709.440155,True,6,6
2025-12-04,B_trajetoria_propria,M3_fed_trajectory,,,,True,False,sem_par_adjacente,,,1.000000,28180.281751,True,6,6
2025-12-05,B_trajetoria_propria,M3_fed_trajectory,,,,True,False,sem_par_adjacente,,,1.000000,35084.910251,True,6,6
2025-12-06,B_trajetoria_propria,M3_fed_trajectory,,,,True,False,sem_par_adjacente,,,1.000000,15473.087216,True,6,6
2025-12-07,B_trajetoria_propria,M3_fed_trajectory,,,,True,False,sem_par_adjacente,,,1.000000,8872.364600,True,6,6
2025-12-08,B_trajetoria_propria,M3_fed_trajectory,,,,True,False,sem_par_adjacente,,,1.000000,85624.530706,True,6,6
2025-12-09,B_trajetoria_propria,M3_fed_trajectory,,,,True,False,sem_par_adjacente,,,1.000000,172185.267607,True,6,6
2025-12-10,B_trajetoria_propria,M3_fed_trajectory,,,,True,False,sem_par_adjacente,,,1.000000,172227.764659,True,6,6
2025-01-10,incerteza_anuncio,G9_payrolls_how-many-jobs-added-in-december,payrolls,2025-01-10,0.000000,True,True,,1.159028,1.096007,1.057500,,False,6,6
2025-01-29,incerteza_anuncio,M3_fed_trajectory,fomc,2025-01-29,0.000000,True,True,,1.030894,1.024745,1.006000,,True,6,6
2025-02-07,incerteza_anuncio,G9_payrolls_how-many-jobs-added-in-january,payrolls,2025-02-07,0.000000,True,True,,1.087287,1.035511,1.050000,,False,6,6
2025-03-07,incerteza_anuncio,G9_payrolls_february-unemployment-rate,payrolls,2025-03-07,0.000000,True,True,,1.063407,1.036459,1.026000,,False,6,6
2025-03-12,incerteza_anuncio,CPI_february-inflation-monthly,cpi,2025-03-12,0.000000,True,True,,1.026065,1.025040,1.001000,19197.554543,True,6,6
2025-03-19,incerteza_anuncio,M3_fed_trajectory,fomc,2025-03-19,0.000000,True,True,,1.040420,1.017525,1.022500,,True,6,6
2025-04-04,incerteza_anuncio,G9_payrolls_march-unemployment-rate,payrolls,2025-04-04,0.000000,True,True,,1.552799,1.070527,1.450500,,False,6,6
2025-04-10,incerteza_anuncio,CPI_march-inflation-monthly,cpi,2025-04-10,0.000000,True,True,,1.402576,1.125663,1.246000,4538.730555,True,6,6
2025-05-07,incerteza_anuncio,M3_fed_trajectory,fomc,2025-05-07,0.000000,True,True,,1.055302,1.013252,1.041500,,True,6,6
2025-06-11,incerteza_anuncio,CPI_may-inflation-monthly,cpi,2025-06-11,0.000000,True,True,,1.234986,1.078120,1.145500,8638.417669,True,6,6
2025-06-18,incerteza_anuncio,M3_fed_trajectory,fomc,2025-06-18,0.000000,True,True,,1.014948,1.011408,1.003500,17128.111893,True,6,6
2025-07-15,incerteza_anuncio,CPI_june-inflation-monthly,cpi,2025-07-15,0.000000,True,True,,1.134225,1.092702,1.038000,66773.601940,True,6,6
2025-07-30,incerteza_anuncio,M3_fed_trajectory,fomc,2025-07-30,0.000000,True,True,,1.023620,1.008990,1.014500,18644.952045,True,6,6
2025-08-12,incerteza_anuncio,CPI_july-inflation-monthly,cpi,2025-08-12,0.000000,True,True,,1.091833,1.068330,1.022000,86781.443311,True,6,6
2025-09-05,incerteza_anuncio,G9_payrolls_how-many-jobs-added-in-august-643,payrolls,2025-09-05,0.000000,True,True,,1.089198,1.047305,1.040000,,False,6,6
2025-09-11,incerteza_anuncio,CPI_august-inflation-monthly,cpi,2025-09-11,0.000000,True,True,,1.055551,1.022820,1.032000,33540.423840,True,6,6
2025-09-17,incerteza_anuncio,M3_fed_trajectory,fomc,2025-09-17,0.000000,True,True,,1.026233,1.019606,1.006500,186027.884888,True,6,6
2025-10-24,incerteza_anuncio,CPI_september-inflation-monthly,cpi,2025-10-24,0.000000,True,True,,1.537466,1.063990,1.445000,11832.865566,True,6,6
2025-12-10,incerteza_anuncio,M3_fed_trajectory,fomc,2025-12-10,0.000000,True,False,sem_par_adjacente,,,1.000000,172227.764659,True,6,6
2025-12-16,incerteza_anuncio,G9_payrolls_how-many-jobs-added-in-november-693,payrolls,2025-12-16,0.000000,True,True,,1.115148,1.023072,1.090000,,False,6,6
2025-12-18,incerteza_anuncio,CPI_november-inflation-monthly,cpi,2025-12-18,0.000000,True,True,,1.073653,1.047466,1.025000,33172.832423,True,6,6
2026-01-09,incerteza_anuncio,G9_payrolls_how-many-jobs-added-in-december-853,payrolls,2026-01-09,0.000000,True,True,,1.451715,1.083773,1.339500,,False,6,6
2026-01-13,incerteza_anuncio,CPI_december-inflation-us-monthly,cpi,2026-01-13,0.000000,True,True,,1.042092,1.036907,1.005000,100250.965003,True,6,6
2026-02-11,incerteza_anuncio,G9_payrolls_how-many-jobs-added-in-january-321,payrolls,2026-02-11,0.000000,True,True,,1.142903,1.084863,1.053500,,False,6,6
2026-03-06,incerteza_anuncio,G9_payrolls_how-many-jobs-added-in-february-246,payrolls,2026-03-06,0.000000,True,True,,1.283924,1.070383,1.199500,,False,6,6
2026-04-03,incerteza_anuncio,G9_payrolls_march-unemployment-rate-561,payrolls,2026-04-03,0.000000,True,False,sem_par_adjacente,,,1.000000,,False,6,6
2026-04-10,incerteza_anuncio,CPI_march-inflation-us-monthly,cpi,2026-04-10,0.000000,True,False,sem_par_adjacente,,,1.000000,5541.257135,True,6,6
2026-05-08,incerteza_anuncio,G9_payrolls_how-many-jobs-added-in-april-296,payrolls,2026-05-08,0.000000,True,True,,1.307495,1.118473,1.169000,,False,6,6
2026-05-12,incerteza_anuncio,CPI_april-inflation-us-monthly,cpi,2026-05-12,0.000000,True,True,,1.087971,1.055258,1.031000,23110.243266,True,6,6
2026-06-05,incerteza_anuncio,G9_payrolls_how-many-jobs-added-in-may-945,payrolls,2026-06-05,0.000000,True,True,,1.469328,1.092031,1.345500,,False,6,6
2026-06-10,incerteza_anuncio,CPI_may-inflation-us-monthly,cpi,2026-06-10,0.000000,True,True,,1.141565,1.055539,1.081500,13293.115025,True,6,6
2026-07-02,incerteza_anuncio,G9_payrolls_how-many-jobs-added-in-june-20260605153057140,payrolls,2026-07-02,0.000000,True,True,,1.736885,1.174761,1.478500,,False,6,6
2026-07-14,incerteza_anuncio,CPI_june-inflation-us-monthly-20260610151033433,cpi,2026-07-14,0.000000,True,True,,1.015601,1.004551,1.011000,426.925172,True,6,6
