data,pi_SPY,pi_TIP,pi_TLT,pi_XLE,pi_XLF,pi_XLK,pi_XLP,pi_XLU,pi_XLV,poly_SPY,poly_TIP,poly_TLT,poly_XLE,poly_XLF,poly_XLK,poly_XLP,poly_XLU,poly_XLV,e_poly_bps,e_ff_bps,surpresa_bps,surpresa_liquida,dias_ate_evento
2025-02-10,0.0001891854545125955,1.1154733134942803e-05,2.6045754151108816e-05,0.0001066642079591239,0.0001613242586606694,0.0002710080308586068,6.209652880419937e-05,7.994662764679067e-05,9.417193806281918e-05,-0.001777966387084845,-0.00020694274349805422,0.0004600802986153052,-0.0012571320152501859,-0.001451509518956623,-0.0023482944125705323,-0.0007012301903705744,0.00015134166698225864,-0.0008146506167845533,-1.9144144144144146,-8.999999999999986,7.085585585585571,1.3913149636137447,26.0
2025-02-11,0.00018910749637363075,1.0996977627310653e-05,2.5642747079228873e-05,0.00010723335830363433,0.0001609710603341157,0.00027093277158052385,6.234416397812436e-05,8.065105844251951e-05,9.3886719970214e-05,-0.003028417876861338,-0.00034572900054392197,0.0007355610818733446,-0.0021234276711645473,-0.002477022353575411,-0.004013267305758626,-0.0011861731263895607,0.00019742666555500082,-0.0013926073920527118,-2.023336643495532,-9.999999999999964,7.9766633565044325,2.27567140620597,25.0
2025-02-12,0.0001882152504610048,1.0816480595689306e-05,2.6221047511269013e-05,0.0001048815724551064,0.00016018950464810865,0.00026919219909905443,6.266943699408173e-05,8.071502158033409e-05,9.343873896896138e-05,-0.004059670444187534,-0.0004601452069758804,0.0009634792161107709,-0.0028401124765462553,-0.0033225785191069585,-0.005386953475128739,-0.0015856652681156198,0.00023488612309313078,-0.0018690810056050423,-1.2836490528414757,-9.999999999999964,8.716350947158489,3.0044182689455727,24.0
2025-02-13,0.00018748647407785336,1.1320826654003948e-05,2.6891625630718764e-05,0.00010482574100803729,0.00015982088178196748,0.00026834668345604353,6.213487040302784e-05,7.955517256321779e-05,9.325443589433454e-05,-0.005078142693541267,-0.0005724777444874363,0.001188705832727727,-0.003545754259866808,-0.004157377415959237,-0.006742944998906607,-0.0019811214517148,0.0002706638575149954,-0.002339461967486267,-0.5494505494505494,-9.999999999999964,9.450549450549415,3.724241565308052,23.0
2025-02-14,0.0001875036540280992,1.1342105405429391e-05,2.7330606375075224e-05,0.00010474271200323532,0.00015947816635427365,0.000268721094274207,6.24682010716232e-05,7.884890190763365e-05,9.294827149086173e-05,-0.0065354310970518106,-0.000734027455689626,0.0015106863191592555,-0.004556164915218809,-0.0053525397785612865,-0.00868300243217123,-0.0025462758817443674,0.0003228484655678338,-0.0030130421291215247,-0.5010020040080161,-11.000000000000032,10.498997995992015,4.754955627106328,22.0
2025-02-18,0.0001874963716874187,1.1364716678367625e-05,2.7396096645115362e-05,0.00010438569462823535,0.0001594504100289047,0.00026875863385370955,6.244859104446383e-05,7.870772367955959e-05,9.293134651999921e-05,-0.006153111175083819,-0.0006916163532262178,0.001426394714847502,-0.004291460341393548,-0.005039104071532309,-0.008173888491238837,-0.002397938580858533,0.000308831253363414,-0.0028364241958877975,-0.7488766849725411,-11.000000000000032,10.25112331502749,4.484545611416181,21.0
2025-02-19,0.000186817732096654,1.1223229816013034e-05,2.6700134669252727e-05,0.00010473076351763012,0.00015883465021201826,0.0002678106232958494,6.177251821377674e-05,7.845628919496472e-05,9.238302636157891e-05,-0.004786470656845488,-0.0005401636155002369,0.0011240119510416426,-0.0033431738559153994,-0.003918678498444665,-0.006354223402534924,-0.001868044910805039,0.00025895487229712856,-0.002205272174449357,-0.6947921882824236,-9.999999999999964,9.30520781171754,3.517476591071249,20.0
2025-02-20,0.00018682036460377396,1.1212704982212414e-05,2.6695131481913154e-05,0.00010479906455642058,0.00015878155558132548,0.00026782577426835637,6.176624683065739e-05,7.84606575832593e-05,9.244700182816645e-05,-0.006215235543082459,-0.0006985811244538952,0.001439251783575651,-0.004333648178330117,-0.005090153374487841,-0.008256641085572608,-0.0024224651320847593,0.0003108143700378873,-0.0028652976334686674,-0.6677483774338493,-11.000000000000032,10.332251622566183,4.528006427313923,19.0
2025-02-21,0.00018693707505073259,1.1157718369153046e-05,2.6710546121945972e-05,0.00010477969912988964,0.00015926059196880575,0.00026790529626201327,6.187160943902882e-05,7.839471515419455e-05,9.236275663752e-05,-0.007678925380742479,-0.0008609278608292598,0.0017622430838877248,-0.0053485021892592625,-0.006289824013769087,-0.010205649573506354,-0.002990370141754355,0.00036387524978475906,-0.003541659316283338,-0.6112774451097804,-12.00000000000001,11.38872255489023,5.56331845109912,18.0
2025-02-24,0.00018758513634691487,1.0732731210388049e-05,2.417908172363235e-05,0.00010615416171092551,0.00015973182769389084,0.0002693161184247382,5.999516029017917e-05,7.771392020700708e-05,9.207241359500279e-05,-0.007324203978968023,-0.0008220968533726734,0.001681588488477518,-0.005101654106252848,-0.005999054169059445,-0.009732782940838054,-0.0028548532104740376,0.000350343855541404,-0.003378368063288258,-0.8358283433133731,-12.00000000000001,11.164171656686637,5.312891653122973,17.0
2025-02-25,0.0001876921877039972,1.0702600834332872e-05,2.424022173077282e-05,0.00010544022236737124,0.0001596072491992782,0.00026954092612350023,6.0159577357918755e-05,7.809560702825124e-05,9.199307113039469e-05,-0.01006169531615602,-0.0011256436152312233,0.002285676345879888,-0.007000303051940314,-0.008243688325935512,-0.013377725728550161,-0.003916976895502841,0.0004500828672533248,-0.004643215640218793,-0.8749999999999998,-13.999999999999968,13.124999999999968,7.249123275819994,16.0
2025-02-26,0.00018528447400707182,9.984932129459881e-06,2.1216516781929737e-05,0.00010528953516255024,0.00015697002855406207,0.0002669275289681018,5.915821099298785e-05,7.589236749734494e-05,9.00470765290975e-05,-0.00995695918140153,-0.001114482280755017,0.002259012304444876,-0.006926172551100449,-0.008158480158038672,-0.013237674925559577,-0.00387640253772247,0.00044399099080431946,-0.0045956612637624485,-0.9173739390913629,-13.999999999999968,13.082626060908606,7.173343238683378,15.0
2025-02-27,0.0001852549401059087,9.9737490700121e-06,2.132655848889467e-05,0.00010520871030008456,0.00015695049963926146,0.0002668706376104402,5.9176521040674396e-05,7.582518221705251e-05,9.001369443283736e-05,-0.008417173453749732,-0.0009437746530321887,0.0019193758144024496,-0.005858723054337783,-0.0068960317815240126,-0.011187436668506159,-0.003278879700122914,0.00038803835283896437,-0.003884301244289295,-0.9735396904643034,-12.99999999999999,12.026460309535686,6.084272243096315,14.0
2025-02-28,0.00018682374340357765,1.0025571040753167e-05,2.177465878373723e-05,0.00010430948052828632,0.0001564804692018691,0.00027022264620597125,5.926624838252556e-05,7.825468407688684e-05,9.039237070436275e-05,-0.008031347745920282,-0.0009011203946429487,0.0018350410489373014,-0.005593222861319224,-0.006581456220763801,-0.010672438823701414,-0.0031296842677439197,0.0003765217849375068,-0.003706396189875689,-1.2175324675324677,-12.99999999999999,11.782467532467521,5.812497400991181,13.0
2025-03-03,0.0001873247382683701,1.0159816478293665e-05,2.19578201055406e-05,0.00010553043657144431,0.00015821075172934386,0.0002699859129235581,5.991546695468157e-05,7.953603467265036e-05,9.046888812790961e-05,-0.007104479398169369,-0.0007982801059669845,0.0016308294993302719,-0.004949765617026675,-0.005820213364970312,-0.009439198699926779,-0.0027695707021516787,0.0003441819212478038,-0.003278338706990175,-1.8463073852295409,-12.99999999999999,11.15369261477045,5.157302040562331,12.0
2025-03-04,0.00018930325621073263,9.85293993153961e-06,2.1407394043870026e-05,0.00010935846665424594,0.00015924733574783782,0.000273375930523673,5.940122189528125e-05,7.955265987353678e-05,9.00846855482919e-05,-0.0054092229053579795,-0.0006108538112618063,0.0012566723597793566,-0.003772013918146341,-0.004430887450654638,-0.007181174828857812,-0.0021130312852232604,0.00028274337808533454,-0.002496429858954245,-2.020582329317269,-12.00000000000001,9.979417670682741,3.9596908881462856,11.0
2025-03-05,0.00019013903041143935,1.0229273918686329e-05,2.246201683575893e-05,0.00010971550589458465,0.00016199973712874977,0.0002734262927807225,6.048253507489988e-05,8.033418939295285e-05,9.060585743529532e-05,-0.00635226635601309,-0.0007151250559893737,0.0014659855321791054,-0.004426033879605026,-0.0052020053035406666,-0.00843791873519123,-0.00247820956460328,0.0003177816909203634,-0.002931980123171647,-2.3351648351648353,-12.99999999999999,10.664835164835154,4.627271936856598,10.0
2025-03-06,0.00019059292078464954,9.810694888754891e-06,2.1690659041664317e-05,0.00010938134940721787,0.00016218036357785174,0.0002739582831057566,6.048674712065491e-05,7.941004575117173e-05,9.11182905042243e-05,-0.005402958222626826,-0.0006103444776804338,0.001255857931302801,-0.0037685419315520883,-0.004423875491468857,-0.007173968139028447,-0.00211001527135563,0.0002824202026003336,-0.0024930977996459533,-1.985514485514485,-12.00000000000001,10.014485514485525,3.9561721881354153,9.0
2025-03-07,0.00019236606488688522,9.855026195705713e-06,2.2425411646535638e-05,0.00010871445219431668,0.00016433029230346715,0.0002766853595982315,5.97785673924206e-05,8.100959665764968e-05,9.122964026024658e-05,-0.006528321863155436,-0.0007352654303693501,0.001505285382926176,-0.0045506354870505795,-0.005345845521257144,-0.00867204647655271,-0.0025480936660718413,0.000324927615001542,-0.0030137227299316446,-2.170658682634731,-12.99999999999999,10.829341317365259,4.753366508032403,8.0
2025-03-10,0.000191118918445003,8.839244999493769e-06,2.0130851646749015e-05,0.00010798280586364606,0.00016278985771913158,0.0002752087202687707,5.9821346874278116e-05,8.002371603286156e-05,9.023829684553494e-05,-0.008509927844926117,-0.000955842943242734,0.0019399393730035316,-0.005924319562934118,-0.006971047919234923,-0.01131041093844646,-0.0033165024014119165,0.0003958161031757715,-0.003929638248582646,-0.7488766849725411,-12.99999999999999,12.251123315027447,6.154022432325558,7.0
2025-03-11,0.00019559605419095096,8.1294480110235e-06,1.841894618855985e-05,0.00010680505448859634,0.00016656529790460943,0.00028231228320275926,6.024078666335271e-05,7.830917907660771e-05,9.206020591594709e-05,-0.009474948538258502,-0.0010640406451564528,0.0021521385341467555,-0.00659763530068492,-0.007762146983904348,-0.012594213333510091,-0.0036922835077466596,0.0004292881411340855,-0.004375723549982803,-1.0359460808786818,-13.999999999999968,12.964053919121286,6.839722848665743,6.0
2025-03-12,0.00019454465658415272,7.663371515061732e-06,1.9393162160482266e-05,0.00010555519268053872,0.00016452218561498273,0.00028130220133854993,6.006638995874358e-05,7.722305705617397e-05,9.108970622366988e-05,-0.008090802583619695,-0.0009109303475387894,0.0018474812838223578,-0.005638549067716474,-0.006628490740849071,-0.010750805138835902,-0.003154950769546733,0.00037792820833824583,-0.0037367339967625565,-0.9855289421157684,-12.99999999999999,12.01447105788422,5.860009049769357,5.0
2025-03-13,0.00019466369647952632,7.652541156968551e-06,1.9226667382516386e-05,0.0001057274205226694,0.00016456561919709074,0.0002816659111663249,5.9459967925238794e-05,7.708780290379513e-05,9.083839040367113e-05,-0.007185556209071698,-0.0008105900084828416,0.0016476064990839068,-0.005010865930741703,-0.005886349057653957,-0.009545246085599916,-0.002804334746934207,0.0003449426168124923,-0.003318817218312216,-0.6000000000000001,-12.00000000000001,11.400000000000011,5.219836197807211,4.0
2025-03-14,0.0001936468235290032,7.82654523039382e-06,1.8770273358970095e-05,0.00010467355304913603,0.0001603464624544517,0.0002815909958240205,5.87756126516589e-05,7.59451108238784e-05,9.011413400823055e-05,-0.00890478869572333,-0.0010009140034633777,0.00202625908659095,-0.006203132349820782,-0.007299303483533827,-0.011833159824635018,-0.003471749478331815,0.00040616017000341795,-0.0041133556942314605,-0.36195706440339487,-12.99999999999999,12.638042935596594,6.435085088871887,3.0
2025-03-17,0.00019461410652147682,8.853012782837468e-06,2.1291501100174474e-05,0.00010694574909629658,0.00016126488764820317,0.00028337082076988806,5.8527302578681014e-05,7.671199670089022e-05,9.027165855151928e-05,-0.008847144063496976,-0.0009936037368727686,0.002016274961702035,-0.006161566616186859,-0.007251916279805939,-0.011755912963441034,-0.0034500049080752873,0.00040487003034106066,-0.00408701328032504,-0.3740648379052369,-12.99999999999999,12.625935162094752,6.394998684548862,2.0
2025-03-18,0.00019486448603078652,8.960041856579108e-06,2.1532641805428203e-05,0.00010730005520521969,0.00016116037397843495,0.00028367405697482084,5.9173607622016095e-05,7.706025981829266e-05,9.089629394092971e-05,-0.008930550216255844,-0.0010027716799723694,0.002034974171635431,-0.006219210101779404,-0.007320609337637545,-0.011867000091083614,-0.0034818203911682203,0.0004082544909118865,-0.004125037894972116,-0.28721278721278726,-12.99999999999999,12.712787212787202,6.454166758251923,1.0
2025-03-19,0.00019420149798228604,9.42059629924629e-06,2.2988766955020086e-05,0.00010633278105867532,0.00015950735894040605,0.000282730572446623,5.9170408602427464e-05,7.639920945344013e-05,9.009050326297794e-05,,,,,,,,,,,,,,
2025-03-20,0.0001945084489175323,1.0228735889438234e-05,2.412337748810654e-05,0.0001049962868883868,0.00015894490384769824,0.00028343807712076995,5.9412213319528864e-05,7.714118039850588e-05,9.004689008827146e-05,-0.0014519901141642265,-0.00016325391928459601,0.0004009324273610091,-0.0009107336453946372,-0.0011570567481020409,-0.0019425682343648001,-0.0006040452822049609,0.0001651816768761484,-0.0006992198065915343,-5.47725024727992,-12.99999999999999,7.5227497527200695,1.2363096138819802,33.0
2025-03-21,0.0001929208837318368,1.1353319252476443e-05,2.4878154767005087e-05,0.00010390100454014232,0.00015712938723328346,0.0002809106450558626,5.948952813366897e-05,7.644394954963978e-05,8.914759166873194e-05,-0.004040225355411712,-0.00043467042214214867,0.0009936538634801656,-0.002507539684956473,-0.0032263096078368326,-0.005442149463868772,-0.001646259061621785,0.00030279598222867287,-0.0019400563345575107,-4.52970297029703,-13.999999999999968,9.470297029702937,3.1785508410198613,32.0
2025-03-24,0.00019199055918176958,1.1504785818772492e-05,2.6021314472339998e-05,0.00010270750052384408,0.0001546686411164497,0.0002807340583822466,5.8924315642517366e-05,7.570980477698353e-05,8.816929886984909e-05,-0.004660999828387182,-0.0004998285835792068,0.0011366513131766765,-0.0028911169146698936,-0.0037241949729417507,-0.006280332847189576,-0.0018965908123600803,0.000335205739181623,-0.0022381635495756424,-4.050695825049702,-13.999999999999968,9.949304174950267,3.643974435664542,31.0
2025-03-25,0.00019327015468161056,1.1190805003971236e-05,2.5444105383266047e-05,0.00010279068070684312,0.0001558302177379868,0.0002824763039895146,5.881210608514801e-05,7.524269050398099e-05,8.826360228639153e-05,-0.005673714710010148,-0.0006069816823667676,0.0013681315768775395,-0.0035165699874038473,-0.004533491684521747,-0.007649474340261161,-0.0023052926504491546,0.00038895827574414113,-0.0027241383441559647,-3.2738095238095237,-13.999999999999968,10.726190476190444,4.4053544627104015,30.0
2025-03-26,0.0001923817298919922,1.137013220765371e-05,2.606603395433467e-05,0.00010032205270328059,0.00015408851765295471,0.00028197436016942813,5.8806108367165385e-05,7.66023514554347e-05,8.772124352705368e-05,-0.005280497101934583,-0.0005652775324061264,0.0012785604599623397,-0.0032759134144201515,-0.004220235119850816,-0.007117159228407403,-0.00214649340691237,0.0003692445561435087,-0.0025357617608186365,-3.55106593951413,-13.999999999999968,10.448934060485838,4.10943129080787,29.0
2025-03-27,0.0001914488244561719,1.2926568150688976e-05,2.799070192695771e-05,9.75907351447786e-05,0.000151816368101842,0.0002825827627172536,5.663491556464574e-05,7.398840240684353e-05,8.637802896354035e-05,-0.0030790836995982255,-0.0003316717684819431,0.0007764676703251188,-0.001920010648587643,-0.002462231588523806,-0.004139058533365925,-0.0012612279517913894,0.0002488681828210391,-0.0014813867171002575,-4.187406669985068,-12.99999999999999,8.812593330014922,2.4557511878018996,28.0
2025-03-28,0.00019149958600445425,1.2866200843070645e-05,2.8046185707704228e-05,9.796541319818464e-05,0.00015196700015987762,0.00028261930874272687,5.6453924488945666e-05,7.412688795681988e-05,8.637840998633703e-05,-0.002828275574855942,-0.00030531118763524773,0.0007191361354394699,-0.0017649429964573043,-0.0022616573960684808,-0.003800007131429151,-0.001160366126371928,0.0002355983343183557,-0.0013611831120030767,-4.3653750620963745,-12.99999999999999,8.634624937903615,2.267464513388904,27.0
2025-03-31,0.00019391189038412565,1.2337395913204053e-05,2.6150495537827073e-05,9.851167478806084e-05,0.00015456767849149187,0.00028568885646822716,5.654090815322652e-05,7.221833092517216e-05,8.634531177492123e-05,-0.001991327227573196,-0.0002179094399320915,0.0005262528911581445,-0.001249568931580976,-0.0015920346894780367,-0.002668675136157142,-0.0008240023882882155,0.00018906601071131898,-0.0009611724320957268,-4.9825174825174825,-12.99999999999999,8.017482517482506,1.6408347937485948,26.0
2025-04-01,0.00019411564003934606,1.2526164559985649e-05,2.6658689650401668e-05,9.874721287859805e-05,0.00015487922062793705,0.0002857335668644767,5.705195210421743e-05,7.259081096601522e-05,8.667414205306367e-05,-0.0014547539531386876,-0.00016120631324118129,0.0004040103610705257,-0.0009184454150259893,-0.0011630175313804866,-0.0019434782912746851,-0.0006073609512929299,0.0001607580896173687,-0.0007037291332632351,-4.378425510712506,-12.00000000000001,7.621574489287505,1.238089953912974,25.0
2025-04-02,0.0001940863616313687,1.2585583977510008e-05,2.679941376005015e-05,9.908199003655314e-05,0.0001548279121286048,0.00028571323336628815,5.709143360204553e-05,7.265479692341583e-05,8.633175873779179e-05,-0.0030895030657195352,-0.0003333884879901039,0.0007782645167583595,-0.001926574236741928,-0.0024696560732266337,-0.004153580522183409,-0.0012660327200706878,0.00024823274754829977,-0.0014876919535740012,-4.145822911455729,-12.99999999999999,8.854177088544262,2.4655552504564,24.0
2025-04-03,0.00019314067555493947,1.2383759516868286e-05,2.693979865476425e-05,9.801382102580935e-05,0.00015394842308707676,0.00028427959844492466,5.655257946686778e-05,7.164087533768389e-05,8.634385687559085e-05,0.0014147758441916407,0.00014110085497087157,-0.0002526372368233168,0.0008516442431449819,0.0011303682852439598,0.001935886017480106,0.0005488111380843264,6.3183969748631e-06,0.0006719477412136839,-6.518481518481518,-12.00000000000001,5.481518481518493,-0.9172916014059656,23.0
2025-04-04,0.00020788665872917397,1.0533718533263962e-05,2.5410714905958267e-05,0.00012141702055284325,0.00016901297316750238,0.00030451413738223214,5.485540731042442e-05,7.355224504228277e-05,8.870117076167013e-05,0.003690059779503825,0.0003774314810414492,-0.00077150121356616,0.0022695801270799947,0.0029522195195110642,0.00501228584051786,0.0014579989687403816,-0.00011264424321962582,0.0017579181005091791,-9.21963095848283,-12.99999999999999,3.78036904151716,-2.614666178850073,22.0
2025-04-07,0.00022764669742312454,1.1364816571189265e-05,2.0338317001511406e-05,0.00015339490552176386,0.00019429127497693285,0.0003268411838368079,6.963041143401196e-05,9.276890202798536e-05,0.0001072852696531693,0.001371697369150085,0.00013190725288728773,-0.0002414831362848014,0.0008591632173668503,0.0011086999526795733,0.0018735561783260334,0.0005306262546349932,3.159497124367984e-05,0.0006556981955765145,-10.474716202270383,-16.000000000000014,5.525283797729632,-0.859035577642314,21.0
2025-04-08,0.00022761262631647284,1.1497276485623352e-05,2.0653286335121253e-05,0.00015259258412354424,0.00019431313033487407,0.00032680805977613147,6.969265531908205e-05,9.312356725987832e-05,0.00010715139320123185,-0.002946941010184044,-0.00032298828347848116,0.0007471650285023257,-0.0018057991342367839,-0.0023430215042112247,-0.003965073263079732,-0.0012094954668610215,0.00026287122724525335,-0.001414604846551533,-7.235503560528994,-16.000000000000014,8.76449643947102,2.3836833317629216,20.0
2025-04-09,0.00022895108500838585,1.1845538185014826e-05,2.2641361525038857e-05,0.00015416865365570928,0.00019439406063780353,0.0003285986396678306,7.112240261338599e-05,9.372039230426561e-05,0.00010823235187915359,0.003985704854315221,0.00040767437967186183,-0.0008371096580989372,0.0024717213908775912,0.003197065473312889,0.0054075934160264455,0.0015849083863808881,-0.00010715829317418932,0.0019090724523347894,-10.430338213023726,-13.999999999999968,3.5696617869762424,-2.82084109037317,19.0
2025-04-10,0.00029393865190495476,1.3146459251961974e-05,2.6625647503309945e-05,0.00020265045612803676,0.00024078281623463998,0.00041159943563790467,9.522858382097498e-05,0.00011853243727379235,0.00013553955042179826,0.0030203129789906596,0.00030040978754535127,-0.0005973181219125554,0.0018845590060181147,0.002419899882430333,0.004097558595059074,0.0011938226084188136,-2.725047121004879e-05,0.0014424562446118986,-4.6680755842864246,-8.999999999999986,4.331924415713561,-2.047158052363085,18.0
2025-04-11,0.0003056666368732384,1.6280573087491565e-05,3.382387628954075e-05,0.00022029156575374356,0.00024836861841712253,0.000424040661592617,9.514695404725381e-05,0.00012048474452034757,0.0001429287627403565,0.006516403598719054,0.0006706723611445967,-0.0013875329023178818,0.004051713939956005,0.005212442250110016,0.008820731667607783,0.002597766805931687,-0.00021161172848811315,0.003120111953625297,-9.29264047737444,-11.000000000000032,1.707359522625591,-4.663468275885075,17.0
2025-04-14,0.0003074360235416248,1.632912844820763e-05,3.444521364436976e-05,0.000222816566227153,0.0002499788670361088,0.0004260765114956611,9.641690465407824e-05,0.00012170832040317816,0.00014442572137108174,0.002813887564258368,0.00028042038130343276,-0.000539168177090822,0.001769054085534651,0.002253317613922955,0.0038147080439916606,0.0011063929223342434,-1.2315020393929187e-05,0.0013459200756854868,-5.529925187032419,-9.999999999999964,4.470074812967545,-1.8820241972865537,16.0
2025-04-15,0.0003079249323932422,1.6588708830499783e-05,3.484674325323452e-05,0.00022302597150457109,0.00025050524227928435,0.00042650763357265974,9.732930872199975e-05,0.00012265890809501327,0.00014508394750382546,0.0009294749881900756,8.207807907409196e-05,-0.00010739795177698192,0.0006064620766071287,0.0007472933467687922,0.0012668207550844798,0.0003477832432764492,8.942378920390594e-05,0.00044303061466745535,-5.122133599202393,-11.000000000000032,5.877866400797639,-0.46670451266731483,15.0
2025-04-16,0.00030786274096153724,1.6600171648235095e-05,3.4746308570673295e-05,0.00022307633962723714,0.00025038518833659875,0.00042626632935373657,9.737412198124626e-05,0.00012263021087974713,0.00014521746701750098,0.0004992489748677095,3.676550477774409e-05,-9.053343961034903e-06,0.00034114308487939585,0.00040335501511224185,0.0006850135728430941,0.00017449330949367901,0.00011239653110018638,0.000236960505251548,-4.800995024875623,-11.000000000000032,6.199004975124409,-0.14370655781198938,14.0
2025-04-17,0.00031001838868087726,1.64263964898334e-05,3.454300532009744e-05,0.00022149546250844516,0.00025202011717087006,0.0004297468025844289,9.847167291247161e-05,0.00012393001118751024,0.00014564813642781724,-0.002690940787693659,-0.0002997684533932428,0.0007213268272510168,-0.0016298053095358163,-0.00214656517290722,-0.0036274411093302835,-0.0011107664667200981,0.00028439534150801534,-0.001292893742148039,-3.4045226130653266,-12.00000000000001,8.595477386934684,2.2533361181165867,13.0
2025-04-21,0.0003099679317686998,1.6357065977291067e-05,3.433719105218588e-05,0.00022164030525667278,0.0002521915693989753,0.00042960401563590434,9.845777334851153e-05,0.00012377003202317598,0.00014547111799143877,-0.0010541314496476692,-0.00012737071363670084,0.0003465178411717042,-0.0006198767196473824,-0.0008380960747077742,-0.0014146088495384085,-0.0004512068176409128,0.00019671026378381473,-0.0005084245104980969,-2.6246882793017456,-9.999999999999964,7.375311720698219,1.024263985010096,12.0
2025-04-22,0.00031345384642655173,1.72028584783392e-05,3.706499481076525e-05,0.00022566436350011617,0.0002552257990861674,0.0004333945270857233,9.977425457609356e-05,0.0001271731969356251,0.00014863194588894124,-0.0025563170704310497,-0.00028516939349972564,0.0006938257577901284,-0.001544705975355029,-0.0020385042727052087,-0.003446431618335298,-0.0010566015042121142,0.00028062371427124005,-0.0012270234373362577,-2.490089197224975,-11.000000000000032,8.509910802775057,2.1548305317128786,11.0
2025-04-23,0.00031731931258392634,1.7745986999192758e-05,3.7936095868591376e-05,0.00022951330031342672,0.0002601286347464207,0.0004369993633009053,0.00010188289215808417,0.0001312550720572892,0.00015147360367007007,-0.00277032232831547,-0.0003075821256998893,0.0007445576132768264,-0.0016752621456820617,-0.002207739598583242,-0.0037373800952412795,-0.001142283993911963,0.000296355430542283,-0.0013286204414060386,-2.318045862412762,-11.000000000000032,8.68195413758727,2.318423550714453,10.0
2025-04-24,0.0003186389885123,1.7991845542746413e-05,3.880915471629868e-05,0.00022932338089866127,0.00026111803591432345,0.0004394983079230731,0.00010134503123815974,0.00013162623890594166,0.00015191718332533625,-0.0023559144928186693,-0.00026381140029659624,0.0006508934763984809,-0.0014206167328630619,-0.0018765800335401746,-0.003176400948438931,-0.0009763677552515526,0.00027463821694961345,-0.0011301586341916376,-2.6191658391261172,-11.000000000000032,8.380834160873915,2.00824723200612,9.0
2025-04-25,0.00032090077227539933,1.8735772855106507e-05,4.0425219080171424e-05,0.00023092876464019012,0.0002622278621234143,0.0004436817153642595,0.00010031633715860765,0.00013173484368949852,0.00015323450436552903,-0.0039262191980245255,-0.00042876030507114536,0.0010123988828224322,-0.002389132361775994,-0.0031323799573222746,-0.0052982703710248895,-0.0016110629752005693,0.00035883407060011954,-0.00188266787934946,-2.430555555555556,-12.00000000000001,9.569444444444455,3.1890433240124336,8.0
2025-04-28,0.0003211566138696222,1.8748594705689033e-05,4.072137546771023e-05,0.00023085497559314217,0.0002620109386102978,0.0004442304187573577,0.00010020095448617193,0.00013159734318906235,0.0001534122235601521,-0.0033810155515765763,-0.00037132927816586973,0.0008879811346967969,-0.002053026205493583,-0.0026970348782354055,-0.0045609720097613835,-0.0013915913421861479,0.00032955747677188604,-0.0016212636012960333,-2.827380952380952,-12.00000000000001,9.172619047619058,2.7798572941482282,7.0
2025-04-29,0.00032115636473160664,1.8734619714619025e-05,4.06887306752662e-05,0.000230809957076085,0.00026201396089898897,0.0004442461488567358,0.00010019909924867145,0.0001315771582998555,0.00015339361866103355,-0.0057570228058896455,-0.0006216902702830066,0.0014317090264672476,-0.0035188371156937223,-0.0045961098229520565,-0.007773231533491648,-0.002349006518241595,0.00045658558761786406,-0.0027602465772010878,-2.0325708602685233,-12.99999999999999,10.967429139731466,4.563934346514891,6.0
2025-04-30,0.00031970445809634723,1.9360020302714175e-05,4.243941554761089e-05,0.00022883483562566043,0.00026054208088272164,0.0004421770595454008,0.00010031656709929101,0.0001316805709927784,0.00015248178464848566,-0.005498413806835768,-0.0005936636575484084,0.0013739435325957764,-0.0033603798796262175,-0.0043897220733468585,-0.007423707715031991,-0.0022440973663645997,0.00044278319330635045,-0.0026364954345362416,-2.2102897102897097,-12.99999999999999,10.78971028971028,4.368661902853263,5.0
2025-05-01,0.00031955813134070795,1.925022895716793e-05,4.214352325185812e-05,0.00022848825747627603,0.0002602308965969805,0.00044258459532962196,0.00010006354761639561,0.00013098333534932946,0.00015203828597671812,-0.006393773191969697,-0.0006880972107217515,0.001578521418829151,-0.003912986095016662,-0.0051055527789298115,-0.008633595749955428,-0.002605076976802307,0.0004899542060052354,-0.0030660688876784125,-1.5213611525086939,-12.99999999999999,11.478638847491295,5.040852292424112,4.0
2025-05-02,0.0003176040787238257,1.951359309419097e-05,4.307694532664384e-05,0.00022823082127793455,0.00025844929000877785,0.00044077956218844627,9.847694658891122e-05,0.00012975470551519164,0.00015041808490550316,-0.006640393853892692,-0.0007136130449190455,0.0016354479614905126,-0.004064179100838137,-0.005302889771500939,-0.008966181160764105,-0.0027052521217182696,0.0005018082294073651,-0.003184972644802932,-1.3184079601990044,-12.99999999999999,11.681592039800986,5.224565590487909,3.0
2025-05-05,0.0003184300230237891,1.9015869646498257e-05,4.1417820477228123e-05,0.00022873226847552262,0.00025960572435059154,0.0004416488315315981,9.86767820811962e-05,0.0001304650982989196,0.00015117946973361784,-0.00475742876594769,-0.0005157999387263051,0.0012030523159130987,-0.0029025803361041264,-0.003797390559234002,-0.006420728065604482,-0.0019466432900261267,0.00040187810639473286,-0.0022819877306593443,-0.7117882117882118,-11.000000000000032,10.28821178821182,3.8113200704938457,2.0
2025-05-06,0.00031866038857291686,1.8972430473448673e-05,4.1331665559270146e-05,0.0002293149061369986,0.00025985121262086727,0.00044188351824418293,9.872445458861492e-05,0.00013059267253094628,0.00015134549626535904,-0.00496212432563901,-0.0005374353151301819,0.001249864436472314,-0.0030284171201383015,-0.003960936805855369,-0.006697545793756109,-0.0020291706310514197,0.00041296334594384337,-0.00238005513821931,-0.5434782608695652,-11.000000000000032,10.456521739130467,3.9651932029636523,1.0
2025-05-07,0.00031829913007266057,1.9350819361757482e-05,4.2930913030683675e-05,0.00022619831777792267,0.0002585252279656276,0.000441652242584043,9.86201757918344e-05,0.00012905787882261008,0.00015252754219425104,,,,,,,,,,,,,,
2025-05-08,0.0003180275258473533,1.9571028963722682e-05,4.328270022822759e-05,0.00022533481729000048,0.0002580653067276561,0.0004414204795069672,9.826792713384181e-05,0.0001289568878143352,0.00015261794067715105,-0.0005408604082945155,-8.027358933197068e-05,0.00023654914593273415,-0.00028869598308479315,-0.0004100869362356703,-0.0007121394356397813,-0.0002427403018728904,0.00018448696389335476,-0.0002312408094213191,-3.832665330661322,-11.000000000000032,7.16733466933871,0.661043139953164,28.0
2025-05-09,0.0003178917516815411,1.941733048447771e-05,4.2422426155593854e-05,0.0002252775856620427,0.00025768859877088726,0.0004414742684540686,9.808496253127948e-05,0.00012897290877930532,0.00015190226571094889,0.000366362069568547,2.5051942633190984e-05,3.151566441426304e-05,0.0002542863018256614,0.0002953949750348703,0.0005065740487236967,0.00011732935589740055,0.00012583913505534574,0.0001735648772128452,-3.528528528528529,-9.999999999999964,6.471471471471435,-0.03730518250040049,27.0
2025-05-12,0.0003160336900139802,1.9630504785257393e-05,4.273660902785068e-05,0.00022231588250179603,0.00025518767306842346,0.00043893797531871146,9.7199671989595e-05,0.00012832971598483302,0.00015109329264910494,-0.0019258063671464183,-0.00024098052011034071,0.0005471941086180257,-0.0011193898198210482,-0.0014888005738421853,-0.0025720448587740153,-0.0007928884026233418,0.000273272430840282,-0.0008508417538853014,-2.7659307576517813,-11.000000000000032,8.234069242348252,1.7254323081610616,26.0
2025-05-13,0.0003222499229055929,1.8098711260079562e-05,4.093504918834562e-05,0.0002272785691911124,0.00025889766482203354,0.0004476951302348609,9.743072631814997e-05,0.00012707487111039245,0.00015582594180052521,0.010136548490491575,0.0011589983040569375,-0.002167472504161762,0.006100980535739077,0.007893706980889564,0.013629137053925114,0.003994046851004559,-0.0005074534817238697,0.004542084301583803,-3.0385002516356314,-2.000000000000046,-1.0385002516355852,-7.553575366077108,25.0
2025-05-14,0.0003222900345774888,1.8129795292525532e-05,4.069425510764482e-05,0.00022775416354235442,0.00025885856438092843,0.000448140023376069,9.685386402938332e-05,0.00012695538947415805,0.00015457113857561975,0.0075204289475463,0.0008549041911545542,-0.001579026628253833,0.004535726088120746,0.005858486255817677,0.010115855895942123,0.002954764081744109,-0.00033842919165151617,0.00337160155236063,-3.0530530530530533,-4.0000000000000036,0.9469469469469503,-5.540047961672725,24.0
2025-05-15,0.00032220239790012453,1.8053128408631443e-05,4.0448737925957105e-05,0.00022800581642209555,0.0002590004134425515,0.00044789772356708987,9.687923725403837e-05,0.0001267414273020492,0.00015444258083617,0.007780508610354671,0.0008850716384066073,-0.001637814834488878,0.004691683741597197,0.006061019310748066,0.010465040519004723,0.003058084875146875,-0.0003554638697277905,0.003487748343740932,-3.2738095238095237,-4.0000000000000036,0.7261904761904798,-5.740285736274851,23.0
2025-05-16,0.00032226218424927905,1.815206879294262e-05,4.0831023713601465e-05,0.00022791038167176928,0.0002590972631812215,0.00044782234118569727,9.7413718363358e-05,0.00012708357094174018,0.00015471192629879914,0.005324362709869323,0.0005996398249997093,-0.0010847386242162141,0.0032215881765619903,0.004150367070179135,0.007166070937441626,0.0020834207092050566,-0.00019631953172276177,0.0023902772187019564,-3.404572564612326,-6.00000000000005,2.5954274353877236,-3.8498669108920907,22.0
2025-05-19,0.0003224157196223807,1.8159394084390907e-05,4.082039092613477e-05,0.00022786179384556374,0.00025919544453973937,0.00044782029476287766,9.782839575648618e-05,0.0001276128594361693,0.0001553523959638434,0.0021909255411720844,0.00023537125898359987,-0.0003796305638723805,0.0013461352738880822,0.0017127599651716287,0.002957388709356199,0.000839691448897366,6.807235768027542e-06,0.0009904367138770956,-3.006958250497018,-8.000000000000007,4.993041749502989,-1.43809867431031,21.0
2025-05-20,0.0003223752920770491,1.818392669530553e-05,4.097521906643816e-05,0.00022776743380804648,0.0002590841608007525,0.0004477031504291726,9.787512536341393e-05,0.00012782386178987804,0.00015539624625109425,0.006679254597707451,0.0007571629745923991,-0.0013894459340717863,0.004032258831890045,0.005204273163307497,0.008985535457652943,0.0026217761697859407,-0.000283170375565998,0.0029964464552333764,-3.466699801192843,-4.999999999999982,1.5333001988071393,-4.892572464294401,20.0
2025-05-21,0.0003221433224208127,1.8099437831918874e-05,4.102406553084173e-05,0.00022688931062260135,0.0002587806299103805,0.0004478242810096424,9.740253855880564e-05,0.00012674619057247453,0.00015495815974917997,0.002323105228993843,0.000250708687355975,-0.00040923117767485137,0.0014244332618982211,0.001815383223584855,0.0031352871680793704,0.0008918536525474388,-2.6229185817204027e-06,0.0010492386658773575,-2.132023868722029,-7.000000000000028,4.867976131277999,-1.540040427939254,19.0
2025-05-22,0.0003232376882040791,1.8721089095703382e-05,4.299010753438716e-05,0.00022759181656499658,0.0002597550470369227,0.0004490702535088623,9.871112081524776e-05,0.000129014735636589,0.00015733813909622898,2.5239824125614465e-06,-1.85614669445613e-05,0.00011515691247265425,3.564975250061852e-05,1.0263147854778923e-05,1.8324331331135064e-05,-2.8623317686815074e-05,0.00014974998615559977,1.4003069000523483e-05,-2.350746268656717,-8.999999999999986,6.6492537313432685,0.24683731913670304,18.0
2025-05-23,0.0003227701053167589,1.889532687996893e-05,4.335996689810069e-05,0.00022723342827606058,0.0002594213623419912,0.00044803833751150577,9.899204539226604e-05,0.00012923757928810195,0.00015749049051966112,0.0009793032936403433,9.521646608902815e-05,-0.00010437273576365066,0.0006201581240965557,0.0007701563545578784,0.001329818531303914,0.00035965843845093073,8.679043752864164e-05,0.0004509117845559414,-2.1019900497512443,-8.000000000000007,5.898009950248763,-0.5053008000706152,17.0
2025-05-27,0.0003230838252035788,1.8825927018987856e-05,4.318657037625049e-05,0.00022720067855838054,0.00025955813304027266,0.00044855975420290744,9.884273894661101e-05,0.00012869412589741575,0.0001576277403090329,-0.0008023761829350969,-0.00011200735221661595,0.00029643690363753775,-0.0004463692783316958,-0.0006159677637750038,-0.0010630292434777404,-0.0003480038273364806,0.0002014590087086715,-0.0003453688146973698,-1.7323030907278163,-8.999999999999986,7.2676969092721695,0.8662103495667637,16.0
2025-05-28,0.0003254733076813427,1.9147125265079977e-05,4.486142383762967e-05,0.0002281893165196137,0.0002615413646724011,0.00045129220530001695,9.985556046681257e-05,0.00012952071173641128,0.00015928516597998,-0.0011483895437131258,-0.00015218753664830525,0.0003765091550745524,-0.0006538942138561131,-0.0008850165631245882,-0.0015282315931001078,-0.0004853189899883605,0.00022481104358831598,-0.000499421435269582,-1.4610389610389611,-8.999999999999986,7.538961038961025,1.134358614688832,15.0
2025-05-29,0.00032487005327984787,1.9451958215315356e-05,4.524122420394261e-05,0.00022944673923587673,0.00026093665576319865,0.0004503657100288905,9.958458432983671e-05,0.000129800129004872,0.00015869799247892477,-0.00153235419690093,-0.00019644797351917284,0.00046315270652937427,-0.0008820725054135787,-0.001183848512495084,-0.0020440452175009664,-0.0006377977064753939,0.0002498761014440233,-0.0006713425180321996,-1.1619190404797601,-8.999999999999986,7.838080959520226,1.4294127337616933,14.0
2025-05-30,0.0003245413365768256,1.934595642256005e-05,4.5184138468798086e-05,0.00022977836530526798,0.00026033853927059523,0.00044998136889838093,9.932650060658749e-05,0.00012957667072972145,0.00015848497686902862,-0.00010585758380360577,-3.068736481998115e-05,0.00014203224433966617,-2.7808559285358167e-05,-7.448046631771592e-05,-0.0001280811726011177,-7.155676340384564e-05,0.00015740344980414431,-3.3871190977280934e-05,-1.2549701789264414,-8.000000000000007,6.745029821073565,0.33125654983731234,13.0
2025-06-02,0.0003241965574812929,1.9528320041376776e-05,4.5277345371670845e-05,0.00023072807524015138,0.00026038961670991683,0.0004482756447977712,9.960206850551972e-05,0.00013012451997563543,0.00015894840715359942,-0.000519588405300249,-7.856059724763142e-05,0.0002351453295559283,-0.0002742638364184526,-0.0003960136147832513,-0.000684999688777472,-0.00023540975827969311,0.00018467813671075217,-0.00021816044289540688,-0.9356287425149701,-8.000000000000007,7.064371257485037,0.6494191373169782,12.0
2025-06-03,0.00032345514348653526,1.935005162506984e-05,4.4418617691287734e-05,0.00023140399129123785,0.000259854919556238,0.0004465095564992358,9.938843866102088e-05,0.00013024486049612984,0.00015912099525129645,-0.0003809209696910583,-6.253276609909244e-05,0.00020291690649191114,-0.0001901539359176438,-0.0002880983828494069,-0.0004995277750885756,-0.0001802732510206757,0.00017578521284963622,-0.000155682512465589,-1.0406218655967905,-8.000000000000007,6.959378134403217,0.5421231094928984,11.0
2025-06-04,0.0003235977001801359,1.9328650953239014e-05,4.4396265952440856e-05,0.00023171481789793934,0.000259878513434667,0.00044693556865367724,9.931960116818166e-05,0.00013029236345760722,0.00015916805523014474,-0.002121963832099879,-0.00026496473355342554,0.0005946950491896904,-0.001231914954779784,-0.001642590200053885,-0.0028376626210760486,-0.0008716529482168787,0.00028840637640985045,-0.0009338152732733917,-0.6986027944111777,-8.999999999999986,8.301397205588808,1.8822265513163243,10.0
2025-06-05,0.0003233639702658159,1.9348643593453476e-05,4.4626984702212e-05,0.00023116264098627006,0.00025948067360186686,0.0004465832385072905,9.93939868106958e-05,0.00013073133141682376,0.00015947535782449303,-0.0005996608453938802,-8.795180473461967e-05,0.00025232547286160075,-0.0003212530652995507,-0.0004585653908244713,-0.0007931179910769491,-0.0002670788034164252,0.00019040807875361852,-0.00025304778747152365,-0.8637956935403106,-8.000000000000007,7.136204306459696,0.7104060939079293,9.0
2025-06-06,0.0003231012173373901,1.937544575207069e-05,4.438795495648559e-05,0.00023058137153876454,0.0002591064048305503,0.00044622434119804367,9.979135317910652e-05,0.00013122281739176943,0.00015919457831040142,-0.000600605203509822,-8.80042383028891e-05,0.00025223981750469563,-0.00032224226463656915,-0.0004594698987768858,-0.0007943923424181126,-0.00026695205789229137,0.00019094363286180263,-0.0002536331935904842,-0.8607784431137725,-8.000000000000007,7.139221556886235,0.7109306913733882,8.0
2025-06-09,0.0003225218803363458,1.947634783406908e-05,4.4558365958383134e-05,0.00022917050841507653,0.0002580563573837132,0.0004463130739208736,9.885710387211717e-05,0.0001306423032740408,0.00015869228686042752,-0.0008086682890244216,-0.00011202305527782849,0.0002990980966470705,-0.0004478288590443906,-0.0006219271874213527,-0.001072972020107591,-0.0003502645346905971,0.00020377766083055622,-0.00034686522218565726,-0.6986027944111776,-8.000000000000007,7.301397205588829,0.8706205684278236,7.0
2025-06-10,0.0003224786834742199,1.9496129476376873e-05,4.453164452939482e-05,0.00022905993739115105,0.0002579521239267703,0.00044620968264678153,9.879136698003417e-05,0.0001307037818245516,0.0001587463565747147,-0.0006751002159596027,-9.647113525568975e-05,0.0002690062477219719,-0.0003679752050635025,-0.0005180915864270637,-0.0008936240544900902,-0.00029728197421819303,0.00019520070858104586,-0.000287096895192312,-0.7984031936127745,-8.000000000000007,7.201596806387233,0.7677866480818798,6.0
2025-06-11,0.00032260947738468334,1.950230357833809e-05,4.463569904049569e-05,0.0002295054006798347,0.00025786123428443,0.00044635628132112196,9.889020099286761e-05,0.0001307661861859025,0.00015914442830030587,0.00043328143689515795,3.236777660934537e-05,1.9732361359878693e-05,0.00029574081238468617,0.00034395595635541897,0.000594998183421635,0.00014283079837834435,0.00012361086115788121,0.0002086065273238348,-0.6487025948103793,-7.000000000000028,6.35129740518965,-0.08517867897709852,5.0
2025-06-12,0.00032258099642792465,1.9348304744218204e-05,4.4194543005645044e-05,0.0002298611916836646,0.0002579828419887128,0.00044602224788262184,9.887996165661317e-05,0.0001311805475677691,0.00015903294987362456,0.00035487970545712967,2.3102988150833586e-05,3.692670695069422e-05,0.0002491914565452181,0.00028310888465951206,0.0004894021750721974,0.00011170366673783238,0.00012909232429864396,0.00017346806018883935,-0.588677354709419,-7.000000000000028,6.41132264529061,-0.024858702962722745,4.0
2025-06-13,0.0003224764522547094,1.9249367442740675e-05,4.4053444169656255e-05,0.00023006514884409395,0.00025802329828198805,0.0004458700343311958,9.878066850277768e-05,0.00013128114845574956,0.00015898224120086264,0.0021065692564699507,0.00022664786258976948,-0.00035740204422554076,0.0012978163834797757,0.0016459175291890036,0.0028420591784955075,0.0008071272447728802,1.5933376980665066e-05,0.0009563384580744568,-0.937031484257871,-6.00000000000005,5.062968515742178,-1.3731271128457658,3.0
2025-06-16,0.0003233221768865182,1.938179662998347e-05,4.4739797796007364e-05,0.00022888375289019,0.0002595490310854463,0.0004469080653651291,9.968743336098121e-05,0.0001317715631332792,0.00015933272637396164,0.00046022335090779246,3.529638213180825e-05,1.3934378061824128e-05,0.00031081693329365433,0.0003660481712532696,0.0006307780446835089,0.00015404193648784197,0.0001229204286528491,0.00022051732503679407,-0.6739890164752871,-7.000000000000028,6.326010983524741,-0.10536599519088075,2.0
2025-06-17,0.00032336721887480865,1.9267824830636752e-05,4.4068014397998173e-05,0.00022920411238327567,0.0002601572539519159,0.000446672574845509,9.986779001549435e-05,0.0001316030987599961,0.00015899247627342456,-0.0023654955557590967,-0.0002933090163506906,0.0006491142966698076,-0.0013800375933160777,-0.001831582101645417,-0.003164699981280769,-0.0009677037712687524,0.0003054473786783601,-0.0010427283336579777,-0.4995004995004996,-8.999999999999986,8.500499500499487,2.0694833642331485,1.0
2025-06-18,0.0003236779379312959,1.916783242904338e-05,4.3726887896779966e-05,0.0002285588023221525,0.0002603502015373504,0.0004469296962026658,0.00010022541160693819,0.0001321185593617055,0.00015974470057712712,,,,,,,,,,,,,,
2025-06-20,0.00032368127090914996,1.9158252177968437e-05,4.369481797010458e-05,0.0002286246958540464,0.00026037055728930677,0.000446901572355003,0.00010021751540550467,0.000132111093036085,0.00015978314933809694,-0.001908471701977622,-0.0002605976077738418,0.0005024590158227603,-0.00111300428317551,-0.001461397469992713,-0.002562896161711972,-0.0007850678186505789,0.00029434037941855596,-0.00084644976734277,-1.8391521197007483,-9.999999999999964,8.160847880299215,1.722768660878498,27.0
2025-06-23,0.00032292274444163075,1.869793788722886e-05,4.3047670642044614e-05,0.0002277089768024759,0.00025947821215020615,0.0004461556078284466,9.941184300816348e-05,0.00013135327571169082,0.00015880064257456686,-0.0018217651866498429,-0.00025009592336629324,0.00048383557823737286,-0.0010613493961127317,-0.0013948237792923116,-0.0024457057268056945,-0.0007511843278568147,0.00028722574359371926,-0.0008080038813472339,-3.9007976071784647,-12.00000000000001,8.099202392821546,1.6552634160509019,26.0
2025-06-24,0.00032332281608938543,1.8667808893700068e-05,4.313989911562762e-05,0.00022625905947982523,0.0002600414619441235,0.00044651271572393556,0.000100050052274948,0.00013213361182190747,0.00015886900393508613,-0.001563485337433149,-0.0002178059650655003,0.000430926954737162,-0.0009078014316169414,-0.0011953453291093383,-0.0020976278400852227,-0.0006482694431988372,0.0002692637924164412,-0.000691685816723492,-6.094217347956133,-13.999999999999968,7.905782652043835,1.4562326128459002,25.0
2025-06-25,0.00032374680274926656,1.8807675172036313e-05,4.384314226444372e-05,0.00022463091899304645,0.00026060217565413265,0.00044729508665486704,9.969644089282049e-05,0.00013192675256543085,0.0001595709695296491,-0.0029598854963797253,-0.0003927301489674781,0.0007187130799662438,-0.0017489866164088932,-0.0022722229374379857,-0.003980299784070374,-0.0012026119367862808,0.00037057586447696933,-0.0013206586320226948,-5.01123315027459,-13.999999999999968,8.988766849725378,2.534297105754315,24.0
2025-06-26,0.0003235404484713315,1.8805265944484462e-05,4.393089542148943e-05,0.00022490123172452085,0.0002605301583326493,0.00044673503364851765,9.98257893927081e-05,0.0001322050029427599,0.00015957060587884085,-0.000920753566777008,-0.0001371421742609712,0.0002996649569898678,-0.0005229780263584322,-0.000699254264158018,-0.0012310502046831394,-0.0003936687230055643,0.00022263828981675815,-0.0004013450712186154,-6.57665505226481,-13.999999999999968,7.423344947735158,0.9603422168760334,23.0
2025-06-27,0.0003237890262345971,1.8983764439696417e-05,4.434946895082732e-05,0.00022572061630814173,0.0002609485541129093,0.0004468639595291353,9.968312279104743e-05,0.00013267032584135204,0.00015955198113804238,0.0011060225194725935,0.00011702113295431602,-0.00011641940550256963,0.0006958797566731384,0.0008643232488071099,0.0015016145183200016,0.0004099216448738189,7.581885422005438e-05,0.0005121752551641004,-6.1375,-12.00000000000001,5.8625000000000105,-0.6037253557479598,22.0
2025-06-30,0.00032347756892353146,1.9060559456631714e-05,4.469539557151775e-05,0.00022520069944120097,0.0002607319338807995,0.0004462246720325153,9.945043272405852e-05,0.0001319420811405175,0.00015932304719992423,-0.0017988259699104718,-0.00024692786463306163,0.00048088274134014603,-0.0010504036003457888,-0.0013763038883666883,-0.002415453922478815,-0.0007422679531423097,0.0002861876874112925,-0.0007973908097367039,-4.897806580259223,-12.99999999999999,8.102193419740766,1.6379872123397785,21.0
2025-07-01,0.00032342872134738103,1.9126306599771528e-05,4.496583736419225e-05,0.0002255682492907129,0.0002608103204172196,0.0004461971582413993,9.959689101851141e-05,0.00013229267989431175,0.00015930173764325777,0.002519169916120005,0.00029431867631483314,-0.0004063148141626385,0.00154531203618097,0.0019544921743343607,0.0034068978597158544,0.000970441094227872,-2.7290257043866516e-05,0.0011491205778076967,-4.2250000000000005,-8.999999999999986,4.774999999999985,-1.6946661647754686,20.0
2025-07-02,0.00032282115370841285,1.9309101089093985e-05,4.5100202257000195e-05,0.00022540358905332253,0.0002603618158118158,0.0004451269202933166,9.935443270240894e-05,0.00013229274048365023,0.0001593556181645894,0.0031326331315735412,0.0003714629972237158,-0.0005323876105406165,0.0019142328139845092,0.002427706296645315,0.004233830394856526,0.001213742812743464,-7.19198728877639e-05,0.001425991613167913,-4.704568023833169,-8.999999999999986,4.2954319761668165,-2.1686040684598806,19.0
2025-07-03,0.00032290375965095383,1.9298722825281933e-05,4.496889364791636e-05,0.00022579506887590806,0.0002603153226081914,0.0004453408810312881,9.93993926955214e-05,0.0001320586898771586,0.00015912574926509453,0.005763816626024102,0.0007012086440286527,-0.0010732770585995903,0.0034960397441145116,0.004457155739165008,0.007781776786356869,0.002257298256700274,-0.0002633781024495718,0.002611836513015615,-6.742424242424242,-8.999999999999986,2.2575757575757436,-4.199279478877246,18.0
2025-07-07,0.0003231436205329881,1.93447735802603e-05,4.5014922733903154e-05,0.0002256188484990743,0.0002604234319977061,0.00044584145971571427,9.938826354342915e-05,0.00013236043116143364,0.00015904372422341408,0.0018853907664157727,0.00021514129786079808,-0.0002760665924821563,0.0011646029005696302,0.0014654605504954138,0.0025523493813702034,0.0007189849055389684,1.8818822361277188e-05,0.0008632895896602246,-1.7627412172191983,-7.000000000000028,5.23725878278083,-1.205737445491046,17.0
2025-07-08,0.0003228262894695022,1.9138204787341543e-05,4.469608918783238e-05,0.0002257116316256573,0.0002604426814314455,0.0004452953819916143,9.889861322942808e-05,0.00013160131994409765,0.0001587993833355262,0.0014890255726732735,0.00016529802775230865,-0.00019498751905672635,0.0009266522807094969,0.0011599888432084664,0.002017778989832272,0.0005614202838082241,4.6843832535328625e-05,0.0006845107124527499,-1.4610389610389611,-7.000000000000028,5.538961038961068,-0.9000689477137991,16.0
2025-07-09,0.00032283582046286794,1.914892081904913e-05,4.4717561107168675e-05,0.00022549823805300897,0.0002605102081169622,0.00044526716438808914,9.895705588487116e-05,0.00013167411218896328,0.0001587835982288676,0.0012757151357428408,0.00013857333998494966,-0.00015112336916718274,0.0007982235478439976,0.0009955123154257893,0.0017301136954302218,0.00047687474037573323,6.242037680246431e-05,0.000588332354208179,-1.2993503248375815,-7.000000000000028,5.700649675162447,-0.7354292657822112,15.0
2025-07-10,0.00032296768352166116,1.919414342384079e-05,4.491985662986765e-05,0.0002252476652893909,0.00026055176887321394,0.00044532914220173927,9.87174025910957e-05,0.00013209286756586284,0.00015888939382525686,0.0017155260225914875,0.00019372355982656925,-0.00024128629373095797,0.0010622407591225334,0.0013346996670947954,0.002323031514932912,0.0006510144401913728,3.088396820396566e-05,0.0007866411904946037,-1.6410965794768613,-7.000000000000028,5.358903420523167,-1.074772156807823,14.0
2025-07-11,0.000322548315947938,1.8908945016052993e-05,4.420548264805313e-05,0.00022415524791610157,0.0002601185237802202,0.0004450919350248334,9.861060719878914e-05,0.00013152785544906127,0.00015854172385903424,0.0004147349181168084,3.046269714641649e-05,2.5258791668326524e-05,0.0002795637340056879,0.0003312265285120177,0.0005693948074934553,0.00013517236971590652,0.00012482788153798146,0.00020009855025311248,-1.6409746394828442,-8.000000000000007,6.359025360517163,-0.07114933030956738,13.0
2025-07-14,0.00032259352485540125,1.893924994603591e-05,4.44410043782725e-05,0.00022446855678349097,0.0002604229589697395,0.0004451242206616456,9.844896645560514e-05,0.00013142434689859605,0.00015852517708740696,0.0013717079291614006,0.0001504248183320086,-0.000171178683874842,0.0008550356837819402,0.0010696558656011434,0.0018597325361363552,0.000514534067772807,5.517640009053167e-05,0.0006314557780808923,-2.379759519038076,-8.000000000000007,5.620240480961931,-0.8097032055456133,12.0
2025-07-15,0.00032258300120580676,1.891979909931256e-05,4.4413361194330694e-05,0.00022431727687578448,0.0002604299029506251,0.0004450952370934512,9.845869199084256e-05,0.00013149725102099192,0.0001584366007254749,0.0018459185118789164,0.00020983952591012515,-0.00026867082349333975,0.001139913605052484,0.0014354525868611571,0.0024991353606599546,0.000702622744735693,2.0783677256389825e-05,0.0008451414783064144,-1.7483822797411648,-7.000000000000028,5.251617720258864,-1.175705567525232,11.0
2025-07-16,0.00032255061022339276,1.9048659188186574e-05,4.444797041697295e-05,0.00022404349232154524,0.00026061462625241743,0.0004448153124234122,9.873152305543257e-05,0.0001314123057908054,0.00015898267881947584,-0.00028148121785546195,-5.665468442447168e-05,0.00016859187114958888,-0.00013900806133552486,-0.00020530446696361763,-0.00036965110163462186,-0.00014083114365989242,0.00017531236712701505,-0.00011330901243939784,-1.1102794411177646,-8.000000000000007,6.889720558882242,0.46618986970306775,10.0
2025-07-17,0.0003222747634379589,1.8626629130205398e-05,4.3983681800038995e-05,0.00022351844012708503,0.00026046835035098924,0.0004443978645842376,9.869342881427541e-05,0.0001308053005920508,0.0001592941581732746,-0.0014923964054233726,-0.0002088062124093292,0.0004169447526859453,-0.0008671843285121045,-0.0011392756799764618,-0.0020024743876574814,-0.0006210161033911764,0.0002626926812147549,-0.0006587420092577288,-1.1744127936031985,-8.999999999999986,7.825587206396787,1.4005575144211395,9.0
2025-07-18,0.0003221391152348521,1.8438062235269417e-05,4.352535585506586e-05,0.00022388070599009975,0.0002606360557377936,0.0004441400891442236,9.881883762260106e-05,0.00013079692108154857,0.00015891581926971875,-0.0012958845408145565,-0.00018434893525938456,0.0003760703622638994,-0.0007486276534633424,-0.000987424194706855,-0.0017375759459114545,-0.0005428991047654841,0.0002483922768923921,-0.0005704735561276384,-1.3216957605985036,-8.999999999999986,7.678304239401482,1.2487855810334594,8.0
2025-07-21,0.000322141005956634,1.8384435985633554e-05,4.3462713597685274e-05,0.00022373398537019852,0.00026057620664549254,0.00044413428150802484,9.887135421722009e-05,0.0001306151641950293,0.00015909999890980313,-0.0014337651995081214,-0.00020168338932529344,0.0004043460901580072,-0.0008316482748620356,-0.0010938395525779531,-0.0019235002769815482,-0.0005975316390174503,0.00025823160183491924,-0.0006324454928213585,-1.2112887112887114,-8.999999999999986,7.788711288711275,1.3552029000524097,7.0
2025-07-22,0.00032210496786840026,1.837305046162301e-05,4.351359898144033e-05,0.00022369900373027336,0.00026041052591145315,0.00044394543186389356,9.892120355249801e-05,0.00013082875525950613,0.00015913615816870113,-0.0013481341544711038,-0.00019095811441412167,0.00038679021151182837,-0.0007801933081579941,-0.0010279260503405791,-0.0018081770645912163,-0.000563505707745428,0.000252219047142054,-0.0005937914431384082,-1.27309036445332,-8.999999999999986,7.726909635546666,1.2890853140850869,6.0
2025-07-23,0.00032184170092974275,1.8395470953971824e-05,4.3305679122741895e-05,0.00022329380234702717,0.00025998218118359695,0.00044356697366363995,9.894457949528887e-05,0.0001311204273506214,0.00015877834283811973,-0.0013414463845124259,-0.00019006452006926764,0.0003851536768112331,-0.000776420609258847,-0.0010229927226240907,-0.001799182860900847,-0.0005607255086384364,0.00025200552905616517,-0.0005910157984346102,-1.2743628185907048,-8.999999999999986,7.725637181409281,1.283720525617273,5.0
2025-07-24,0.0003221871157250394,1.8178751697322315e-05,4.295540246380028e-05,0.00022395558723422665,0.0002602781054777413,0.00044382035888067256,9.88608487294084e-05,0.00013065770962414325,0.0001596812070113464,-0.00041184144163029454,-7.38170894418972e-05,0.0001938169367790578,-0.00021723011820135214,-0.0003059137803462366,-0.0005459314706327621,-0.00019225930499581963,0.0001840057240705308,-0.0001712117493255547,-0.9874999999999999,-8.000000000000007,7.012500000000007,0.5665209374813625,4.0
2025-07-25,0.00032186124447746453,1.8154032514613637e-05,4.242950927881739e-05,0.00022444227527679495,0.0002605678229803516,0.00044288986771318345,9.923591845319214e-05,0.0001314410968083663,0.00016041768653196931,-0.0002493320516769583,-5.343365601093226e-05,0.0001598242566424832,-0.00011887177535348779,-0.00018002131524731864,-0.00032729761914909576,-0.0001273027884091328,0.0001729545064837541,-9.707071294573887e-05,-1.1113886113886116,-8.000000000000007,6.8886113886113955,0.44084519379785636,3.0
2025-07-28,0.0003219282913679713,1.8168815317503435e-05,4.256305886047238e-05,0.0002243984287981855,0.00026067162847654974,0.00044291109827761,9.928011412583293e-05,0.00013154904841983678,0.00016057080179312784,6.607853281354964e-05,-1.3896849577447273e-05,9.514669030496875e-05,7.062068393762336e-05,6.332228037290026e-05,9.792756313808406e-05,-2.1914434785252717e-06,0.00015014379719179596,4.523621141809336e-05,-1.3533834586466167,-8.000000000000007,6.64661654135339,0.19746404089897762,2.0
2025-07-29,0.0003218536083611562,1.817082049462441e-05,4.2679550618941225e-05,0.00022398181229009147,0.0002605283810019002,0.0004428498104185783,9.926688170464474e-05,0.00013168907610739065,0.00016067568041769245,-0.002011633126935818,-0.00027428520570455363,0.0005222704134861303,-0.0011785535265880017,-0.00153940330008044,-0.002703584673992737,-0.0008262080337986535,0.00030128313728887434,-0.0008912375138009611,-0.7492507492507493,-8.999999999999986,8.250749250749237,1.8009777407622263,1.0
2025-07-30,0.0003219000229181115,1.808722614026662e-05,4.235484149696351e-05,0.00022373108184235138,0.00026073653102785024,0.00044274528370025066,9.914480217429483e-05,0.00013145415021609242,0.00016081285753294323,,,,,,,,,,,,,,
2025-07-31,0.0003219222250602661,1.8137022940515372e-05,4.241987868049219e-05,0.0002239070010022879,0.0002607886585701575,0.00044267726604690807,9.92583546106131e-05,0.00013136939645243522,0.00016083266850979312,0.011497700697091844,0.0019022124027651577,-0.0014083059322008338,0.007516435281640851,0.008825823202075879,0.015404345330786155,0.005068650843520802,-0.0011673036716588713,0.005226687143432514,-10.214853452558371,-8.000000000000007,-2.214853452558364,-8.670253017985257,33.0
2025-08-01,0.0003217176906342332,1.785421552117495e-05,4.154764528930462e-05,0.00022376527904289844,0.0002603839550140158,0.00044273059205869115,9.909614502986893e-05,0.00013043266066893887,0.0001612616803005585,0.01047916826204004,0.0017302541696956918,-0.0012769892023734395,0.006851804277537811,0.008044979474311889,0.014041103556742514,0.0046156816072723695,-0.0010499063672358055,0.0047655195903634935,-10.451837140019862,-8.999999999999986,-1.451837140019876,-7.8802265714343545,32.0
2025-08-04,0.0003229802643144224,1.6960443982319842e-05,3.981023338502316e-05,0.00022553724309279187,0.00026230831096930775,0.00044434376238537704,9.808888183102151e-05,0.00013050236692803966,0.0001605593855030977,0.018961372476664896,0.003159125079285916,-0.0023796361365886155,0.01238764323457735,0.014546635217922585,0.025396649164598335,0.008385787720637685,-0.002035358209107068,0.008609132595019884,-22.05588822355289,-13.999999999999968,-8.055888223552923,-14.459804901639966,31.0
2025-08-05,0.0003242208238293434,1.7194927638685157e-05,4.003232022757512e-05,0.00022519696184010723,0.00026306919899197665,0.00044600898225102164,9.852122827788259e-05,0.0001319734949066492,0.00016184542378852357,0.018559500570541534,0.00309140060386751,-0.0023270860924540495,0.012124260064339167,0.014238453672829715,0.024858644157577114,0.008206973130153736,-0.0019870436953317093,0.008427692294101164,-24.787917737789208,-16.999999999999993,-7.787917737789215,-14.147067218038362,30.0
2025-08-06,0.00032434481168429916,1.7100371803986784e-05,3.957370017335639e-05,0.00022505403027209137,0.00026322098630505997,0.00044634376918135634,9.844281149203404e-05,0.00013208923630341916,0.00016186734808938788,0.015541386831912783,0.002582474613591169,-0.0019357478113667841,0.01015462712962227,0.011925450233190117,0.020818287630060387,0.006864813002883968,-0.0016361958721966235,0.007059581060488011,-22.490009990009987,-16.999999999999993,-5.490009990009995,-11.805495682549147,29.0
2025-08-07,0.0003233450272242599,1.6885579348203768e-05,3.8399313682987066e-05,0.0002235033497082391,0.00026256268239235945,0.0004445227798393843,9.930877575576534e-05,0.0001316323629744876,0.00016129885338241794,0.014300147203563549,0.002373173236178731,-0.0017759268848490917,0.009343783015140472,0.01097428122152427,0.019156085047492277,0.006314197154932632,-0.0014925315921501272,0.006496825817102458,-23.56414719045251,-19.00000000000004,-4.56414719045247,-10.84330828089147,28.0
2025-08-08,0.0003232812775721043,1.6737252405037984e-05,3.791330102535046e-05,0.00022375915685780292,0.0002626722977773265,0.00044441351765023816,9.917126005789807e-05,0.00013102249187908226,0.00016130016428911193,0.012943812181402824,0.0021443770956365614,-0.0016003555654372813,0.008459031425647495,0.009934954494423411,0.017340256134470974,0.005710983594787764,-0.0013355369635618746,0.00588204463994882,-22.545203415369162,-19.00000000000004,-3.545203415369123,-9.791102823964899,27.0
2025-08-11,0.0003234046648392313,1.700315898012808e-05,3.8292191650627624e-05,0.0002240573531113961,0.0002628701265879532,0.0004443255283492572,9.89538033740194e-05,0.00013042014679823127,0.00016155583640774351,0.013503469353625234,0.002238972344105157,-0.0016726096556755905,0.008824442080149143,0.010363974906680371,0.018089248737851633,0.005959566970654999,-0.0014011595181107571,0.006135930673073604,-23.009236145781326,-19.00000000000004,-4.009236145781287,-10.225193343906223,26.0
2025-08-12,0.0003230756850039895,1.697512489459667e-05,3.873987271683559e-05,0.000224146408222359,0.00026226958654379214,0.0004443696992900306,9.860220943472976e-05,0.00013052857597365365,0.00016099660138395612,0.012554440738285247,0.0020790072075997546,-0.0015490114440718664,0.008205476369718374,0.009636297933451297,0.016819213238272523,0.005537369072701409,-0.0012908081497575094,0.0057053365813365545,-21.304402201100554,-17.99999999999997,-3.304402201100583,-9.489185029274584,25.0
2025-08-13,0.00032349514514862156,1.6851761890201456e-05,3.879994384051731e-05,0.0002245695163694981,0.00026262511164402297,0.00044495062076166337,9.850925291513861e-05,0.00013085693282335046,0.00016163412574380783,0.014639561015519028,0.0024303343939783397,-0.0018195660143250946,0.00956622884582312,0.01123435285425164,0.019610705031647697,0.0064642537408720205,-0.0015327309088366667,0.006650945499819461,-23.950571286636862,-19.00000000000004,-4.950571286636823,-11.10651160712306,24.0
2025-08-14,0.00032319856109951073,1.6878404898731632e-05,3.9159806141762565e-05,0.0002253027211047744,0.00026232529380986467,0.00044431344534130604,9.855505360916575e-05,0.00013094243321659093,0.00016186472540933005,0.01207356777144812,0.001997821512215255,-0.0014861535260344756,0.007892768570473458,0.009267721959236672,0.016175219726575922,0.0053234435606567794,-0.0012345005264871418,0.005488174708665274,-24.993740610916376,-21.999999999999975,-2.993740610916401,-9.116024835623477,23.0
2025-08-15,0.0003232005043680862,1.6877214619280838e-05,3.9145718925663805e-05,0.00022530680151887516,0.00026230819536965854,0.00044432509972472563,9.858965370291957e-05,0.00013096561434951555,0.00016184060565083798,0.008452137720870152,0.001387299016740747,-0.0010160701718085765,0.005529680424459917,0.006492265977332814,0.011327008633295188,0.003713181661552959,-0.0008136515200951563,0.0038465962651907646,-21.211747285291217,-20.999999999999996,-0.21174728529122078,-6.306490649467713,22.0
2025-08-18,0.0003232487062215186,1.6903374337887016e-05,3.926143333587879e-05,0.00022543832610061884,0.00026253168054935367,0.00044441759260459355,9.857651911852731e-05,0.0001310747915843406,0.0001615761059879532,0.006290288899073726,0.0010228604578566738,-0.0007353189902114181,0.0041191097573106735,0.004835627461050772,0.008432843179049068,0.002751865038535162,-0.0005623206988674463,0.002866368200664208,-19.553526763381694,-20.999999999999996,1.4464732366183028,-4.629274673794733,21.0
2025-08-19,0.0003231239801643412,1.6975079014525882e-05,3.934148565746736e-05,0.0002255980855374722,0.00026261484055768887,0.00044399445277354236,9.873434702088968e-05,0.0001313482706725396,0.0001615098632773231,0.008784456048638974,0.0014434338684965805,-0.0010590225215473584,0.005746869248494621,0.0067473175958892165,0.011771674409106637,0.003861128182267443,-0.0008518945615985445,0.003996936364452178,-19.502518891687657,-19.00000000000004,-0.5025188916876182,-6.564365076353522,20.0
2025-08-20,0.00032242862795305797,1.6697638215345995e-05,3.867054141143497e-05,0.0002240332606707022,0.0002611416725295183,0.00044387444122930507,9.753897530739839e-05,0.0001297480913891095,0.0001609934557720741,0.00542692004565949,0.0008772414142659294,-0.0006239425794213711,0.0035548659283957404,0.0041731864065136254,0.007277555550975814,0.0023672888074410784,-0.00046341555686774306,0.0024748019081592006,-18.917910447761198,-20.999999999999996,2.0820895522387985,-3.9601028447733517,19.0
2025-08-21,0.0003221026472464121,1.652535869783792e-05,3.824193604484202e-05,0.0002234312098796807,0.00026093596244065225,0.0004435219071184552,9.7297398304874e-05,0.00012992074641655666,0.00016050627804204445,0.0026381903445931976,0.0004069844053768992,-0.0002624089950034434,0.0017347474081749147,0.002035968563812333,0.0035442039243264774,0.0011271629092986831,-0.00013921851072383864,0.0012103627381786248,-16.766467065868262,-20.999999999999996,4.233532934131734,-1.7968382603587054,18.0
2025-08-22,0.0003218158284695877,1.650106108603955e-05,3.816904660910905e-05,0.00022383212252274134,0.0002607565603438517,0.0004431245153913605,9.706220877393643e-05,0.000129990537103532,0.00016019834634586292,0.0033262826594808647,0.0005230109207771915,-0.0003518402570463658,0.002184336206262632,0.002563357874143054,0.004465379926914226,0.0014330205888162652,-0.00021914130791583165,0.001522089312485296,-15.305864509605662,-19.00000000000004,3.694135490394377,-2.3308879711783286,17.0
2025-08-25,0.00032306720733881904,1.7073894404284255e-05,3.8812275633491116e-05,0.00022559803435576262,0.0002620933036100734,0.0004442057834750675,9.703688013462086e-05,0.00013039745228200534,0.00016089727599538604,0.007074156362984915,0.0011552103470000318,-0.0008375454039829357,0.004630884763675819,0.005436078450962796,0.009482283558103335,0.0030989585651420466,-0.0006541078677542912,0.003221089932401451,-22.21943887775551,-23.000000000000043,0.7805611222445314,-5.237545757811324,16.0
2025-08-26,0.00032304353195504,1.7237633772701774e-05,3.9355250867344644e-05,0.00022574215498420588,0.0002623810786363549,0.0004437028254937452,9.782392070087768e-05,0.00013101442290852451,0.0001613205134534427,0.006489583768105785,0.0010568275528736704,-0.0007611222377308953,0.004249593305789108,0.004988372227148073,0.008699210784249348,0.002839821608716914,-0.0005855638224598201,0.0029565437301871354,-21.781437125748504,-23.000000000000043,1.218562874251539,-4.784048308295999,15.0
2025-08-27,0.000323033047113269,1.731144902281181e-05,3.95044991421773e-05,0.00022553686608946038,0.000262290076054049,0.00044372701395555393,9.75592378453539e-05,0.00013108764219000175,0.00016136291010143962,0.00697093002852445,0.0011380511864498453,-0.00082345782273535,0.0045634876285386644,0.005357189498939933,0.00934365539150644,0.003053595759967649,-0.0006414263075937335,0.0031747797164910427,-22.168989547038333,-23.000000000000043,0.8310104529617099,-5.157488492688199,14.0
2025-08-28,0.0003224155379399513,1.678763291430743e-05,3.797871491545762e-05,0.00022579879302504562,0.0002617609397913769,0.00044272116132569844,9.719517806486294e-05,0.00013088820757336769,0.00016118230420603553,0.005094627942613996,0.0008213139503821646,-0.0005815013264789344,0.0033398095090922623,0.003919149478520119,0.006831560928671654,0.0022191946914428533,-0.0004236632038354041,0.0023243724234447752,-22.728988424760946,-25.0,2.2710115752390543,-3.7023182866088318,13.0
2025-08-29,0.0003211635346956267,1.6376805558483817e-05,3.750127641258659e-05,0.000225287338847674,0.0002613634629312382,0.00044071344005337603,9.635640681862186e-05,0.0001301757444713034,0.0001603402170612468,0.0033059133160864684,0.000519562654502142,-0.0003499485605470892,0.0021729254605136364,0.0025488537747078363,0.004436572484434999,0.0014235474550341372,-0.00021666489538604356,0.001513293666740245,-21.353118712273638,-25.0,3.6468812877263623,-2.3155913357443705,12.0
2025-09-02,0.0003212154672037978,1.644510123729628e-05,3.767334578098977e-05,0.000224731107806474,0.00026116400491588127,0.00044104629238671527,9.591495504799859e-05,0.00013010374264645373,0.00015978419777572202,0.001610976130357569,0.00023388018349090758,-0.00012975025594654676,0.0010663383510819606,0.0012496271048612363,0.002167724301740351,0.0006694165655181874,-1.9771940889952075e-05,0.0007444181759248163,-23.044904137235118,-28.000000000000025,4.955095862764907,-1.0006060258059897,11.0
2025-09-03,0.00032144273429964194,1.6534792161297958e-05,3.8006461580158076e-05,0.0002244628102810243,0.00026143007324784485,0.000441358457313176,9.587351810598271e-05,0.00013033297792388278,0.0001596747740310697,0.001964154254927273,0.00029347230840809233,-0.00017523362802707642,0.0012963809993438837,0.0015203921182097822,0.0026405524158603735,0.0008263173357319804,-6.0557098848323254e-05,0.0009042973995246326,-23.32164328657315,-28.000000000000025,4.678356713426876,-1.274427956409892,10.0
2025-09-04,0.0003204610475788307,1.6207651595777506e-05,3.7463125523235784e-05,0.00022364110130229268,0.00026070094430431,0.0004399449742779561,9.558085658380213e-05,0.00012999720039519956,0.00015882397034902769,0.0025715580090273998,0.0003957101957162966,-0.0002547513696855537,0.0016925489089244876,0.001985925122990346,0.003453620093467582,0.0010965477565654485,-0.00013158985636837445,0.001179220862089327,-25.79733802109493,-29.999999999999982,4.202661978905052,-1.7464179585002917,9.0
2025-09-05,0.00032073479164915593,1.6300813792485286e-05,3.782579606899633e-05,0.00022383710269532187,0.00026113457052466977,0.00043999417303998287,9.556804961287521e-05,0.0001300145264328014,0.00015900571708627302,-0.0005299176186508499,-0.00012710693780581454,0.0001482488337839071,-0.0003312389284402946,-0.00039079918934445363,-0.0006988239444835538,-0.0002826808311248043,0.00022886396035324365,-0.00022658543704285182,-25.396039603960396,-32.00000000000003,6.603960396039632,0.6599425396734206,8.0
2025-09-08,0.00032078617591415205,1.623303844117754e-05,3.75485753193665e-05,0.00022427681881046976,0.0002614982351659027,0.00044005010490771526,9.543852643395328e-05,0.0001299587122650332,0.00015876806144042043,-0.009246658872513157,-0.0015967004774367795,0.0012794969112386557,-0.006018766004892559,-0.007070921384456021,-0.012368447969784441,-0.0041587966197529445,0.001241736584931541,-0.004178046992065389,-27.63157894736842,-41.000000000000014,13.368421052631593,7.422495847884822,7.0
2025-09-09,0.00032079559836167154,1.6284365085608353e-05,3.7774511721881036e-05,0.00022412707667090006,0.0002614462391128038,0.0004401005940544762,9.5454023515915e-05,0.0001298885638333347,0.00015874718511020087,-0.0008892702944461797,-0.00018771532605987623,0.00019485294951990484,-0.0005654769555512298,-0.00066593937413596,-0.0011798853666516946,-0.0004426107183590747,0.0002705033755497976,-0.00038976205148329,-31.09390609390609,-37.999999999999986,6.906093906093897,0.9387782233993311,6.0
2025-09-10,0.00032065017790501463,1.6196235790798736e-05,3.728904386361988e-05,0.00022432647386486207,0.00026113551805846566,0.00044018975476599754,9.51928225318838e-05,0.00012944846929407154,0.00015846969911069314,-0.0031379918794615246,-0.0005668810294053659,0.00048625475267560043,-0.0020325404709365617,-0.0023895423536532353,-0.004190096586947629,-0.0014427179283584548,0.0005313574104367189,-0.0014092937803922407,-29.34674615002484,-37.999999999999986,8.653253849975147,2.6832405287075956,5.0
2025-09-11,0.00032033313679877945,1.613221630262467e-05,3.74629032701146e-05,0.0002245497894337221,0.0002610113005659181,0.00043987675463383374,9.500201341233234e-05,0.00012971501927497596,0.000158101882039613,-0.00105021018572258,-0.00021492165948846858,0.00021537288760710264,-0.0006697705448803558,-0.0007893630362325306,-0.0013949497240071532,-0.0005144202035462658,0.000288977991970132,-0.00046314996550243673,-31.959020489755126,-39.000000000000014,7.040979510244888,1.063277820700237,4.0
2025-09-12,0.0003205707476256914,1.627257313627148e-05,3.7816240543343136e-05,0.00022452439398335688,0.0002616075859596957,0.0004396167499363708,9.539395757748886e-05,0.0001302047809890842,0.00015896582849937878,-0.005358771307670673,-0.0009411827456824647,0.0007750506201493381,-0.0034814154344874715,-0.004090998454839491,-0.007163650518657899,-0.0024299674588260205,0.0007901685222410648,-0.002415415941633349,-28.613184079601986,-39.000000000000014,10.386815920398028,4.406076294222805,3.0
2025-09-15,0.0003205771904185201,1.6276340903772765e-05,3.7834508561309124e-05,0.00022453316207732694,0.00026164195091037503,0.00043962518875319636,9.54175358032415e-05,0.0001301439771380168,0.00015905149612770717,-0.006937046880421873,-0.0012072546070398815,0.0009799453952070239,-0.004511282684603961,-0.005300547835339617,-0.009276580492875382,-0.003131738642643433,0.000973510812196926,-0.0031307477307077345,-27.376188094047023,-39.000000000000014,11.62381190595299,5.630519355862601,2.0
2025-09-16,0.00032050137377369114,1.6336461572882106e-05,3.814234561475601e-05,0.00022489145347841558,0.00026143171230253375,0.0004396948501109041,9.482224332488668e-05,0.000130071945279356,0.00015859187798729628,-0.011398463585691083,-0.001959312341095411,0.0015593790975829498,-0.007422082186933572,-0.008719896965886867,-0.015249168724325112,-0.005116102131483302,0.0014918655972459042,-0.005153482912143659,-26.899050474762618,-41.99999999999999,15.100949525237375,9.091661181522376,1.0
2025-09-17,0.00032029012659246837,1.6336661192580932e-05,3.832963680233723e-05,0.0002255562280548889,0.0002616908662276977,0.0004390271753129781,9.44276028318733e-05,0.00013034611788056034,0.00015853932738872203,,,,,,,,,,,,,,
2025-09-18,0.000320316524480105,1.6345694680353518e-05,3.8363997582213774e-05,0.00022554179732718388,0.0002615821731058259,0.00043908195365256254,9.435122002954074e-05,0.00013030464541383748,0.00015851650076445755,-0.01950198984104347,-0.0032837213818566677,0.0027311917233663868,-0.012850174305757151,-0.015114327780108421,-0.02603277284531126,-0.008842150420656359,0.00241668455725999,-0.008877713180019262,-23.550273768043805,-45.000000000000014,21.44972623195621,15.41468247412925,31.0
2025-09-19,0.00032004450305606183,1.636278325214074e-05,3.846657170373049e-05,0.00022493424663755962,0.0002612002263121387,0.00043916351410020323,9.369242863972713e-05,0.00012966164096152639,0.00015841890244577416,0.014045090703392485,0.002301342757553099,-0.0018260583864119803,0.009278613687767272,0.010907543320228093,0.01876838431336612,0.006281362804934837,-0.0014534371843189238,0.00641514138259658,-23.594601287766217,-18.999999999999993,-4.594601287766224,-10.673189346367561,30.0
2025-09-22,0.00031914508849998,1.6135786851619628e-05,3.793817485371823e-05,0.00022348207250269655,0.0002607567396200776,0.0004378136432245161,9.297374211135944e-05,0.0001294141504499225,0.0001577616257263835,0.01464845397973272,0.002401714923280094,-0.001908674876226425,0.009675761315903067,0.011375818687537224,0.01957400180132714,0.006553064210651251,-0.0015233826228123217,0.0066899443051991235,-24.094567404426563,-18.999999999999993,-5.09456740442657,-11.143090140925462,29.0
2025-09-23,0.00031923162631899846,1.607888543395078e-05,3.786436160709473e-05,0.00022346868180055156,0.0002607070370712609,0.0004381298041953852,9.271100645381829e-05,0.0001296158168487771,0.0001577484008760621,0.008263597748636062,0.0013386768011746275,-0.0010413647131268045,0.005463942424808162,0.00642305040315749,0.011047495968849042,0.003674274098918953,-0.000786717468465022,0.003779280407582991,-23.16066066066066,-23.0,-0.16066066066066043,-6.177882582156954,28.0
2025-09-24,0.0003194192337436237,1.593061684578658e-05,3.747061760149506e-05,0.00022265314741297095,0.0002608748130993199,0.0004384705832495908,9.248552374631398e-05,0.00012933841411837121,0.00015768100762088917,0.008190842949741,0.0013263848985844355,-0.0010318493511736395,0.005415010683389752,0.006366637685944209,0.010950425238204246,0.0036411639497285807,-0.0007785814177124811,0.0037459613671774064,-23.121242484969944,-23.0,-0.12124248496994383,-6.121159413238906,27.0
2025-09-25,0.0003189101782843397,1.5839699674091548e-05,3.7747351033743065e-05,0.00022176689439333346,0.000260491005722331,0.00043763276917801975,9.248007629286895e-05,0.00012919366102518448,0.00015777717735128693,0.009454283406598108,0.0015367194533575726,-0.0012032780806675802,0.006247884371666658,0.007346683376952313,0.012637538732435285,0.004210985579017586,-0.0009245148959549377,0.004322243672244221,-23.121242484969944,-21.999999999999975,-1.1212424849699687,-7.104061202587427,26.0
2025-09-26,0.00031727567717411117,1.5329705278689334e-05,3.5063831737100755e-05,0.00022002460012512877,0.00025878502275347357,0.00043601977521417183,9.143167132829623e-05,0.0001283684472355984,0.00015740285905407474,0.010346727465865957,0.0016850578909525602,-0.0013274207022512684,0.006835917919511934,0.008038502717524161,0.013829929977572496,0.004613015119393293,-0.0010284665180627906,0.004729445499490422,-21.836305101535412,-19.99999999999997,-1.8363051015354408,-7.799335347836499,25.0
2025-09-29,0.00031735095948217534,1.5389221189652563e-05,3.5184034868046466e-05,0.00022030614529058303,0.0002587975045768848,0.0004360898737982404,9.138243460824872e-05,0.00012875875122613482,0.0001576463085843469,0.008105948298353621,0.0013120543607779446,-0.0010228841067665849,0.005358027546946015,0.006300313014226222,0.010837433392572732,0.003602720197933554,-0.0007696075724841339,0.003708169297553612,-22.115384615384613,-21.999999999999975,-0.11538461538463807,-6.0567500412750395,24.0
2025-09-30,0.0003173085070913508,1.5551545071940153e-05,3.575331957537502e-05,0.00021986200619927496,0.00025881565190574284,0.00043609645071499784,9.147572432268718e-05,0.00012882490968615896,0.0001575747606097327,0.00664228565720982,0.0010685495397582965,-0.0008234844260592007,0.004392111392743354,0.005165019668886715,0.008882836887333087,0.0029429687664060144,-0.0006007219166139814,0.003040889406254889,-21.993987975951907,-23.0,1.0060120240480934,-4.918575700896947,23.0
2025-10-01,0.00031589174201035453,1.528479251308191e-05,3.5356223223448316e-05,0.00021912342616322135,0.000257372487745165,0.0004343708080707615,9.079560678389536e-05,0.00012596667418573467,0.0001571598635577424,0.008385320073685237,0.0013587033772521219,-0.001060862347010949,0.005542094024714924,0.006516725012815051,0.011210752282946636,0.003728740566147111,-0.0008047917601462504,0.0038357029378621853,-23.364135864135864,-23.0,-0.3641358641358643,-6.27513636338782,22.0
2025-10-02,0.00031592437842335865,1.529992487948338e-05,3.537098074895577e-05,0.00021920839069403,0.00025721977904415014,0.0004344947808968146,9.073749818235952e-05,0.0001260207941028196,0.00015758184335153158,0.008386322298326405,0.0013588799290886174,-0.0010609793064519362,0.005542818574780058,0.0065173244013227586,0.01121217109999099,0.003729119577557344,-0.0008048494762086301,0.0038365669157647674,-24.38217673489765,-23.99999999999998,-0.3821767348976728,-6.275890357115503,21.0
2025-10-03,0.00031578682138334684,1.5159829211370178e-05,3.529271005051319e-05,0.00021917198842903447,0.0002570412276967161,0.00043433163158049844,9.065692912016952e-05,0.00012666511191710507,0.00015745093680744494,0.009698844919631506,0.0015772747787168914,-0.0012393803039612433,0.00640867393684162,0.007535359590052967,0.01296501030069238,0.004320826342477988,-0.0009556123563008725,0.004434827470114221,-24.420199501246877,-23.0,-1.420199501246877,-7.296671666439663,20.0
2025-10-06,0.00031572320302218843,1.5121429456006479e-05,3.5303054290522175e-05,0.0002187267918642623,0.00025679573427421753,0.000434413690879074,9.058544615316879e-05,0.00012661604271268305,0.00015722411635092293,0.010768549457149827,0.0017553340536542047,-0.00138469620466938,0.007113897618784804,0.008364919596167478,0.01439372264996826,0.004803039045008086,-0.0010790525373584356,0.004922266947588015,-24.272088353413658,-21.999999999999975,-2.2720883534136824,-8.128569637328553,19.0
2025-10-07,0.00031575161671990905,1.5038284269597644e-05,3.5035511973027354e-05,0.0002186324689765131,0.0002566940892918428,0.00043462974622297714,9.040665084126867e-05,0.00012635392558307254,0.00015712981783455647,0.009168394113637578,0.0014888483195761952,-0.001167581414764472,0.006058247593335813,0.007123575842131127,0.012256960732547192,0.004081448497299021,-0.0008947433977290074,0.004192710209385115,-24.049925484351714,-23.0,-1.0499254843517143,-6.884197561607217,18.0
2025-10-08,0.00031464828501431407,1.4334667173533476e-05,3.301086493410284e-05,0.0002185160538812313,0.00025523603157733997,0.00043328933301054634,8.950631740975802e-05,0.0001271552447321355,0.0001563271571245485,0.007046596858459954,0.0011350862809619184,-0.000881513279373199,0.004659222737743129,0.005477122585354011,0.009423522954880893,0.0031244745174898916,-0.0006493332073219616,0.0032251644754035984,-23.419540229885058,-23.99999999999998,0.5804597701149206,-5.235054275637565,17.0
2025-10-09,0.0003145601143284687,1.4193591243144874e-05,3.250925022713011e-05,0.0002195199508139828,0.0002548251941401191,0.0004333508885871164,8.906506198847889e-05,0.00012740608964521624,0.00015622884908130462,0.006239926404008729,0.0010006633717226812,-0.0007724420171001543,0.0041281674099916624,0.0048510561689774625,0.00834642786150211,0.002760401312824088,-0.0005560481061096419,0.0028573762205824325,-23.806532663316585,-24.999999999999957,1.1934673366833728,-4.6078210181027055,16.0
2025-10-10,0.0003146398194907738,1.4212910314961761e-05,3.2490378571357085e-05,0.0002197903196950722,0.00025496260342466523,0.00043342031867143734,8.883254264644684e-05,0.0001274336502223066,0.00015633101643480185,0.00881109254518091,0.0014287235828051483,-0.0011217387534304872,0.005824446088593379,0.006845552498613313,0.011780074876080649,0.003919293152174745,-0.0008525793954723037,0.004029538144077188,-23.818407960199007,-22.999999999999954,-0.8184079601990533,-6.607208995152875,15.0
2025-10-13,0.0003186076277929483,1.392775143711991e-05,3.065358475234612e-05,0.00022429266336728608,0.00025828466074091734,0.0004392797803437575,8.916595087766047e-05,0.00012744883789118482,0.00015812956076508808,0.00855307754605244,0.0013848228717570346,-0.0010879856136404085,0.00565613237591555,0.006645657837245909,0.011436067338916191,0.00380151670248814,-0.0008223461182878533,0.003911908768330662,-24.63253612356751,-23.99999999999998,-0.6325361235675331,-6.403479836912833,14.0
2025-10-14,0.0003196667460130734,1.3806199383756185e-05,2.9825314855206147e-05,0.0002243652867861325,0.00025903320073862644,0.0004411410337460558,8.882693409843733e-05,0.00012772437280915736,0.00015790528155465507,0.00841032503723615,0.0013607592008172663,-0.001069277310475226,0.005561340155013283,0.006534853534362373,0.011245874224924991,0.003736343008186431,-0.0008054828054855747,0.0038461262806703546,-24.537962037962036,-23.99999999999998,-0.5379620379620569,-6.291645697838589,13.0
2025-10-15,0.00031958660648603366,1.382083756512154e-05,2.98303850506512e-05,0.0002243419102287121,0.00025874646750434233,0.0004413127294181622,8.837764262288643e-05,0.00012730305555132789,0.00015775949852637447,0.007275835106625613,0.001171914463413201,-0.0009151645354799121,0.00481300726798608,0.005654619610518531,0.009731089450934441,0.003224467106089022,-0.0006750569997947831,0.00332884655594348,-24.672708962739176,-24.999999999999957,0.3272910372607818,-5.4094795965462925,12.0
2025-10-16,0.00031960022737297404,1.373074565843149e-05,2.939069228039857e-05,0.00022457139661934356,0.0002587160575615359,0.00044134269535511887,8.854210409986284e-05,0.00012726888526978284,0.0001578744889068098,0.009992889476072337,0.0016241641020399216,-0.0012847097462908204,0.006605523323535541,0.007762163017602923,0.013359612834965269,0.004449556591908574,-0.000988484943364951,0.004567556279111268,-24.80009995002499,-22.999999999999954,-1.8000999500250359,-7.522367957567911,11.0
2025-10-17,0.0003196631645458715,1.3357011654154046e-05,2.7906815985329354e-05,0.00022517700433327974,0.00025974106558342776,0.000441352758240196,8.840740862874028e-05,0.00012712770626624917,0.0001575933685121509,0.008296853175396393,0.0013414195303464624,-0.0010557813300332657,0.005487302912328576,0.006447545502904163,0.01109455384276505,0.0036847685134100963,-0.0007929916107023783,0.003794088527858101,-25.50125313283208,-25.000000000000043,-0.5012531328320371,-6.203407857065907,10.0
2025-10-20,0.00031958663592352674,1.351426721481097e-05,2.8477142555468225e-05,0.00022617717657910676,0.00025998039897400026,0.0004408212653026529,8.906273084112767e-05,0.0001273607906634822,0.0001579841437160816,0.00508321049998462,0.0008065742668390705,-0.0006186533265135394,0.0033684852470807322,0.003955062607580114,0.006802440186985255,0.0022366499838982995,-0.0004220936325273255,0.002329537673096794,-25.018787575150302,-27.000000000000046,1.981212424849744,-3.70439987843195,9.0
2025-10-21,0.00031957289816657715,1.3729944414520171e-05,2.9611248245833895e-05,0.0002263912738188387,0.00026003832492742343,0.00044090248462345136,8.842457455926824e-05,0.00012675645886293967,0.0001581524496220347,0.0010441786048707936,0.00013436411241045336,-6.882524553514647e-05,0.0007043749318667386,0.0008221057197310515,0.001408582869572841,0.0004150989769928399,4.3177691525396e-05,0.0004884724170892995,-24.887724550898206,-30.00000000000003,5.112275449101823,-0.5634847268436163,8.0
2025-10-22,0.0003195725298886992,1.3688375881078148e-05,2.9516475544901312e-05,0.00022646716975728993,0.00026007335293907406,0.0004408713919091429,8.847727961036771e-05,0.00012679931849115405,0.0001581305061793515,-4.301352420044797e-05,-4.667585608297873e-05,7.877319478984906e-05,-1.2711471657177094e-05,-2.118001965850663e-05,-4.334700321521396e-05,-7.498759715559607e-05,0.00016862136760582537,-7.158577915180475e-06,-25.043771885942974,-31.00000000000005,5.956228114057076,0.2819625925594975,7.0
2025-10-23,0.00031858094212021545,1.3432764340471013e-05,2.8724803582777527e-05,0.00022676634847832513,0.00025876703600301337,0.00044030141247119385,8.856117770103796e-05,0.00012609385147242713,0.00015716251406181799,-9.129264033148709e-05,-5.4804013461717844e-05,8.440545580052852e-05,-4.360534810760004e-05,-5.916666857033189e-05,-0.00010706748398900412,-9.622236234272421e-05,0.0001733702232544671,-2.9683141676860233e-05,-25.006253126563283,-31.00000000000005,5.993746873436766,0.3187354191546392,6.0
2025-10-24,0.00031815629316207566,1.32980476402946e-05,2.7295238764335223e-05,0.00022704445096949656,0.00025796301764722396,0.0004402320168348546,8.794864919755295e-05,0.0001254003699627619,0.00015657316278485582,-0.00040378182213539674,-0.0001068920130750468,0.00012536934463905065,-0.0002491795395972125,-0.00030203516056244575,-0.0005238859122085403,-0.00023752312148654121,0.0002086714472014379,-0.0001725307520091565,-24.762737262737264,-31.00000000000005,6.237262737262785,0.5614102924287998,5.0
2025-10-27,0.00031740378392642297,1.3498951063688668e-05,2.7716407815257696e-05,0.00022526048139634701,0.00025707894878849785,0.00043939624131417377,8.744750857206287e-05,0.00012494594460843962,0.00015621091086697678,-0.00397139796502831,-0.0007005114768114671,0.0006103430733007555,-0.0026038328167115204,-0.003069689807737778,-0.005288117755610827,-0.0018460754205645528,0.0006196325862071072,-0.0017988894162224455,-24.987512487512493,-34.00000000000003,9.012487512487535,3.335157672147158,4.0
2025-10-28,0.000318045014928129,1.3461905869927119e-05,2.8102629639446602e-05,0.00022512806049828537,0.0002571503351835213,0.0004404914343039076,8.748338612937785e-05,0.0001248927643744465,0.00015622563830952485,-0.010308764334889307,-0.0017557158586793708,0.001471737206067053,-0.006784810116095164,-0.007985929992591055,-0.013751164617078485,-0.004703407110602757,0.001350629213827194,-0.004688129417460691,-25.050050050050054,-39.000000000000014,13.94994994994996,8.263866414932032,3.0
2025-10-29,0.0003178102752094908,1.344407176327839e-05,2.7629399384624936e-05,0.0002255789779665326,0.0002568571569692133,0.00044035849775292293,8.707425470054954e-05,0.00012377468819137614,0.000156058740310863,,,,,,,,,,,,,,
2025-10-30,0.0003163924062070045,1.3053265974199064e-05,2.55843722954917e-05,0.00022536395318945967,0.0002564783347796254,0.00043912652930893595,8.743542176521366e-05,0.00012420121638092666,0.00015524061012142887,-0.004733887270629625,-0.0013564434916801134,-0.0003330827583228505,-0.002198800391519881,-0.004780261638355947,-0.006020008955028112,-0.0037492122648914747,0.0006006734597974455,-0.002811030587518136,-25.01874062968516,-35.00000000000001,9.981259370314849,4.273542677142647,1.0
2025-10-31,0.0003162458970827415,1.3625109818025281e-05,2.719741726936898e-05,0.0002251822051755039,0.00025610823528473533,0.00043851627875114176,8.700377149946408e-05,0.0001251693477983689,0.0001543080515271997,,,,,,,,,,,,,,
2025-11-03,0.0003160848180451274,1.3682517422763756e-05,2.7000199246448773e-05,0.00022445830274786505,0.00025548281898507856,0.0004386591886889541,8.648990771812853e-05,0.00012439906700922708,0.00015371591915677236,0.01298613602266899,0.003449451455850172,0.0009268178729473174,0.006306158394876125,0.012891565857454771,0.016643222611088245,0.009711802911074483,-0.0010709659638341107,0.007595443974984997,-18.002512562814072,-12.99999999999999,-5.002512562814083,-10.72138733086133,26.0
2025-11-04,0.0003153855357470798,1.3795813992204679e-05,2.730065851618179e-05,0.00022426273126200687,0.0002543770768146442,0.00043806578036752696,8.546512602859591e-05,0.00012396531612510702,0.00015338456431166972,0.022056355838083776,0.005909348187827989,0.0015713283033538684,0.010660058053259218,0.021937060251526065,0.028244025396390506,0.016601865950067584,-0.0019272020561529526,0.012922897966181958,-17.706237424547286,-5.000000000000027,-12.70623742454726,-18.397191913087056,25.0
2025-11-05,0.0003162201842134368,1.3869036250174143e-05,2.731823706081843e-05,0.00022502195316740248,0.0002537551262107196,0.0004400243074148335,8.507808763909883e-05,0.00012407978219285734,0.0001529039898585689,0.020848590615820374,0.005581682411420723,0.0014855120122044079,0.010080682133920599,0.020731078663444785,0.026700225903896698,0.015683317503826438,-0.0018130613720044979,0.012212548787330664,-18.731306081754738,-7.000000000000028,-11.73130608175471,-17.374475656234537,24.0
2025-11-06,0.0003157033628944253,1.3327156457160778e-05,2.5931196642272804e-05,0.00022520649487855487,0.00025347840888760565,0.0004390273991429352,8.514327913550072e-05,0.00012347039220851768,0.0001528575637581195,0.019322105919857953,0.005167340070993062,0.0013757518609808493,0.009348393000985767,0.019208925162309282,0.024747568121817217,0.014524119943397334,-0.0016697022328898096,0.011316228324004366,-17.48504486540379,-7.000000000000028,-10.485044865403761,-16.083202844919253,23.0
2025-11-07,0.0003145596217454876,1.2688852903644384e-05,2.288273611800607e-05,0.00022129788680620173,0.00025135715890804423,0.00043882216174212296,8.411264480512838e-05,0.00012191462621276271,0.00015107631685436375,0.016721207565645747,0.004461719916708241,0.0011880707489905823,0.008096586684022732,0.0166140191919078,0.02142236538995604,0.012548081356966393,-0.0014259822929677099,0.009787486646566493,-18.32669322709163,-10.000000000000009,-8.326693227091623,-13.883292542925151,22.0
2025-11-10,0.00031416336496014946,1.2452259159080906e-05,2.2565437227780516e-05,0.00022180032800977003,0.00025076504313787144,0.0004383791286061389,8.407360271866009e-05,0.00012167488752483864,0.00015085337936584869,0.017415121919836022,0.004649761238520956,0.0012370628766136377,0.008430362356607955,0.017305876253578736,0.02230992195119369,0.013075503241774441,-0.0014917272621791568,0.010195065593199082,-18.95,-10.000000000000009,-8.94999999999999,-14.470817634021856,21.0
2025-11-11,0.00031542895541507396,1.2469292329059473e-05,2.2602204099430497e-05,0.00022265426871098348,0.00025102242294599897,0.0004404638228959729,8.371487066814615e-05,0.0001215936812792593,0.0001514511441039364,0.01884961970799187,0.005038431370789525,0.0013388867350431956,0.009119176294315169,0.01873552336284178,0.024145061750911478,0.014163956882031089,-0.00162702778384354,0.011037469289412405,-18.200000000000003,-8.000000000000007,-10.199999999999996,-15.683617588690186,20.0
2025-11-12,0.00031541847957548884,1.247173308509026e-05,2.2475261159522133e-05,0.00022300206655670766,0.00025107735149662255,0.0004402807099077677,8.379009747712783e-05,0.00012168179280651024,0.00015162358289799,0.01960607795046139,0.0052435672939035345,0.001392483641466103,0.009482633585526923,0.019490018931464178,0.025112376331888977,0.014738713937143627,-0.0016983092538743793,0.01148195204656909,-18.880337636544187,-8.000000000000007,-10.88033763654418,-16.323740821160808,19.0
2025-11-13,0.00031541920424119573,1.2480931443888015e-05,2.2496995962837707e-05,0.00022301940475480083,0.00025105793730928504,0.0004402825944300043,8.378816161338143e-05,0.00012166548507802898,0.00015158522563962095,0.014774373837519606,0.003933351211196147,0.0010493612692117804,0.007163403804558666,0.01467124838838616,0.01893279249770863,0.011068113465353612,-0.0012424749175166873,0.008644021966001616,-14.833501513622604,-8.000000000000007,-6.833501513622597,-12.235156000486894,18.0
2025-11-14,0.0003168016348069194,1.2288519168707477e-05,2.2165368970254037e-05,0.00022261512530573913,0.0002522420020828908,0.0004427125362801537,8.359453512505862e-05,0.00012247176822104865,0.0001505824826458486,0.01362922917699628,0.0036222522285361764,0.0009676041354649486,0.006612659688048874,0.013528979179382216,0.01746885338840047,0.010196914509815604,-0.0011334987170254077,0.007969608935809417,-13.89452332657201,-8.000000000000007,-5.894523326572003,-11.264965680781998,17.0
2025-11-17,0.0003155293163998574,1.2286027220633697e-05,2.1736141185832926e-05,0.00022157658051242174,0.0002514130211495161,0.0004404980996104375,8.302212131807247e-05,0.00012208858987550664,0.00015014576603104355,0.012005363865811889,0.003182247205086114,0.0008519395523891933,0.00583276683601651,0.011909907346605367,0.015391397846895655,0.008963674194332354,-0.0009807972004843486,0.007016145621075209,-12.550150451354062,-8.000000000000007,-4.550150451354055,-9.891928770752898,16.0
2025-11-18,0.00031613458161089674,1.2279779527172664e-05,2.1570566222930632e-05,0.00022279303615256656,0.0002526099805026833,0.0004414427435941745,8.346326630188732e-05,0.00012145137428897773,0.00015028632903019016,0.011560725975027625,0.0030615032760123464,0.0008201531375110809,0.005620263923115517,0.011467054838390972,0.014822891677840686,0.00862586850275303,-0.0009394276324909598,0.006754773548322216,-12.198492462311558,-8.000000000000007,-4.198492462311551,-9.515164363510515,15.0
2025-11-19,0.00031460747606621505,1.1374025862047807e-05,1.9122040002043477e-05,0.00022142682136278962,0.00025076383674056316,0.00044030688602038034,8.214826231241272e-05,0.00011741016348839681,0.00014928974992053535,0.011951392522313323,0.0031669496395155595,0.0008455579146928894,0.005807152999170986,0.011856350883739883,0.015323358127827653,0.008922499150715175,-0.000980470633603253,0.006984131090316703,-14.554455445544557,-10.000000000000009,-4.554455445544548,-9.847038323038422,14.0
2025-11-20,0.0003146516282552124,1.1381052506431306e-05,1.9188247345306163e-05,0.00022120585658716216,0.0002507794889878801,0.00044041117440740717,8.194880966278046e-05,0.00011727364468832607,0.0001492487834673996,0.0032228979843153356,0.0008000173677092869,0.00022572975443124662,0.0016171814407369505,0.0031512288919146284,0.004159959088115854,0.0022913148979176907,-0.00015710693507153592,0.0018574011935582565,-6.1932391523713415,-8.999999999999986,2.8067608476286443,-2.460955771473718,13.0
2025-11-21,0.00031619642741591953,1.1352955454937493e-05,1.880267262528145e-05,0.00022237275424081046,0.0002516960686231765,0.00044350944319831737,8.13170712834668e-05,0.0001178361215081349,0.00014985635205205195,0.005242223627253382,0.0013471558634079474,0.00036864548414662114,0.00258689516944183,0.005164516683285752,0.006743730246654801,0.0038235713760000054,-0.00034691343321504485,0.003043148117394342,-8.906882591093119,-10.000000000000009,1.09311740890689,-4.168400329159014,12.0
2025-11-24,0.0003166908059189877,1.146583235299452e-05,1.894616721414969e-05,0.00022264781280038797,0.0002522334497850595,0.000443675173277237,8.189432963156048e-05,0.00011786511567850899,0.0001509825241702059,0.013026559308944459,0.003458032125491204,0.0009215916360235111,0.006323460445473786,0.012928027037237113,0.016699163562500813,0.009737456142079047,-0.0010812565066231619,0.007616097186874524,-18.504036326942487,-12.99999999999999,-5.504036326942497,-10.755080697347198,11.0
2025-11-25,0.0003175571415359337,1.1372297202111434e-05,1.9160150765420537e-05,0.00022234535393776217,0.0002523850366228961,0.00044501336923843666,8.095420201960682e-05,0.00011889020906381885,0.00015106210668260005,0.01632228107010134,0.0043514126375129025,0.0011558038170807283,0.007904708228313627,0.01621420060492384,0.020914509488068757,0.012239585201753004,-0.0013910869018042699,0.009551403207239842,-21.319095477386934,-12.99999999999999,-8.319095477386945,-13.54318475832461,10.0
2025-11-26,0.000317934555448819,1.1409242893453764e-05,1.926878024515087e-05,0.000221963159872314,0.0002529490720101327,0.0004449346269070957,8.168489751323456e-05,0.00011867349501288717,0.0001522878807725887,0.0150957459673084,0.0040187446993023325,0.0010687780262817297,0.007315400713791699,0.014991141452713009,0.019345251476482427,0.011308242552766426,-0.0012755496781095591,0.008832004482647106,-21.31474103585657,-13.999999999999968,-7.314741035856603,-12.504972354898456,9.0
2025-11-28,0.00031809735578369036,1.1465248556294913e-05,1.936156906951115e-05,0.00022223655111130503,0.00025314151075504093,0.00044526189474595177,8.194144005715851e-05,0.00011904820097528732,0.0001521153902778963,0.0183053509978364,0.004889113045940601,0.001296803030596725,0.008856225503901324,0.018192171668111216,0.023450345909801343,0.013746680720063775,-0.0015779720917897871,0.010716891168493533,-22.061752988047807,-12.00000000000001,-10.061752988047797,-15.220799837376687,8.0
2025-12-01,0.00031822054352341266,1.13900682206921e-05,1.920653180126893e-05,0.00022258981875160604,0.0002533150224473742,0.0004454628696341609,8.209540621023112e-05,0.00011921980583296943,0.00015197868837542246,0.014192997415573788,0.003773847428077658,0.0010045829321405776,0.006882565411447947,0.014090893881756501,0.018190829337666033,0.01062262662335926,-0.0011898059286131683,0.008301299843400629,-22.619641076769696,-16.000000000000014,-6.619641076769682,-11.740825239935944,7.0
2025-12-02,0.0003183554092961371,1.1575542248249283e-05,1.9885536744088977e-05,0.00022222482021712765,0.0002535447992768077,0.00044546401646931063,8.208864212521759e-05,0.00012002348171041548,0.00015237392057392902,0.012043008176464937,0.0031909784618342723,0.0008525617120427413,0.005850128027762152,0.01194676399551025,0.015440895076910434,0.00898919177194388,-0.000986147258273601,0.00703882418294083,-22.82934131736527,-18.000000000000014,-4.829341317365255,-9.921391919142097,6.0
2025-12-03,0.0003183607211436995,1.1573909072685e-05,1.9886302779650004e-05,0.0002221498140007778,0.0002535348642528533,0.0004455159731449068,8.204736503952066e-05,0.00011997729195332247,0.00015234035628005813,0.009187422054103962,0.0024166190780828827,0.0006497604846315889,0.004479352113709787,0.009098818412567732,0.011788742969311603,0.006819785831680688,-0.0007167806344831897,0.005361564966695596,-23.4375,-20.999999999999996,-2.4375000000000036,-7.50499270098689,5.0
2025-12-04,0.00031838407729105464,1.164132659388127e-05,2.004664392805345e-05,0.00022235439099494803,0.00025378466623793646,0.0004455337248241665,8.197214259197979e-05,0.0001198315757103571,0.0001524029662190209,0.004555764776795121,0.001160702269799444,0.0003209822898882863,0.0022563223816808578,0.004479805028728787,0.0058649991382634945,0.0033010684894341363,-0.0002799471330535917,0.002641219650970578,-23.536706349206348,-25.0,1.463293650793652,-3.585668204017958,4.0
2025-12-05,0.00031832962576055585,1.1679545524845862e-05,2.0263552253198513e-05,0.0002222371260828621,0.00025359671875658846,0.0004455233427209127,8.180353614519385e-05,0.00011977177535481036,0.00015219266013895226,0.002957071443784305,0.0007272336524874793,0.00020766504620492083,0.0014888489257195586,0.0028852641201844616,0.0038203841428018277,0.002086429683532433,-0.00012918220626275675,0.0017020521439039561,-23.192771084337352,-26.00000000000002,2.8072289156626695,-2.232901244065153,3.0
2025-12-08,0.00031818569159102145,1.1522309887572535e-05,1.967584910296811e-05,0.00022206638029719026,0.0002533958476632494,0.0004455241893223826,8.168976647565464e-05,0.00011936865419837218,0.00015205950024362478,0.002246765467567387,0.000534500029753512,0.00015664215962050434,0.001147796167162749,0.00217680513796328,0.002912111955247154,0.0015468128110408472,-6.258458230887246e-05,0.0012848067950255561,-23.597318768619665,-27.0,3.4026812313803347,-1.6319626845045754,2.0
2025-12-09,0.00031805101891364736,1.1412839086260474e-05,1.9605213710651646e-05,0.00022214677883545912,0.00025343005685037957,0.00044489933528854054,8.192492655964777e-05,0.00011952591246687974,0.000152401984453428,0.005181442779783307,0.0013302307410456243,0.00036499970264252367,0.0025566038100227222,0.0051037831569650015,0.006665011548270412,0.0037765957057299205,-0.0003393142570277456,0.0030089049558178612,-24.084754262788366,-25.0,0.9152457372116345,-4.1153982701328236,1.0
2025-12-10,0.0003180624061604323,1.1462655991106214e-05,1.9735737445415693e-05,0.00022196859908282232,0.0002534403198762514,0.0004449152227839668,8.185012241797139e-05,0.00011947492646506195,0.0001524972782584841,,,,,,,,,,,,,,
2025-12-11,0.00031811176579700127,1.1592114338220238e-05,2.0257196422940548e-05,0.00022185946119533307,0.00025362509454498794,0.00044475943741305025,8.18536082000557e-05,0.00011980410762032363,0.00015299157419780793,-0.022918728605780387,-0.006233820827258442,-0.0015147545561595074,-0.012633576448710108,-0.023850098569692627,-0.028420013587662003,-0.017622445892036622,0.0024491517090952947,-0.015099654163540007,-4.582917082917083,-29.000000000000004,24.417082917082922,19.39650100819845,31.0
2025-12-12,0.0003178549155422122,1.1628850262070994e-05,2.0476761433210657e-05,0.0002221077990160484,0.0002536174657074675,0.00044426523214583825,8.17562037589655e-05,0.00011997730521504849,0.00015313223688274882,0.00609368718356827,0.0015640110596498971,0.00040202478046636315,0.0034175009919216637,0.006244925349793788,0.00761899659757714,0.004482400297408738,-0.0004590136774189191,0.0039443844904616596,-5.753373313343329,-6.000000000000005,0.24662668665667642,-4.821263761272186,30.0
2025-12-15,0.0003185954690880783,1.1779112917282695e-05,2.1316488345617058e-05,0.00022260873419784104,0.00025349451430460405,0.0004461955401788074,8.138344848000024e-05,0.00012042398853362736,0.00015291821630167995,0.00102998780460162,0.0002029814806971732,6.831063979858564e-05,0.0006161759502974314,0.0009914263500394216,0.0013298861783213843,0.0006233978862737919,4.9111365821675643e-05,0.0006198756468567446,-5.5376610505450925,-10.000000000000009,4.462338949454916,-0.5938209297117263,29.0
2025-12-16,0.0003185754135076684,1.1833509720616587e-05,2.1346179254165102e-05,0.00022270050101490534,0.000253405194824839,0.00044620832860451623,8.118450187398805e-05,0.00012020298986141362,0.0001526247729041677,0.003558804852156092,0.0008827165792893228,0.00023539379458627154,0.0020153091868706776,0.003614515989106531,0.004471217142201839,0.0025499363422267682,-0.00020460970198701525,0.0022795091059886726,-5.65,-8.000000000000007,2.3500000000000068,-2.704718566230442,28.0
2025-12-17,0.0003185708793989908,1.1851215375620071e-05,2.1165046688477498e-05,0.0002236758701655863,0.00025342414022326315,0.000446064545424911,8.122556386944496e-05,0.00012041603167643797,0.00015282698456083092,0.003534509353986795,0.0008762055530306013,0.00023360801548868206,0.002002845941877713,0.0035893377615721297,0.004440899154915395,0.002531469961041408,-0.00020196164327781243,0.00226376674585674,-5.63627254509018,-8.000000000000007,2.363727454909827,-2.6844421559544465,27.0
2025-12-18,0.00031840537428708723,1.0752874580155463e-05,1.94206911426186e-05,0.00022109406820179867,0.0002523242062448782,0.000447090909757009,7.95428571697154e-05,0.00011806551512122339,0.00015158652878550905,0.0027499796763766505,0.0006642920551177693,0.0001800490326597562,0.0015663263416446393,0.002774611836981382,0.00346758935967841,0.0019321751003179386,-0.00012568456784222955,0.0017476701968613135,-5.9880239520958085,-9.00000000000003,3.0119760479042217,-2.0297094031630607,26.0
2025-12-19,0.0003186419073799879,1.0668091868542447e-05,1.924158417243267e-05,0.0002200816573879085,0.0002520933700659321,0.0004477221683469141,7.951154960592256e-05,0.00011862820378681315,0.00015167798203295253,0.0013116787553719637,0.00027756862923753226,8.484100337228308e-05,0.0007694645059764908,0.0012821768663437557,0.0016812712552479467,0.0008361127695000665,1.9082484013494775e-05,0.0008035066732291994,-6.792123629112662,-11.000000000000032,4.20787637088737,-0.8289182141481932,25.0
2025-12-22,0.0003190098737061636,1.0535731164166918e-05,1.9077293338936157e-05,0.0002199834952737448,0.00025222166068698283,0.00044879764998843224,7.923545651700934e-05,0.00011769933155513762,0.00015185706201816364,0.00046830637360209375,5.066245569620068e-05,2.893973067099242e-05,0.0003025795606292107,0.00040708787829594323,0.0006342535688665129,0.00019298542881219597,0.00010273329321342886,0.0002498551799370781,-5.089820359281437,-10.000000000000009,4.910179640718572,-0.12462235245605946,24.0
2025-12-23,0.00031904657498321357,1.0573207961250261e-05,1.923508410352698e-05,0.00022008204915168204,0.0002525179658547297,0.00044888225890149996,7.882487665481602e-05,0.0001178803304143096,0.0001520209567087287,0.0025650677071744087,0.0006142408848819167,0.00016760589439144833,0.0014626597944674554,0.0025823301024735282,0.0032388868014089295,0.0017900829553053033,-0.00010726921029222285,0.0016263076540812412,-4.840319361277446,-8.000000000000007,3.159680638722561,-1.8748224998898255,23.0
2025-12-24,0.0003189657323946198,1.0564449824801833e-05,1.9101931050250788e-05,0.00021985574427003932,0.0002523354868685964,0.0004488931849543122,7.866057304311904e-05,0.00011778768893123295,0.00015176974286404415,0.0012129477672725697,0.000250841823206898,7.815784864452701e-05,0.0007144379925535734,0.0011796687897150614,0.0015593965112503502,0.0007597912879001086,2.8171593308706308e-05,0.0007385789241404275,-3.7162162162162162,-8.000000000000007,4.283783783783791,-0.7462341335369924,22.0
2025-12-26,0.0003177172056459766,1.0931978498636952e-05,1.9797052972830844e-05,0.00021896304292554948,0.0002507624969115981,0.0004475026317435804,7.704832531041974e-05,0.00011599838867766709,0.00015054030243038337,0.005747269249146082,0.0014702437462476472,0.00037847000784776004,0.003222781858158627,0.005882871681480531,0.0071920851505941925,0.004213859268326018,-0.0004282801718911923,0.003714494459270675,-3.5039761431411534,-4.0000000000000036,0.4960238568588502,-4.532213072076404,21.0
2025-12-29,0.0003172795961328383,1.1027760572213511e-05,2.0138951710859327e-05,0.0002188019767237805,0.0002503249083413219,0.00044697339314589293,7.670098961472885e-05,0.00011595711259566887,0.00014992729156124623,0.0011696214436138891,0.00024011341592808432,7.644414347443446e-05,0.0006903474114045472,0.0011344645775313968,0.0015057513325686255,0.000726105775424049,3.0515184763896445e-05,0.0007094038830077842,-3.694029850746268,-8.000000000000007,4.3059701492537386,-0.7114757961765719,20.0
2025-12-30,0.0003173875563100238,1.102301275279109e-05,2.0070595318524426e-05,0.00021854193244917228,0.0002504818705444036,0.0004471155606239531,7.664219805337042e-05,0.00011591089352576715,0.00014994638422914696,0.002116545045023978,0.0004945862375416832,0.00013892186105690364,0.0012138990213707503,0.002116759481568032,0.00268202666375372,0.0014474319663235423,-6.444336781080083e-05,0.0013309120991426985,-3.4860557768924303,-7.000000000000028,3.513944223107598,-1.5018117560610098,19.0
2025-12-31,0.00031734440279905215,1.1019514402632961e-05,2.0041576978447157e-05,0.00021828526029041338,0.0002504606023040226,0.00044710165617585984,7.65878401806501e-05,0.00011578523512428773,0.00014992434835772007,8.461005097686348e-05,-5.1532971631669396e-05,4.667285139970898e-06,8.952844585091084e-05,9.043765342006514e-06,0.00015799934566111012,-0.00010073397305921842,0.00013911539514298594,-2.8423171002871608e-06,-3.7935323383084585,-9.00000000000003,5.206467661691572,0.1942704781534399,18.0
2026-01-02,0.0003177426094146832,1.1099767806466694e-05,2.0325293064231268e-05,0.00021860166170359238,0.00025085436039550826,0.0004476405403199059,7.68725233242033e-05,0.00011614019633537798,0.000150197677371753,0.0011351526276635324,0.0002307967242311658,7.432290911814926e-05,0.0006708215820403517,0.0010987590189113603,0.0014630262066962778,0.0006996625217128343,3.419996543554683e-05,0.0006867450405871744,-2.669660678642715,-7.000000000000028,4.330339321357314,-0.6823171304506852,17.0
2026-01-05,0.0003177476706415104,1.108718164340269e-05,2.0298004519815438e-05,0.00021868679625314046,0.00025087226099214377,0.00044764936812062073,7.687186334089078e-05,0.0001162218213418644,0.00015022906473914705,-0.002515729975313169,-0.0007504723796735357,-0.00016687983109247223,-0.001348892517338686,-0.002688312287971983,-0.003072092895209899,-0.0020819731460936645,0.00040026019544502317,-0.0017096636766341178,-2.6237623762376234,-10.000000000000009,7.3762376237623855,2.3651904104696007,16.0
2026-01-06,0.00031786824541595846,1.1145902730744743e-05,2.0273111747419797e-05,0.00021955831835886145,0.00025151158106731633,0.0004476044985233728,7.674961970342145e-05,0.00011576304375061736,0.00015012582920848899,-0.0025492815017543135,-0.0007594637778511107,-0.00016912908269651447,-0.0013666495838107122,-0.0027226012546137787,-0.003113965205342233,-0.0021077503821995726,0.000403176834947879,-0.0017318692558084877,-2.59009009009009,-10.000000000000009,7.409909909909919,2.3932975427101475,15.0
2026-01-07,0.000317775955271021,1.1058398134866323e-05,1.999173342326499e-05,0.00021913155557441204,0.00025175877447840495,0.00044695689572553805,7.721038991759798e-05,0.00011641912533823926,0.00015137549978627918,-0.003474560625938899,-0.0010082156332928015,-0.00023052774895119705,-0.0018789221853363451,-0.00368205630250912,-0.0042638786955542345,-0.0028121954658616812,0.0004965770976859859,-0.002337911574811467,-2.81219028741328,-11.000000000000032,8.187809712586752,3.165579276037895,14.0
2026-01-08,0.0003173893219696267,1.1100966365346406e-05,2.0074936791738594e-05,0.000220270643208022,0.00025161704806935046,0.00044639727721589376,7.70488099463643e-05,0.00011718979579503395,0.0001510331506712641,-0.005482857286467748,-0.0015478431350494134,-0.0003630858789411218,-0.0029886294199700336,-0.0057650159880302705,-0.00675866155026535,-0.00434219672812661,0.000698628163029029,-0.0036562446588463892,-2.1287128712871284,-12.00000000000001,9.871287128712883,4.841643157559722,13.0
2026-01-09,0.00031729512482462047,1.0995795349725672e-05,1.97336476336639e-05,0.0002196537006378407,0.0002516678228214737,0.0004462894831641632,7.687224283200986e-05,0.00011708464340634511,0.0001512035979303955,-0.005469399505555657,-0.0015443059133047193,-0.0003625319325484188,-0.002981748932486061,-0.0057509076594554846,-0.0067419350947201615,-0.004332047955198737,0.0006971645097823167,-0.003647178702686516,-2.1287128712871284,-12.00000000000001,9.871287128712883,4.830330907191592,12.0
2026-01-12,0.00031748985321904843,1.104334171302537e-05,1.9988693525311445e-05,0.00021972646116376319,0.00025152333648809403,0.000446710299673581,7.722210024620064e-05,0.00011747519925284138,0.0001510197840647838,-0.006438234917654869,-0.0018047065726122227,-0.0004262904371429118,-0.0035177776671152217,-0.006756233330290433,-0.00794524226413858,-0.005070008451417674,0.0007946942634466353,-0.004283433221768082,-1.3085742771684945,-12.00000000000001,10.691425722831516,5.639209988706049,11.0
2026-01-13,0.0003164210379964085,1.0839934056623301e-05,1.918810586141581e-05,0.00022065418586835375,0.0002510482957738744,0.0004448016447022487,7.670775423824057e-05,0.00011695349890742106,0.000150340764421666,-0.0012405153459134777,-0.0004076210307657398,-8.366217882049677e-05,-0.0006406976837961358,-0.0013639718085284452,-0.0014892227156410793,-0.0011095321821204109,0.0002730266127007066,-0.0008716311870239858,-1.6350474288567147,-8.000000000000007,6.364952571143292,1.2996223951836248,10.0
2026-01-14,0.0003164360913883757,1.0797201770930749e-05,1.906864290619064e-05,0.00022018601006008572,0.00025128796547966377,0.0004448630890147513,7.654818217226936e-05,0.00011673200487116866,0.0001504089997189593,-0.0005472803109252463,-0.00022134561586777495,-3.798794513455422e-05,-0.0002576522277004268,-0.0006446506024463759,-0.000628044307694482,-0.0005815229507917193,0.00020331416053053782,-0.0004165338415494733,-1.2106839740389417,-7.000000000000028,5.789316025961087,0.7209704848153784,9.0
2026-01-15,0.00031649621498687074,1.0795734399525287e-05,1.9003937446729578e-05,0.00021972565692003393,0.00025134545688965435,0.00044509931289102924,7.615608994534358e-05,0.0001165264724177474,0.00015005339291067002,-0.0003350573271169387,-0.00016432363892868447,-2.4037299166033608e-05,-0.00014073663780023616,-0.00042451521436301544,-0.0003642596535506492,-0.00042026678275965406,0.00018184063115287514,-0.00027762589557957614,-1.3861138861138864,-7.000000000000028,5.613886113886142,0.5438716595811393,8.0
2026-01-16,0.00031650760697506916,1.0815763256066403e-05,1.904378201053774e-05,0.00021962995601402762,0.0002513470673731155,0.00044517873777052806,7.616685686201955e-05,0.0001164485935801996,0.0001499777511577915,-0.0005878600349507564,-0.00023225297089737103,-4.0698202562779744e-05,-0.00028069797471404114,-0.0006867592923246393,-0.0006782255761542423,-0.0006128767194136102,0.00020710578121351534,-0.00044364853530757284,-1.173826173826174,-7.000000000000028,5.8261738261738545,0.7549033172277868,7.0
2026-01-20,0.0003165242898738979,1.0840177827228462e-05,1.9100018723105254e-05,0.00021962781138251517,0.00025134025574845124,0.00044517948623654113,7.620476782400284e-05,0.00011651150709430757,0.00015005628147502604,-0.0011367137612830923,-0.00037974957477175913,-7.690001622805637e-05,-0.0005843544998845472,-0.0012561129023964512,-0.0013600309394183052,-0.0010310267357453913,0.00026218951299803817,-0.0008038481570135445,-0.7139278557114228,-7.000000000000028,6.286072144288606,1.213062226777497,6.0
2026-01-21,0.0003190792846104589,1.1098677936557369e-05,2.0284084358754687e-05,0.00021928019834955225,0.00025411512183063885,0.00044861943955414247,7.571119518194696e-05,0.00011755025827952652,0.00015020320242735693,0.001053162383156372,0.00020839968833872175,6.877717402246027e-05,0.0006254007412029082,0.0010155842317007115,0.0013604965141580337,0.0006350138726068626,4.396302879660685e-05,0.0006320548339373436,-0.536963036963037,-5.000000000000027,4.4630369630369895,-0.6127616032713092,5.0
2026-01-22,0.00031952145415253,1.121441090438526e-05,2.0707707237781926e-05,0.0002204490591404517,0.00025427206025397823,0.00044922428796984027,7.57066987034081e-05,0.00011700382880392256,0.00015126872988558164,0.0010519208758669144,0.0002080628960533333,6.90895742187725e-05,0.0006256381328588222,0.0010139946813399437,0.0013590099013934456,0.0006337265718223022,4.3585377370275786e-05,0.0006320151971031134,-0.536963036963037,-5.000000000000027,4.4630369630369895,-0.6113561867500437,4.0
2026-01-23,0.0003192491448662542,1.1178715262604786e-05,2.1269353896144864e-05,0.00022062654054275796,0.0002543843038445558,0.0004484649030550083,7.572117855376698e-05,0.00011734726216729331,0.00015128844517320417,0.0021582043510104325,0.0005054384536699643,0.00014274963300314338,0.0012380011239947267,0.0021619443426021587,0.002732812679250904,0.0014768330860452552,-6.699647089425422e-05,0.001358377353921503,-0.4620379620379621,-4.0000000000000036,3.5379620379620413,-1.535032127415953,3.0
2026-01-26,0.0003184416157089281,1.1134260363444477e-05,2.1044473551445484e-05,0.00022043022414583376,0.0002533641700310385,0.0004469254723229525,7.593103513385946e-05,0.00011750784379095245,0.00015128817151209594,0.0007160050371764383,0.00011798819135552996,4.730727497327625e-05,0.00044037626685522653,0.00066575925889962,0.0009407782397486184,0.0003788371863767371,7.765460266948479e-05,0.00041224852278877195,-0.2623688155922039,-5.000000000000027,4.737631184407823,-0.3318583414098617,2.0
2026-01-27,0.000318540050076952,1.1162045909771521e-05,2.111864675328245e-05,0.00022040559480072643,0.0002534764713490361,0.00044704925349505896,7.59214488620364e-05,0.00011771779035543766,0.00015134821476760687,0.0006107406333654627,8.969739216297117e-05,4.04212422132031e-05,0.0003820612162722718,0.0005565780118979934,0.0008100204397469555,0.00029855096982786273,8.8426513359568e-05,0.00034314847289183413,-0.17517517517517517,-5.000000000000027,4.8248248248248515,-0.2439087594406466,1.0
2026-01-28,0.0003185735975820206,1.1203523748506802e-05,2.1099873071185334e-05,0.00022054786072431433,0.0002533067609205879,0.0004472478738718269,7.586924856409663e-05,0.0001179363933404768,0.00015103833391435863,,,,,,,,,,,,,,
2026-01-29,0.0003185781505695406,1.1206286297877323e-05,2.1122507533768853e-05,0.00022048695623588837,0.0002533067276469426,0.0004471993957484761,7.59477068804082e-05,0.0001179778707100693,0.00015109580776497618,0.003065941147940069,0.0007726745999684424,0.0003099932598029149,0.001530464390090539,0.003073262297204819,0.003767554296466513,0.0022941124832178365,-0.00010021732519995254,0.002058377864528391,-2.245508982035928,-5.000000000000027,2.7544910179640985,-2.3136882282117623,33.0
2026-01-30,0.00031849669959462716,1.1109327034270346e-05,2.094117284468227e-05,0.00021973957761322758,0.00025302763808384766,0.00044738664131257014,7.573774274358285e-05,0.00011751921299070663,0.00015120459285161697,0.0032847159278841,0.0008332365653731976,0.00033282350535453686,0.0016340704311057978,0.0032976221970664943,0.004032242577962114,0.002470602570355998,-0.00011805751503836623,0.002210421636961837,-2.4350649350649345,-5.000000000000027,2.564935064935092,-2.4979977226733947,32.0
2026-02-02,0.0003185564311609548,1.1107876108374029e-05,2.104423191099314e-05,0.0002195961182704134,0.000253126618835475,0.00044771245049306273,7.542270448531546e-05,0.00011760599593151745,0.00015114334366290517,0.001811500825706316,0.0004248973358945132,0.0001780194735376312,0.0009314508927308757,0.0017855185395491864,0.002252026347736567,0.0012807955191371915,-9.634450059811586e-07,0.0011875793945914379,-2.2,-6.000000000000005,3.800000000000005,-1.2572812090503964,31.0
2026-02-03,0.0003183576835638814,1.085856185835572e-05,2.048431435967222e-05,0.00021917891483612026,0.00025330522093055467,0.0004475767279616876,7.547970657259466e-05,0.00011698691432359857,0.0001510028152263769,0.0038265778312169697,0.0009832085870917393,0.0003893551895036767,0.0018919426634992056,0.0038542217922311038,0.004687473665936893,0.0029079450075209074,-0.0001616354530684355,0.002586489259936695,-1.9,-4.0000000000000036,2.1000000000000036,-2.9544431024836926,30.0
2026-02-04,0.0003188522846639318,1.0772414017981885e-05,2.0435637553293762e-05,0.00021751850749944458,0.0002539670562748024,0.0004487448941991651,7.465850271772249e-05,0.00011622018451552829,0.00015160059126679285,0.0034758695703366134,0.0008857818798405959,0.0003523793811036734,0.00172282428852599,0.0034944010602428973,0.004264191861406429,0.0026235697853075474,-0.00013450969930323294,0.0023432739986826994,-1.6108891108891106,-4.0000000000000036,2.389110889110893,-2.6586780622410844,29.0
2026-02-05,0.00031729650539642415,1.1463526272289756e-05,2.1522661371018093e-05,0.0002148115910663329,0.00025239794293370824,0.00044748263888444564,7.3438548765342e-05,0.00011607165808708172,0.0001510212954843571,0.0037168438062884198,0.0009536934219690417,0.0003789671589212529,0.0018357587515807003,0.0037417702444100817,0.004556041846947905,0.0028181636125988356,-0.00015391992658281815,0.0025110645712784424,-1.8211100099108029,-4.0000000000000036,2.1788899900892007,-2.8629244038195383,28.0
2026-02-06,0.0003174409519353758,1.1137160587019755e-05,1.9219445062275e-05,0.00021585283430454764,0.00025338205451167634,0.00044810291750057505,7.207262547868578e-05,0.0001147614104249013,0.00015071768906515688,0.005196961432129175,0.0013635613706860564,0.0005322753292593591,0.0025424699297532595,0.005261832327760536,0.006345299522052657,0.004011697809679722,-0.00027276944303052174,0.003538192102308147,-4.073886639676114,-5.000000000000027,0.9261133603239129,-4.109281920571777,27.0
2026-02-09,0.0003188970497949014,1.1798290421562722e-05,2.058247282796677e-05,0.00021792277644688924,0.0002551033595587963,0.0004519169484591913,7.352661206666488e-05,0.0001164080105798975,0.00015282566842187307,0.0055828317740942175,0.0014707680376375115,0.0005740574905665657,0.002727833446684402,0.005658125114523122,0.00681370149444573,0.004323520006297952,-0.00030165296990405585,0.003807169217941521,-3.406813627254509,-4.0000000000000036,0.5931863727454947,-4.433015883719387,26.0
2026-02-10,0.00031887858759463975,1.166045003237294e-05,2.0043520334959298e-05,0.0002179972018087981,0.000254766620363749,0.0004523149591779028,7.319925086839178e-05,0.00011588835939354587,0.00015267904261158567,0.006413911013556369,0.0017009800148683662,0.0006609040850573959,0.0031241857703612507,0.006510845868965706,0.007818531511175812,0.004994203956414188,-0.0003681782876179684,0.004383989572947075,-4.116616616616617,-4.0000000000000036,-0.11661661661661338,-5.1329237483410495,25.0
2026-02-11,0.0003189210769084791,1.1581874631666612e-05,1.968646660874862e-05,0.00021800274477463036,0.00025491282723496243,0.00045251448533909405,7.325075639016036e-05,0.00011553492144817285,0.00015267901834087414,0.007188729014493067,0.0019156408105931203,0.0007420105966104779,0.003493614078902845,0.0073062391987140235,0.00875509425888269,0.0056197933872466875,-0.0004300642914116239,0.004921856380526496,-4.780524722502523,-4.0000000000000036,-0.7805247225025198,-5.7853999527829885,24.0
2026-02-12,0.000318584429731983,1.1686340922007082e-05,1.993962931857994e-05,0.00021779400664897526,0.0002547022629522482,0.0004519412290347019,7.323320293231792e-05,0.00011550023424142846,0.00015253490710509177,0.0046155041209285,0.0012026349685204797,0.0004717381083779674,0.0022666196754595616,0.004665157898676285,0.005645029426084479,0.003542478408201915,-0.0002257605437218731,0.003135554564214936,-1.6266266266266265,-3.000000000000025,1.3733733733733984,-3.618645412567552,23.0
2026-02-13,0.00032014657539087735,1.1321022359485051e-05,1.8653935376845016e-05,0.00021963803176505974,0.00025668321687508794,0.00045456038313771395,7.239603520078886e-05,0.0001141496244696935,0.0001527114800790784,0.004792217407294392,0.0012508151257029838,0.0004888686345808782,0.002351977980290291,0.00484691794812594,0.005859329362439215,0.003683054694470977,-0.0002410216332871426,0.003257325054050957,-1.7821535393818546,-3.000000000000025,1.2178464606181703,-3.766148721303783,22.0
2026-02-17,0.00031999372895876414,1.136986282311824e-05,1.8717644283981316e-05,0.0002201235904244048,0.00025661844140181073,0.00045417649179822946,7.268998677343523e-05,0.00011406230559654612,0.00015274210874349835,0.0036412839210567404,0.0009319097566078007,0.0003679338189262594,0.0018037567714402534,0.0036656658749912676,0.004468157235003228,0.00275423185916443,-0.0001497141101273479,0.002458457514663865,-1.8213572854291415,-4.0000000000000036,2.178642714570862,-2.7970202799145785,21.0
2026-02-18,0.0003199906273825196,1.1362143892459357e-05,1.873331513223113e-05,0.00022013133271886042,0.000256698963984211,0.00045411203533101253,7.265403495787562e-05,0.0001141159118602962,0.00015273747993707095,0.004893224437118169,0.0012788949163923295,0.0004995847687571854,0.0024007070688806254,0.004950769665597852,0.005981142612221781,0.003764989616539172,-0.0002490896958488578,0.0033275807005237776,-1.8818544366899301,-3.000000000000025,1.1181455633100947,-3.8513429934713397,20.0
2026-02-19,0.00031884574672348394,1.0768595685099489e-05,1.7139620948951755e-05,0.00021966701512978886,0.0002556437330209005,0.0004528195988085362,7.162237839870951e-05,0.0001121442899764973,0.00015194945780999759,0.00455878970266344,0.0011859256380116305,0.0004629474014656265,0.002241325932573772,0.0046076181843800875,0.005577049162338754,0.0034948665386032793,-0.0002245914828352021,0.0030954152599579217,-1.6096579476861168,-3.000000000000025,1.390342052313908,-3.5706633701206743,19.0
2026-02-20,0.0003184984027863414,1.0555632174480966e-05,1.6875372065816782e-05,0.00021962192609207548,0.0002553861723266947,0.00045245448496022,7.18385528738991e-05,0.00011171968735535466,0.00015159029597661678,0.0044162439715822385,0.001146300494105158,0.0004477317409542946,0.0021734788536033386,0.004461404980331572,0.005404828668593473,0.003380274639330359,-0.00021372270887280533,0.002996338734397893,-1.4977533699450825,-3.000000000000025,1.5022466300549424,-3.4509111805771764,18.0
2026-02-23,0.0003185235060736484,1.0489230956669856e-05,1.6594002605396026e-05,0.00021838484094124385,0.00025500713498111875,0.00045271545382421054,7.169697110610234e-05,0.00011128631386801756,0.00015121316988174274,0.002553465408359083,0.0006299332007246929,0.0002515863750035595,0.0012840334140537875,0.0025490020934267558,0.003153778365851454,0.0018761434201391785,-6.62124683036195e-05,0.001702760814738812,-0.9365634365634365,-4.0000000000000036,3.063436563436567,-1.8821534595188485,17.0
2026-02-24,0.000319042760734356,1.0402012570333202e-05,1.6160176141950077e-05,0.00021806664570101853,0.0002570944081070187,0.00045351961895816347,7.096256412590268e-05,0.00011078572997927043,0.00015061632909419038,0.0023572475183856615,0.0005753176575759229,0.00023046667374885456,0.0011899084593433467,0.0023491539079762286,0.002916813753082956,0.0017165674604255768,-5.108821490027701e-05,0.00156558456081267,-0.775,-4.0000000000000036,3.2250000000000036,-1.7164715252321758,16.0
2026-02-25,0.00031906539957147557,1.041014187080782e-05,1.6251519585350955e-05,0.00021763594224057968,0.00025713635626973836,0.00045358711783284687,7.165114040138512e-05,0.00011111825155618211,0.00015030535292366993,0.0022521976109209827,0.000546203528652028,0.00021951019223352775,0.0011393778365403455,0.002241347016202264,0.002789894703628203,0.001632422608650307,-4.241084597446089e-05,0.001492329826423208,-0.6902610441767068,-4.0000000000000036,3.309738955823297,-1.6279848149869776,15.0
2026-02-26,0.0003194175143487068,1.0442611827111536e-05,1.6256687869478257e-05,0.00021739504672721487,0.00025790516298562625,0.00045443359274942064,7.125214532657438e-05,0.00011121585576491679,0.00015027946974323708,0.0020090226111019673,0.00047873920933725846,0.0001939097667687833,0.0010230201319419983,0.0019921540800391393,0.0024964238825845157,0.0014354047946580518,-2.297235141756807e-05,0.0013232418657345122,-0.4887218045112782,-4.0000000000000036,3.5112781954887256,-1.4228987674457603,14.0
2026-02-27,0.00031727703482166365,1.0533603126297398e-05,1.554865887032226e-05,0.00021717515834120436,0.0002561701359578287,0.00045119136386798835,7.102386277234115e-05,0.00011243850878122055,0.0001490173954055832,0.0021947170516719615,0.0005308911550831734,0.00021295159052762754,0.0011123623097454617,0.00218321706681296,0.002720191553038226,0.0015868305905507418,-3.666752223034785e-05,0.0014523790772129484,-0.65,-4.0000000000000036,3.3500000000000036,-1.5810837047443829,13.0
2026-03-02,0.000317457783301221,1.0491242152934692e-05,1.535430164991797e-05,0.00021667950598871854,0.00025686026044921545,0.00045174007606641473,7.061545827650001e-05,0.00011208974583939673,0.000148446303314736,0.0012991785919526742,0.0002825882636876197,0.00011857707519125231,0.0006847764072390413,0.0012645207205912287,0.0016382092471451956,0.000863236790088978,3.4121612623049316e-05,0.0008299792805311641,-0.8991008991008991,-5.000000000000027,4.100899100899127,-0.8267549211885461,12.0
2026-03-03,0.000317344280596388,1.0478034163572426e-05,1.5281448752257577e-05,0.00021673513631514322,0.0002567178261518195,0.0004517419273786515,7.050999438344691e-05,0.00011155703727620318,0.00014831417928297324,0.0031710581085712918,0.0008014228996095256,0.0003153344308434322,0.0015774219916393154,0.003185834295589672,0.003900628260575994,0.0023745402594118987,-0.00011508452714832686,0.0021294274083842797,-0.4773869346733669,-3.000000000000025,2.522613065326658,-2.403251443944591,11.0
2026-03-04,0.0003178755963138939,1.0536151942547864e-05,1.5452185934424843e-05,0.00021733133550192423,0.00025683666529213614,0.0004526123796160734,7.115946706507261e-05,0.0001118501450365552,0.00014898737850835904,0.0019301048952655472,0.00045738701464178867,0.00018496960713586903,0.0009860626614487781,0.0019116653120106188,0.0024010893224076855,0.0013728404774508414,-1.619288679917917e-05,0.0012682337308184736,-0.4370629370629371,-4.0000000000000036,3.5629370629370665,-1.3577368384638917,10.0
2026-03-05,0.0003180927976204015,1.0478814421483766e-05,1.540367514703905e-05,0.00021704766108040805,0.0002570664026458942,0.0004531639919991299,7.089875636339662e-05,0.00011199831502088688,0.0001489903258055846,0.001645587478446084,0.00037841167840139706,0.00015498275059153764,0.0008500139189458931,0.001619636992093186,0.0020575218702173683,0.0011426908510378437,6.568867863923842e-06,0.0010705674117643606,-0.2002002002002002,-4.0000000000000036,3.7997997997998034,-1.1179479446217062,9.0
2026-03-06,0.0003182768775413231,1.0446521996855237e-05,1.543792207027864e-05,0.00021681167418583262,0.0002573036398442546,0.0004529220038907278,7.170074138774806e-05,0.0001123396594796208,0.0001498920833124885,0.00045524028165683814,4.840775699428343e-05,2.983890279909345e-05,0.0002821175579831174,0.00039788597811946975,0.0006184505891229043,0.00018228219674951677,0.00010146204453682267,0.00024497520241716325,-0.19999999999999996,-5.000000000000027,4.8000000000000265,-0.1153435552932649,8.0
2026-03-09,0.00031895319656560545,1.0123478981547423e-05,1.5429345831597155e-05,0.00021617773869694358,0.0002585040050000703,0.0004537603649972181,7.139384194167709e-05,0.00011307079658831061,0.00015001977073751392,-0.0006579125071981939,-0.00026062788545029613,-8.72829389965295e-05,-0.00024960418712133357,-0.0007441730655855462,-0.0007268411172022084,-0.0007173075773373918,0.00019065333803424428,-0.0005281426819269022,-0.26223776223776224,-6.000000000000005,5.737762237762243,0.8226662008279497,7.0
2026-03-10,0.0003193279613070169,1.0181127826277913e-05,1.5804392198044955e-05,0.00021581039678071997,0.0002582669110643677,0.0004545900061684971,7.148455636922128e-05,0.00011330037489078355,0.00015048654924236632,0.0028921902705280867,0.0007232842473573367,0.0002863273159838552,0.0014425836949289925,0.0028991110243240716,0.0035640502360220483,0.002148761040817215,-9.103600007943306e-05,0.0019366262481452174,-0.24987506246876565,-3.000000000000025,2.7501249375312593,-2.1667326972634786,6.0
2026-03-11,0.00031868095332146306,1.0507303495318733e-05,1.685080486001297e-05,0.00021641892883988978,0.000258327924642118,0.00045299041371462783,7.165667272132818e-05,0.00011315401832888593,0.0001500989589941948,0.001698458762081268,0.00039293113401278905,0.00016192717589732876,0.0008743144435347734,0.0016745631000770807,0.0021205356247414836,0.0011856610971429581,3.5722522561869665e-06,0.0011079721848790227,-0.24975024975024968,-4.0000000000000036,3.750249750249754,-1.1619781138243361,5.0
2026-03-12,0.0003185876291384056,1.0522140340286145e-05,1.684599976644062e-05,0.00021608043167931366,0.0002583078268032108,0.000452756001521139,7.160140803293167e-05,0.00011303392369906549,0.00014995021293112034,0.0027345806459819306,0.0006801468423314169,0.00027087494349195285,0.0013680564666788838,0.0027381377474876914,0.003372630172227623,0.0020222248294623586,-7.884391338760813e-05,0.0018271876710688373,-0.12487512487512487,-3.000000000000025,2.8751248751249,-2.0346254236745107,4.0
2026-03-13,0.0003195660950842131,1.0699685985409553e-05,1.7083029721443743e-05,0.0002148459658403032,0.00026000474164215805,0.00045373017784644217,7.171833967899322e-05,0.00011213764528384833,0.00015137963708018867,0.002730418701253602,0.0006788996545680485,0.0002705714863326464,0.0013643709879994485,0.0027345584284528416,0.0033673918503173803,0.002018191498509634,-7.933194108561959e-05,0.0018250485048814423,-0.12487512487512487,-3.000000000000025,2.8751248751249,-2.0302964334113733,3.0
2026-03-16,0.0003195397963340427,1.0806543107912707e-05,1.719806964762138e-05,0.00021486001357321066,0.0002600258921528027,0.00045342433726624457,7.11875431064051e-05,0.00011186491836672526,0.00015139889800387413,0.0026661393118872943,0.0006611979102766068,0.0002639306521207266,0.0013337483492649627,0.0026686287523280177,0.0032894322506533766,0.001965784068775741,-7.450169627740795e-05,0.0017804618047650165,-0.07507507507507508,-3.000000000000025,2.92492492492495,-1.9761857754724463,2.0
2026-03-17,0.0003200709286018821,1.0958963680728936e-05,1.7634051548012977e-05,0.00021509922490031165,0.00026048648351397033,0.0004541773047690305,7.137252260870592e-05,0.00011221168006387883,0.000151847367607341,0.0026914145187950274,0.0006682084813040268,0.00026696834317359314,0.001345785848416024,0.002694487222004176,0.0033200899339046594,0.001985946908808961,-7.612010562566454e-05,0.0017980881753655675,-0.10010010010010009,-3.000000000000025,2.899899899899925,-1.9970239662274025,1.0
2026-03-18,0.0003194827890562552,1.1128462818292035e-05,1.8173423983193352e-05,0.00021535688398994962,0.0002603213457755224,0.00045303879796596084,7.10389714609701e-05,0.00011280927658764955,0.00015146589890672527,,,,,,,,,,,,,,
2026-03-19,0.0003207190175937582,1.128862395958642e-05,1.8599882129406707e-05,0.00021573835474832386,0.0002614860377201534,0.00045393410753630616,7.320776427709103e-05,0.00011370336177368519,0.00015287618773966933,0.004664802313190792,0.0012115332961819283,0.0006639853875074921,0.0020593351200428904,0.004621714336531464,0.005638419857041254,0.0038200216422388713,1.5472975677496413e-05,0.0033034383846523127,-0.5218687872763418,-2.0000000000000018,1.4781312127236599,-3.4145706154201005,28.0
2026-03-20,0.0003207353934273425,1.1217431638781878e-05,1.8253454193404542e-05,0.00021560798459728745,0.00026135705308448346,0.00045387696296290015,7.323773970578637e-05,0.00011365781848054484,0.0001528878027089767,0.00409488382335877,0.0010539924515820722,0.0005789656979692084,0.0018173286155565203,0.004049532294747205,0.004958168759422743,0.003328477281057916,2.8315058632396887e-05,0.0028901026671041934,-0.08108782435129736,-2.0000000000000018,1.9189121756487044,-2.9665859170194864,27.0
2026-03-23,0.00032173208961471086,1.1910005476647994e-05,1.993036339688659e-05,0.0002158475474899953,0.0002611715310470174,0.00045525637973641453,7.397146016758308e-05,0.00011737462719455956,0.00015349322340944295,0.004375712573276125,0.0011320009765083698,0.0006222162923735619,0.001936326828773735,0.00433021883628749,0.005293516287785708,0.003570568855655878,2.5704177748966123e-05,0.003093657301706636,0.6927109335996007,-1.000000000000023,1.6927109335996238,-3.1865417150327358,26.0
2026-03-24,0.00032214728706128653,1.1918711502164736e-05,2.0411182800811104e-05,0.00021642431512183157,0.0002615091155928522,0.0004558802547622421,7.401067452785588e-05,0.0001177911336079682,0.0001535082877473191,0.004358337712643705,0.0011270943940886852,0.0006200541040718894,0.0019293536275635647,0.004312700245112165,0.0052729084560698865,0.0035552639727775715,2.6522961042181506e-05,0.0030807700617720844,0.7000000000000002,-1.000000000000023,1.7000000000000233,-3.1725582332646205,25.0
2026-03-25,0.0003220918450719457,1.1963568815821971e-05,2.0433974018090408e-05,0.0002156499285018712,0.00026138499489433155,0.00045590073419167325,7.393546436244188e-05,0.00011741108073222556,0.00015331374157940268,0.004514622207624487,0.0011703350567392606,0.0006433037816922238,0.00199492875186956,0.004469497106592423,0.005459514256301438,0.0036900334710718336,2.2607678446881095e-05,0.0031939616230448357,0.5704613841524574,-1.000000000000023,1.5704613841524804,-3.295445783633621,24.0
2026-03-26,0.0003217916314995019,1.185283663494941e-05,2.0740068800107736e-05,0.00021560737489237911,0.00026081381404955437,0.00045547013190767155,7.393147376088781e-05,0.0001174708310633674,0.00015373241202897914,0.004840709398840481,0.0012604032454080075,0.0006921001299649898,0.0021334025946447167,0.00479652636567856,0.005848613673080064,0.003971541775387077,1.5287008420568704e-05,0.0034310939449377713,0.3070175438596492,-1.000000000000023,1.3070175438596723,-3.5519953858853555,23.0
2026-03-27,0.00032376542670506153,1.2244489904689102e-05,2.163415583682088e-05,0.0002138859280211852,0.0002613805988455716,0.0004589584508570216,7.445519689614512e-05,0.0001174111810618542,0.00015410088021104257,0.004627489944447537,0.0012013382691074528,0.0006610236964808723,0.002040354727012868,0.004581100124382382,0.005595277649580942,0.003786459238426773,2.009340599571674e-05,0.003275392726817318,0.46875,-1.000000000000023,1.468750000000023,-3.3828474905260366,22.0
2026-03-30,0.0003255695921801833,1.2395116454197125e-05,2.234538616829837e-05,0.00021215770521494304,0.0002639017862591091,0.0004610560729388616,7.358472307914253e-05,0.00011690922459559274,0.00015587190332423757,0.0038011934508928977,0.000972689552635229,0.0005387068617488792,0.001687186719920504,0.0037524429751775792,0.004609071002670766,0.0030713439330829896,3.8316838047085467e-05,0.0026765807375785265,0.11261261261261257,-2.0000000000000018,2.1126126126126143,-2.7319372789748497,21.0
2026-03-31,0.00032559413086717816,1.2192514987070584e-05,2.1944141286674958e-05,0.00021256033919040936,0.00026356529747414466,0.0004613554275813257,7.350392845256599e-05,0.00011683789758213341,0.00015575615481622213,,,,,,,,,,,,,,
2026-04-01,0.00033042140862283263,1.2178229170032002e-05,2.179796604933474e-05,0.00021038302360597185,0.0002670853840079032,0.00046839811466150715,7.366403468115606e-05,0.00011640234723545509,0.00015909086472773202,,,,,,,,,,,,,,
2026-04-02,0.00033034448550066196,1.2034756694069542e-05,2.1292559595770752e-05,0.0002083942874582222,0.000266592427915199,0.0004687924368018612,7.291092332152074e-05,0.00011529949128509709,0.0001587863105379912,,,,,,,,,,,,,,
2026-04-06,0.0003303419426630604,1.2043752436963896e-05,2.130147318766845e-05,0.00020844755793875277,0.0002666175837587846,0.000468795246998242,7.292598194454618e-05,0.00011533488131299752,0.00015877320789687768,,,,,,,,,,,,,,
2026-04-07,0.0003304141336861237,1.1936500601277302e-05,2.1003866493090172e-05,0.00020870352632100633,0.0002667008761343512,0.0004689513474066912,7.30390474325545e-05,0.00011512733608931111,0.00015856255173444557,,,,,,,,,,,,,,
2026-04-08,0.0003301279164101251,1.193923565886642e-05,2.0773190530719083e-05,0.00020924793284009602,0.0002664646295768747,0.0004685213587411539,7.282741509136953e-05,0.00011516068578616489,0.00015791260862649308,,,,,,,,,,,,,,
2026-04-09,0.00033381480750723056,1.1937262862882022e-05,2.124088899599896e-05,0.0002039351144261272,0.0002703175208571784,0.0004730024106395506,7.558845748145525e-05,0.00011668089450847947,0.0001610287441914118,,,,,,,,,,,,,,
2026-04-10,0.00033298669917270076,1.2217544420308584e-05,2.1704811286654072e-05,0.0002034475309337818,0.0002694717153956325,0.0004717872436026956,7.546847892801895e-05,0.00011667378335583398,0.00015983109157307983,,,,,,,,,,,,,,
2026-04-13,0.00033242459941315366,1.2471831225610193e-05,2.2542294261932995e-05,0.0002029104214671146,0.0002690395271908688,0.00047114039701907294,7.54988538571542e-05,0.00011659388850398814,0.00015942679640511856,,,,,,,,,,,,,,
2026-04-14,0.0003329210385799138,1.2587896260662918e-05,2.270063345120462e-05,0.0002030402551706244,0.00026996648362002506,0.0004722356236029756,7.493806551811118e-05,0.00011588900537577291,0.00015965926720533288,,,,,,,,,,,,,,
2026-04-15,0.0003337106060940427,1.2721019604115256e-05,2.3031614754743873e-05,0.00020160996550575233,0.00027010633473864175,0.000473264003799787,7.483561282605317e-05,0.0001159356213288733,0.00016003589190712172,,,,,,,,,,,,,,
2026-04-16,0.00033333503903031813,1.2044029181247229e-05,2.1441105474146432e-05,0.000201608046053989,0.00026941298712392347,0.0004730704524962501,7.435519078977168e-05,0.00011433455009244496,0.00015896076849552002,,,,,,,,,,,,,,
2026-04-17,0.0003330744525514595,1.2062975020940434e-05,2.1564132934403894e-05,0.0002018057635866495,0.00026969276766063567,0.00047240262640396735,7.451115307894319e-05,0.00011451745566903336,0.00015905185257236368,,,,,,,,,,,,,,
2026-04-20,0.0003325835798567708,1.2509073720518942e-05,2.262831272689657e-05,0.0001984497337815269,0.00026896228457730424,0.0004718933799528571,7.443730682335568e-05,0.0001134470771193371,0.00015873880274035846,,,,,,,,,,,,,,
2026-04-21,0.0003315750361682746,1.2251504116199797e-05,2.1393609633914066e-05,0.00019766057152799317,0.0002684616617692402,0.0004703037088581105,7.410375148105136e-05,0.00011280931188904108,0.00015871686955582883,,,,,,,,,,,,,,
2026-04-22,0.0003318543646374623,1.2269366592459765e-05,2.1536045016748242e-05,0.00019690662696948713,0.00026864950679810775,0.00047031371335321914,7.44119077616914e-05,0.00011339302458908969,0.00015917293365327957,0.0013905503742921133,0.00030478084913676686,0.00017882286774532203,0.0006462093695775407,0.0013312802132151667,0.001733824102455446,0.0009875474605576771,8.945330918531819e-05,0.0009269960620497598,-0.0625,-4.0000000000000036,3.9375000000000036,-0.8321645878414161,5.0
2026-04-23,0.00033210706182310165,1.2488504825805278e-05,2.2074598610070237e-05,0.00019740526585569615,0.00026859035886810095,0.00047086242426862507,7.470884285697512e-05,0.00011404626447104985,0.00015925859220693712,0.0013885848573762694,0.00030438710785653304,0.00017903186890341023,0.0006457666148338509,0.0013289946070798322,0.001731725465560982,0.0009859311645258892,9.015670833283699e-05,0.0009254729527651314,-0.06243756243756245,-4.0000000000000036,3.937562437562441,-0.8304210096974813,4.0
2026-04-24,0.00033218898312405604,1.2423331962354177e-05,2.2051458204973183e-05,0.0001971421930388208,0.00026887670280758766,0.00047107681512932,7.43262099078227e-05,0.00011339251000697619,0.00015928645561436814,0.001386536783121674,0.0003037334297450363,0.0001786922823888509,0.0006445995876843587,0.0013271430392285703,0.001729397793838427,0.0009837113897991794,8.955111829646131e-05,0.0009239560291553087,-0.06243756243756245,-4.0000000000000036,3.937562437562441,-0.8287467737908338,3.0
2026-04-27,0.00033193306655140075,1.257224130851463e-05,2.2318525995572563e-05,0.00019768859280780784,0.00026929770335622476,0.0004709573335647134,7.472154061679163e-05,0.00011426279509375675,0.0001588974623417116,0.0013365306457178453,0.0002901366455970084,0.00017156813108235302,0.0006240323623324822,0.0012776289197577418,0.0016699034583902942,0.0009411966736333947,9.154637799078913e-05,0.0008874855074281643,-0.024999999999999998,-4.0000000000000036,3.9750000000000036,-0.7896417128144564,2.0
2026-04-28,0.0003315183086397322,1.2576339603053316e-05,2.2382354676469214e-05,0.00019737835370778296,0.00026875812171731496,0.00047057396583072617,7.420205790964517e-05,0.00011384270925801724,0.0001586876913437603,0.0013340986235909824,0.00028958338565000373,0.00017133226176106725,0.0006228660112454596,0.001275064576640113,0.0016671125683172987,0.0009389372810205917,9.117190745043711e-05,0.0008858127082272274,-0.024999999999999998,-4.0000000000000036,3.9750000000000036,-0.7880560868851094,1.0
2026-04-29,0.0003309788229594916,1.2548796981247117e-05,2.2338723763780935e-05,0.0001965109465910577,0.0002683707198652707,0.00047027930326920694,7.37464405974671e-05,0.00011357147455951965,0.00015775247097928562,,,,,,,,,,,,,,
2026-04-30,0.0003309746386734063,1.254978564399885e-05,2.232874688011973e-05,0.0001963875908968371,0.0002683602512667814,0.0004702668651316098,7.38132218863861e-05,0.00011368386943996488,0.00015776766824834626,0.0019143105553737065,0.0004733981633900424,0.00031290456738729256,0.0007370589668672542,0.0018421742834229915,0.002334008570652089,0.001433035545264284,0.0001407202304038605,0.001332312899519699,-0.4855577689243028,-4.0000000000000036,3.5144422310757006,-1.2470345850942124,33.0
2026-05-01,0.00033134860183444065,1.2572919819614526e-05,2.2073772195359722e-05,0.0001970338124819603,0.00026837237164912983,0.0004702508513308845,7.463635135357066e-05,0.00011508975191828818,0.0001587751126206761,0.0007841070231452295,0.00014435353678861072,0.00010516457331739162,0.00035163999304688544,0.0007184079889303919,0.0010031919306194,0.00046330899299076823,0.00012282085937242358,0.0004946389296790188,-0.5976095617529879,-5.000000000000027,4.402390438247039,-0.35659230875268566,32.0
2026-05-04,0.0003309231536936689,1.2486930082275857e-05,2.185062178848434e-05,0.00019737855770285488,0.0002684251208980898,0.00046988586541872894,7.474014800008718e-05,0.00011561233237104939,0.00015870124357946305,0.0008712951787426651,0.0001697685078552075,0.0001210203828616526,0.000381902690097979,0.000805547450175581,0.0011059567515508482,0.0005386251086256235,0.00012483949192065576,0.0005595583064675774,-0.6673257538309442,-5.000000000000027,4.332674246169082,-0.42559673973532774,31.0
2026-05-05,0.00033099614034721997,1.2504060034964739e-05,2.1920142848384204e-05,0.0001970509987854455,0.00026864868426420776,0.00046983338729811617,7.490138089733092e-05,0.00011552717503283817,0.00015873242776503395,0.0031195195174421987,0.0008241362987068964,0.0005336734983785475,0.0011492650901335636,0.003040402405997278,0.003752198967396585,0.0024687226688698233,0.0001631427970775388,0.002227306001009849,-0.4388164493480442,-3.000000000000025,2.5611835506519807,-2.1962396329820395,30.0
2026-05-06,0.00032965418721616507,1.196314858429949e-05,2.1291882922834257e-05,0.00019404246711109954,0.0002675973665730107,0.00046843397794825404,7.468878038550912e-05,0.00011489357655477561,0.00015880610623211146,0.003701454949609293,0.0009933650703382614,0.0006400890457895358,0.0013454318459994613,0.003619120753062172,0.004437374262378946,0.00296922734158891,0.00017246899156865385,0.002660064660714575,-0.9025717111770523,-3.000000000000025,2.0974282888229725,-2.6556286132345432,29.0
2026-05-07,0.0003305706225535558,1.2035871297165101e-05,2.2049504491648613e-05,0.00019037553737601538,0.000267911807905831,0.000470126358764723,7.466353893500398e-05,0.000113985999108059,0.0001588847254235334,0.0034953444380230515,0.0009331801865425196,0.0006028528188421127,0.0012710701615534336,0.0034136532686101662,0.0041953756164976475,0.002791478823080555,0.00016802631130058182,0.002506567206320441,-0.7447864945382322,-3.000000000000025,2.2552135054617928,-2.4925742922043836,28.0
2026-05-08,0.00033023086165716363,1.1894270676586058e-05,2.1958532000250506e-05,0.00019056044492931116,0.00026796210643785924,0.000469534781107392,7.433615730382612e-05,0.00011407249983389128,0.00015904302415481973,0.004651425107872921,0.001269628234322288,0.0008149895940895779,0.0016661450093254176,0.004563169502818995,0.005556004335282137,0.003783886115185782,0.00018785934835007512,0.003364577643660722,-0.6605184446660022,-2.0000000000000018,1.3394815553339996,-3.4033704516545455,27.0
2026-05-11,0.00032976218235628897,1.1693862843584326e-05,2.148598928209578e-05,0.00019037005532687322,0.0002675571916084025,0.0004691652527928355,7.424044170317994e-05,0.00011314903594730231,0.0001584989269743301,0.0030248624577336567,0.000796134218595125,0.0005160942184056698,0.001110682390123955,0.002946449640594533,0.003641562676991036,0.002387862219240505,0.00015916940541561478,0.002157769671011761,-0.3865336658354115,-2.9999999999999805,2.6134663341645687,-2.1226596442633934,26.0
2026-05-12,0.00032923596425793,1.1670468655128375e-05,2.1217709099806773e-05,0.00019018170970569502,0.000266847546764923,0.00046867588346756624,7.414303232932689e-05,0.00011297423033205071,0.00015824908312607979,0.004320103724215038,0.0011732590573913164,0.0007536268344494609,0.0015529676733998493,0.004233714978276102,0.005166318756970978,0.003500122631331636,0.0001811205662922912,0.003118741955580426,-0.4112662013958125,-2.0000000000000018,1.5887337986041894,-3.1432054744110243,25.0
2026-05-13,0.0003292677231290228,1.1697808106458262e-05,2.1300792049368545e-05,0.00019009635355976865,0.0002667419785973721,0.00046890995881406145,7.395100513708552e-05,0.00011294994611763238,0.0001579644132298596,0.004170056994474034,0.0011296043030544873,0.0007261673223571449,0.001501634100065389,0.00408443346531299,0.004989895727923124,0.0033710950046757656,0.00017853360655953522,0.0030071265369425813,-0.29925187032418954,-2.0000000000000018,1.7007481296758122,-3.0250037309881987,24.0
2026-05-14,0.0003294009779596255,1.1685982859553675e-05,2.1208687432032946e-05,0.00019009963679686768,0.00026641325792218953,0.0004691501658312475,7.402178763726155e-05,0.0001126449884497524,0.00015811235675379084,0.004130634553833868,0.0011180793314840218,0.0007188159062153769,0.001488130058626738,0.004044786929683334,0.004943575000799831,0.0033372090103899682,0.0001775532129025858,0.0029779313998259645,-0.27404085700049813,-2.0000000000000018,1.7259591429995036,-2.9938496847941973,23.0
2026-05-15,0.00032955375562299886,1.153577147742623e-05,2.112368644866478e-05,0.00019001783411694344,0.0002664337714210454,0.00046977491894007205,7.389283932612896e-05,0.00011240546716802244,0.00015783420070680662,0.0027903904718753632,0.0007277909872033665,0.00047273956935581473,0.0010303347620544351,0.0027124714782864154,0.0033664211518592752,0.002186409939227992,0.0001544256531765989,0.0019833242938231423,-0.22421524663677128,-2.9999999999999805,2.775784753363209,-1.9381537809308949,22.0
2026-05-18,0.0003305356487156002,1.1832381449110935e-05,2.2280861766146737e-05,0.000188280226066445,0.0002667483982817051,0.00047124588200659885,7.420835849974774e-05,0.00011421263596546545,0.00015863907744538704,0.0027549253261849958,0.0007174792616224904,0.00046720793777659653,0.0010161513612943881,0.0026765582520034926,0.0033249903746784735,0.0021554373228819717,0.00015561046806530536,0.001957092143772289,-0.19930244145490777,-2.9999999999999805,2.800697558545073,-1.9094481112070927,21.0
2026-05-19,0.0003305464497299653,1.1845381528888343e-05,2.2301881659511862e-05,0.00018810174232178727,0.0002666229851393529,0.00047136701175881646,7.406562997260098e-05,0.00011420125826756478,0.00015859769777082445,0.0026871276829844148,0.0006977558234743868,0.00045478466577507734,0.0009928179143802519,0.0026090321818820674,0.003245294313311054,0.00209708410969497,0.00015444122263077423,0.001906749318932146,-0.14962593516209474,-2.9999999999999805,2.8503740648378857,-1.8560422140720787,20.0
2026-05-20,0.0003307907526337269,1.1964258817860357e-05,2.2463005797990602e-05,0.0001876028308566498,0.00026709381751668286,0.0004715305340403281,7.403480091235689e-05,0.00011377597839735303,0.0001580237702833809,0.002777482879767276,0.0007241025269772507,0.0004714830557264368,0.0010230897196465776,0.0026990719981630886,0.0033515271979261156,0.0021744094103404556,0.00015555463750499288,0.001973021169131516,-0.22421524663677123,-3.000000000000025,2.775784753363254,-1.927013509534873,19.0
2026-05-21,0.0003305223107953768,1.1748228574780665e-05,2.2124073415978555e-05,0.00018608275633840636,0.0002672071684836658,0.0004712588974515392,7.362009364204455e-05,0.00011296311910770758,0.00015692385068493772,0.00023309266102283782,-1.6609806867005298e-05,4.243660216370225e-06,0.00015281285937768108,0.00017036344230858972,0.00035657464143228686,-1.001885721666443e-05,0.00011129945244540771,8.464889669838295e-05,-0.22421524663677123,-5.000000000000027,4.775784753363255,0.07673554398562299,18.0
2026-05-22,0.0003304832568110672,1.1720102215107084e-05,2.213375864843616e-05,0.00018593819671835986,0.0002672042570815999,0.00047123132933005993,7.378016962073522e-05,0.00011297024741826093,0.0001569510386717746,0.0026778998468358823,0.0006949630679033876,0.0004529346357864499,0.000987524862136458,0.0026005039250361576,0.003234370946712989,0.0020889312173394945,0.00015305372028787874,0.0018983041732402426,-0.14962593516209474,-3.000000000000025,2.85037406483793,-1.8488241455959837,17.0
2026-05-26,0.00033053993312905956,1.1722718619580669e-05,2.2262337338066892e-05,0.00018598753727107754,0.00026724392957837783,0.00047141054536805585,7.381638593518907e-05,0.00011310416942170217,0.0001571620669758319,0.002973959818911573,0.0007811208944680045,0.0005073861156560588,0.0010886522541127927,0.0028947667851170317,0.0035829750809609076,0.0023430728847737368,0.00015824206685543013,0.002118095428207355,-0.38634097706879367,-3.000000000000025,2.6136590229312313,-2.0819561949724585,16.0
2026-05-27,0.0003307433372476775,1.1856391999384097e-05,2.2440000230441644e-05,0.00018501813144145224,0.0002671957182399358,0.00047226367521950704,7.334036294016978e-05,0.00011307224700000653,0.00015684034764672905,0.004269598386316373,0.0011583060748456251,0.0007453036867482021,0.0015300429974005182,0.004182363233527866,0.0051086824853530085,0.003454669400432914,0.00018033043635063778,0.0030787493157664885,-0.41065206570433055,-2.0000000000000018,1.5893479342956711,-3.1022402890336034,15.0
2026-05-28,0.0003307323916906574,1.1837711435799803e-05,2.237632513754655e-05,0.00018516173291848853,0.0002671878041451104,0.0004722889115572829,7.32209133817562e-05,0.00011301655259369501,0.00015681483805303096,0.002898354238018395,0.0007591739842157569,0.0004935895508841628,0.0010619432307568222,0.0028193684553886314,0.00349463171862208,0.0022774082211481283,0.00015686015540968595,0.002061519937901549,-0.33665835411471323,-3.000000000000025,2.6633416458853114,-2.0222576965771033,14.0
2026-05-29,0.00033078473531756344,1.1899979867528623e-05,2.2544733062938107e-05,0.00018468982040051795,0.00026695497669362904,0.00047264509031800237,7.306908550298389e-05,0.0001124101465016166,0.00015724131148284065,,,,,,,,,,,,,,
2026-06-01,0.00033040844898664287,1.170482771939416e-05,2.2231266735094073e-05,0.00018409407890054836,0.000266314278977698,0.00047239946634669507,7.229938847266886e-05,0.00011150748027928428,0.0001566089553538414,0.004067775293448757,0.0010995090195813728,0.0007081175817686727,0.001460315538281508,0.003981205301842812,0.004871646892862294,0.003280659908855447,0.00017532514398260787,0.0029290505821583826,-0.26184538653366574,-2.0000000000000018,1.7381546134663362,-2.9435482787136564,12.0
2026-06-02,0.0003302296399526769,1.1672293588749719e-05,2.2136736468480255e-05,0.00018426396182240752,0.00026608511210018016,0.0004724204203793767,7.209536479813996e-05,0.00011083679634382855,0.00015660596202652578,0.007900751764556237,0.002215161018258707,0.0014114885820381991,0.0027694163421550146,0.007791079539865293,0.00938366765943248,0.006571046448300383,0.0002401077657490419,0.005772546689385443,-0.2864972595914299,0.9999999999999787,-1.2864972595914086,-5.962539482004644,11.0
2026-06-03,0.0003302313044697545,1.166906565733072e-05,2.2133085963519716e-05,0.00018430570013235753,0.0002660770341019864,0.0004724584717222636,7.208096646224335e-05,0.00011089384404592534,0.00015656535087013379,0.007965300954819683,0.002233945100217742,0.0014233307755247943,0.002791499517908956,0.007855230810928229,0.009459684480948386,0.006626443183500894,0.00024126699915096294,0.0058203885191919005,-0.34877927254608865,0.9999999999999787,-1.3487792725460674,-6.013377081366205,10.0
2026-06-04,0.0003302326631815216,1.1644177076325197e-05,2.175416481397204e-05,0.00018287756887087816,0.00026623877766579875,0.0004726296781983867,7.155724207562951e-05,0.00011049542126390742,0.00015583544996815968,0.007840962041944852,0.0021977295259807167,0.0014001327696458001,0.0027476121554646437,0.007731800041923439,0.009313494989490852,0.00651917895569187,0.00023874539553946574,0.005727420912123708,-0.26236881559220393,0.9999999999999787,-1.2623688155921826,-5.915446744946101,9.0
2026-06-05,0.0003299525670890229,1.1805169135082289e-05,2.221621262687367e-05,0.000182970985137833,0.0002668993395037557,0.00047125503698646973,7.163068799516337e-05,0.00011115129381742183,0.00015638384177647595,0.007967666099348639,0.002234850736348786,0.0014238991107576808,0.002791067625401395,0.007858681098430917,0.009461593154595648,0.006628262558159293,0.00024156959470921402,0.005822168286196583,-0.37369207772795204,0.9999999999999787,-1.3736920777279307,-6.015459401450976,8.0
2026-06-08,0.00033376526497778453,1.2416495012459082e-05,2.2716998405045935e-05,0.00018480331185375765,0.00026596302779502044,0.0004820235350061314,6.820800569434801e-05,0.00010891525323348408,0.0001547407006494741,0.0076252010481363324,0.002134673886299888,0.0013608505637586915,0.0026746543763682467,0.007513549486905787,0.009064758770695987,0.006327576078768532,0.0002334206646874035,0.0055636504827745155,-0.11244377811094451,0.9999999999999787,-1.112443778110923,-5.742731217480054,7.0
2026-06-09,0.0003337785667124191,1.240399359040316e-05,2.266596774661885e-05,0.00018490639725385815,0.0002659035225244505,0.0004822037780780697,6.816613093651103e-05,0.00010874679755283017,0.00015471585074406136,0.010150830415381581,0.0028697713854300548,0.0018243038045446136,0.00353719498933887,0.010023917466930578,0.012037836895876442,0.008495661447456325,0.0002763785392334161,0.007437170137531096,-0.11255627813906954,2.9999999999999805,-3.11255627813905,-7.731905181855839,6.0
2026-06-10,0.0003338596150555485,1.2363300759890066e-05,2.251197335401646e-05,0.00018529982511995835,0.00026571912358504924,0.0004826385952360976,6.788107566664127e-05,0.00010852768647048548,0.0001544375492935803,0.0087038250478953,0.0024485393205354727,0.0015585786712740914,0.003043442989603532,0.00858534915782182,0.010334909036658124,0.007253118107317049,0.00025144960487753076,0.006363418777696312,0.01246882793017454,2.0000000000000018,-1.9875311720698272,-6.592180636277384,5.0
2026-06-11,0.0003347423008314165,1.232225522655598e-05,2.2305107782140605e-05,0.00018395314342733941,0.0002660551293227209,0.00048361130213713004,6.645003005361017e-05,0.00010895691274206499,0.00015526718375904035,0.008752198597051626,0.0024623210444573115,0.0015670873893303121,0.0030583133027880624,0.008632890425815614,0.01039178314880094,0.007292455821499306,0.0002526897646416801,0.006399477933910209,-0.03744383424862707,2.0000000000000018,-2.037443834248629,-6.62958441679342,4.0
2026-06-12,0.0003363180641097855,1.2647701716519445e-05,2.3553495348395815e-05,0.00018202040302165362,0.0002667171064517807,0.0004870916720065713,6.61814884411655e-05,0.00010896122678552584,0.00015604748800567063,0.0074681513705080775,0.002088450931430642,0.0013323966112462884,0.002617371036005423,0.0073556609080930885,0.008881959134910498,0.006188538048676659,0.00023074133520873102,0.005446561466687734,-0.03744383424862707,0.9999999999999787,-1.0374438342486059,-5.617028385700986,3.0
2026-06-15,0.0003364245201788729,1.2546541193920925e-05,2.3268434009212414e-05,0.00018215487129644191,0.0002671270394332712,0.0004873114978240306,6.628930509035612e-05,0.0001091117777939439,0.00015600132825674255,0.007581554016999264,0.002121325947984632,0.0013529038108196511,0.0026561934456839414,0.007468685689506575,0.009015539691662619,0.006285905524221429,0.00023282648308176748,0.005530560327820294,-0.13729405891163257,0.9999999999999787,-1.1372940589116112,-5.706260409256806,2.0
2026-06-16,0.00033808861511201493,1.2686843058773054e-05,2.3295290605469095e-05,0.00017849598217837583,0.0002675405924413605,0.0004909703798617524,6.587254930462308e-05,0.00010935275906550439,0.00015533115449286827,0.007490311858216069,0.0020944248015654938,0.0013358803936116398,0.0026208092912553076,0.007376751709542285,0.00890983879860242,0.006205732948649946,0.00023148103725040918,0.005460970731395168,-0.07488766849725412,1.000000000000023,-1.0748876684972772,-5.6330874897684025,1.0
2026-06-17,0.00033834347873240084,1.2669918926517912e-05,2.2978238115660465e-05,0.0001786844908866046,0.00026709173854151766,0.0004919731948117097,6.584247054861096e-05,0.0001091565010989021,0.0001553682457487698,,,,,,,,,,,,,,
2026-06-18,0.00033905575482277037,1.3150562730198974e-05,2.2523874815698683e-05,0.00018022378471020716,0.00026765567886544053,0.0004914059271192636,6.81319181836754e-05,0.00011057866282348868,0.0001566368840207174,,,,,,,,,,,,,,
2026-06-22,0.00033960278884119554,1.3301949891078646e-05,2.268949825304171e-05,0.0001793137898246316,0.0002671158840853573,0.0004930356029850657,6.784498339826427e-05,0.0001109177227242603,0.00015613380027965448,,,,,,,,,,,,,,
2026-06-23,0.00033969277859957484,1.3402055261315385e-05,2.2873051563738603e-05,0.00017902912659331134,0.00026699082957645597,0.0004929518967623988,6.800594233201954e-05,0.0001108034135387183,0.00015593225687757277,,,,,,,,,,,,,,
2026-06-24,0.0003407641257251077,1.3518202230952187e-05,2.318900425347312e-05,0.00017833252743740648,0.0002663943848411562,0.000496216068641654,6.593245986565996e-05,0.00011065990048509151,0.00015471900164425303,,,,,,,,,,,,,,
2026-06-25,0.00034075156945328274,1.345017763501281e-05,2.2994270273158946e-05,0.00017841003976377335,0.0002663566059861392,0.0004962642564293577,6.586469784847515e-05,0.00011059626453783955,0.00015465564555291854,,,,,,,,,,,,,,
2026-06-26,0.00034068579027075104,1.345723873466883e-05,2.2856214218203254e-05,0.00017881206928031438,0.00026642625803059526,0.0004960461069916434,6.5785828226363e-05,0.0001107851723612842,0.00015478372698263937,,,,,,,,,,,,,,
2026-06-29,0.0003410352783550729,1.3358960612091623e-05,2.2852741638660953e-05,0.00017898207010872812,0.0002662960153535932,0.0004969491799103027,6.537307065885748e-05,0.00011037934257959826,0.00015339776955848608,,,,,,,,,,,,,,
2026-06-30,0.0003424260241557308,1.352291065282896e-05,2.303884608165704e-05,0.00017905384680658103,0.0002667266279161068,0.0004984712881784563,6.521021623321431e-05,0.00011023679820003387,0.0001537350992639077,,,,,,,,,,,,,,
2026-07-01,0.00034266517646756086,1.3316108100193174e-05,2.2510299446360486e-05,0.00017862882640059835,0.00026676443821454073,0.0004992620927763303,6.467413761197598e-05,0.00010977427300090247,0.00015324173692941065,,,,,,,,,,,,,,
2026-07-02,0.00034268932589993234,1.3351110290826407e-05,2.2639016095270256e-05,0.0001787377271104648,0.0002665238286762993,0.0004996027960534794,6.46506398043894e-05,0.00010995397118536478,0.00015318838728465894,,,,,,,,,,,,,,
2026-07-06,0.00034270965393949616,1.3326520091099376e-05,2.2620737315326497e-05,0.0001786410195957875,0.0002663562433533095,0.0004999485995990772,6.443161191852474e-05,0.00010968887398736834,0.0001528827752899905,,,,,,,,,,,,,,
2026-07-07,0.0003429612437664682,1.3298170345011792e-05,2.2065982414960203e-05,0.0001786266827791252,0.00026684169570687815,0.0005006366626462181,6.37841474893163e-05,0.00010884353099919035,0.00015231593785489393,,,,,,,,,,,,,,
2026-07-08,0.0003431304704747064,1.3433323041015689e-05,2.254968021404778e-05,0.00017771498249363345,0.0002669068692940642,0.0005014045936225327,6.355778059561202e-05,0.00010863910287525043,0.0001518731935839496,,,,,,,,,,,,,,
2026-07-09,0.00034300158646209715,1.3401179060565013e-05,2.2325660234403282e-05,0.00017737905719630295,0.00026696819522308517,0.0005010069124358859,6.345395625537655e-05,0.00010866650747029696,0.00015232098204484993,,,,,,,,,,,,,,
2026-07-10,0.0003432761154464829,1.3338581364114208e-05,2.2102155165708305e-05,0.0001766178127241325,0.0002675009298819625,0.0005016859216612495,6.283237252275717e-05,0.00010828005170510983,0.00015244574352460687,,,,,,,,,,,,,,
2026-07-13,0.0003432010392069577,1.3206281271488587e-05,2.1847972378919184e-05,0.00017719534062555185,0.0002675798853529842,0.0005016530890340212,6.270166110007136e-05,0.0001083664443574344,0.00015203968758369262,,,,,,,,,,,,,,
2026-07-14,0.00034361693494404215,1.3316982598199274e-05,2.2137977290528504e-05,0.0001757435783451365,0.0002673022118421098,0.0005028991191179143,6.244354207806204e-05,0.00010806145904902096,0.00015188357146776754,,,,,,,,,,,,,,
2026-07-15,0.00034366495304927636,1.333274442971255e-05,2.2167297265785622e-05,0.0001758097982194804,0.0002673119870931225,0.0005031037139508391,6.22078606558148e-05,0.00010803435050326919,0.0001515422004395089,,,,,,,,,,,,,,
2026-07-16,0.000343223939648326,1.3246458477286363e-05,2.2032533118577775e-05,0.0001753102539091195,0.00026725883080633446,0.0005021278444834361,6.198784683945589e-05,0.00010734075896907525,0.00015103370051581163,,,,,,,,,,,,,,
2026-07-17,0.00034292908458754114,1.344342648713026e-05,2.2585323143448294e-05,0.00017553967236662215,0.0002675602568436773,0.0005015325307232213,6.075146367032512e-05,0.00010814216478334418,0.00015061089317481077,,,,,,,,,,,,,,
2026-07-20,0.00034340770183354056,1.3229539516733055e-05,2.220866120897581e-05,0.00017479217990889082,0.00026806120079743043,0.0005020153466413365,6.109231901957979e-05,0.00010837439228586563,0.00015070663724546518,,,,,,,,,,,,,,
2026-07-21,0.0003434125412935116,1.326913919331336e-05,2.24529212934779e-05,0.00017456076130078262,0.0002679493286962998,0.0005020091737981534,6.122591133931609e-05,0.00010876301447611478,0.0001509125118900976,,,,,,,,,,,,,,
2026-07-22,0.00034359883234690036,1.3098417103446971e-05,2.1884062664159983e-05,0.00017485328717195737,0.0002676391311153878,0.0005034214319768864,6.048730677279795e-05,0.0001084889113546682,0.0001507475411505296,,,,,,,,,,,,,,
2026-07-23,0.00034233100974008577,1.3131517969039506e-05,2.1934404827140615e-05,0.00017554161748240365,0.0002682683406869836,0.0004999606250517612,6.155103126574351e-05,0.00010824065828253819,0.0001511827092344474,,,,,,,,,,,,,,
2026-07-24,0.0003429262975660271,1.3226154267955574e-05,2.1803429557417842e-05,0.00017541605318403852,0.0002679870563143825,0.0005007804539307159,6.238903307804366e-05,0.00010777761443028463,0.0001490765584193424,,,,,,,,,,,,,,
2026-07-27,0.0003426068763677987,1.3114398130108945e-05,2.1549392274915336e-05,0.00017491367614937516,0.00026753041324878684,0.0005000185769198172,6.225333501465537e-05,0.00010779920715861359,0.0001492991956296657,,,,,,,,,,,,,,
2026-07-28,0.0003420553885904071,1.3195319324345352e-05,2.1698947844556316e-05,0.0001753766580882138,0.00026722095218027227,0.000498747947977672,6.219410623850574e-05,0.00010739449222459249,0.00014897335079264648,,,,,,,,,,,,,,
2026-07-29,0.00034204292412074323,1.3210164979216846e-05,2.173996067382407e-05,0.00017500806640870293,0.0002673593438363114,0.0004984818939475222,6.234217299268396e-05,0.00010725933906679204,0.00014919953513587052,,,,,,,,,,,,,,
2026-07-30,0.0003403322441516483,1.2689600399179235e-05,2.181638652515085e-05,0.00017319297781248446,0.0002669572979205474,0.0004952071050348725,6.187065868010486e-05,0.00011008132534684936,0.00015093137110301462,,,,,,,,,,,,,,
2026-07-31,0.00034165891423324575,1.2728958285322538e-05,2.204916646179337e-05,0.0001742122319372828,0.00026753976090958964,0.0004999488324190668,5.971289547593772e-05,0.00010917235228745991,0.0001491472381131463,,,,,,,,,,,,,,
2026-08-03,0.00034125502809563465,1.249486408185146e-05,2.130526217870627e-05,0.00017441869223704012,0.0002665369089962268,0.0004991008379530884,5.88963561450999e-05,0.00010830837324388192,0.00014857384255216553,,,,,,,,,,,,,,
2026-08-04,0.00034234166095428546,1.2494881863937371e-05,2.1579381744733973e-05,0.00017332305939603287,0.00026710316379209884,0.0005002379113727806,5.8692567662697664e-05,0.00010828218677130333,0.00014839833202112037,,,,,,,,,,,,,,
2026-08-05,0.0003439121185217244,1.2684292123813558e-05,2.250830146593643e-05,0.00017329400838560658,0.00026830862120762113,0.000504309365742219,5.903297162784449e-05,0.0001078028881511783,0.0001483022525203432,,,,,,,,,,,,,,
2026-08-06,0.0003425310428482796,1.2200956965210219e-05,2.152317432886353e-05,0.00017332235004872515,0.00026857947893290285,0.0005006284204868387,5.9241459406028665e-05,0.00010683768926830872,0.00014846052676611516,,,,,,,,,,,,,,
