release_date,time_et,mes_referencia,fonte
1949-03-24,8:30 AM,February 1949,FRED release/dates id=10 (Consumer Price Index); hora=padrão BLS 8:30 ET (nao declarada pelo FRED); mes_referencia DERIVADO (mes do release - 1)
1949-04-22,8:30 AM,March 1949,FRED release/dates id=10 (Consumer Price Index); hora=padrão BLS 8:30 ET (nao declarada pelo FRED); mes_referencia DERIVADO (mes do release - 1)
1949-05-23,8:30 AM,April 1949,FRED release/dates id=10 (Consumer Price Index); hora=padrão BLS 8:30 ET (nao declarada pelo FRED); mes_referencia DERIVADO (mes do release - 1)
1949-06-24,8:30 AM,May 1949,FRED release/dates id=10 (Consumer Price Index); hora=padrão BLS 8:30 ET (nao declarada pelo FRED); mes_referencia DERIVADO (mes do release - 1)
1949-07-22,8:30 AM,June 1949,FRED release/dates id=10 (Consumer Price Index); hora=padrão BLS 8:30 ET (nao declarada pelo FRED); mes_referencia DERIVADO (mes do release - 1)
1949-08-26,8:30 AM,July 1949,FRED release/dates id=10 (Consumer Price Index); hora=padrão BLS 8:30 ET (nao declarada pelo FRED); mes_referencia DERIVADO (mes do release - 1)
1949-09-28,8:30 AM,August 1949,FRED release/dates id=10 (Consumer Price Index); hora=padrão BLS 8:30 ET (nao declarada pelo FRED); mes_referencia DERIVADO (mes do release - 1)
1949-10-28,8:30 AM,September 1949,FRED release/dates id=10 (Consumer Price Index); hora=padrão BLS 8:30 ET (nao declarada pelo FRED); mes_referencia DERIVADO (mes do release - 1)
1949-11-28,8:30 AM,October 1949,FRED release/dates id=10 (Consumer Price Index); hora=padrão BLS 8:30 ET (nao declarada pelo FRED); mes_referencia DERIVADO (mes do release - 1)
1949-12-28,8:30 AM,November 1949,FRED release/dates id=10 (Consumer Price Index); hora=padrão BLS 8:30 ET (nao declarada pelo FRED); mes_referencia DERIVADO (mes do release - 1)
1950-01-26,8:30 AM,December 1949,FRED release/dates id=10 (Consumer Price Index); hora=padrão BLS 8:30 ET (nao declarada pelo FRED); mes_referencia DERIVADO (mes do release - 1)
1950-02-24,8:30 AM,January 1950,FRED release/dates id=10 (Consumer Price Index); hora=padrão BLS 8:30 ET (nao declarada pelo FRED); mes_referencia DERIVADO (mes do release - 1)
1950-03-25,8:30 AM,February 1950,FRED release/dates id=10 (Consumer Price Index); hora=padrão BLS 8:30 ET (nao declarada pelo FRED); mes_referencia DERIVADO (mes do release - 1)
1950-04-22,8:30 AM,March 1950,FRED release/dates id=10 (Consumer Price Index); hora=padrão BLS 8:30 ET (nao declarada pelo FRED); mes_referencia DERIVADO (mes do release - 1)
1950-05-20,8:30 AM,April 1950,FRED release/dates id=10 (Consumer Price Index); hora=padrão BLS 8:30 ET (nao declarada pelo FRED); mes_referencia DERIVADO (mes do release - 1)
1950-06-25,8:30 AM,May 1950,FRED release/dates id=10 (Consumer Price Index); hora=padrão BLS 8:30 ET (nao declarada pelo FRED); mes_referencia DERIVADO (mes do release - 1)
1950-07-22,8:30 AM,June 1950,FRED release/dates id=10 (Consumer Price Index); hora=padrão BLS 8:30 ET (nao declarada pelo FRED); mes_referencia DERIVADO (mes do release - 1)
1950-08-23,8:30 AM,July 1950,FRED release/dates id=10 (Consumer Price Index); hora=padrão BLS 8:30 ET (nao declarada pelo FRED); mes_referencia DERIVADO (mes do release - 1)
1950-09-24,8:30 AM,August 1950,FRED release/dates id=10 (Consumer Price Index); hora=padrão BLS 8:30 ET (nao declarada pelo FRED); mes_referencia DERIVADO (mes do release - 1)
1950-10-24,8:30 AM,September 1950,FRED release/dates id=10 (Consumer Price Index); hora=padrão BLS 8:30 ET (nao declarada pelo FRED); mes_referencia DERIVADO (mes do release - 1)
1950-11-29,8:30 AM,October 1950,FRED release/dates id=10 (Consumer Price Index); hora=padrão BLS 8:30 ET (nao declarada pelo FRED); mes_referencia DERIVADO (mes do release - 1)
1950-12-23,8:30 AM,November 1950,FRED release/dates id=10 (Consumer Price Index); hora=padrão BLS 8:30 ET (nao declarada pelo FRED); mes_referencia DERIVADO (mes do release - 1)
1951-01-25,8:30 AM,December 1950,FRED release/dates id=10 (Consumer Price Index); hora=padrão BLS 8:30 ET (nao declarada pelo FRED); mes_referencia DERIVADO (mes do release - 1)
1951-03-02,8:30 AM,February 1951,FRED release/dates id=10 (Consumer Price Index); hora=padrão BLS 8:30 ET (nao declarada pelo FRED); mes_referencia DERIVADO (mes do release - 1)
1951-03-24,8:30 AM,February 1951,FRED release/dates id=10 (Consumer Price Index); hora=padrão BLS 8:30 ET (nao declarada pelo FRED); mes_referencia DERIVADO (mes do release - 1)
1951-04-20,8:30 AM,March 1951,FRED release/dates id=10 (Consumer Price Index); hora=padrão BLS 8:30 ET (nao declarada pelo FRED); mes_referencia DERIVADO (mes do release - 1)
1951-05-23,8:30 AM,April 1951,FRED release/dates id=10 (Consumer Price Index); hora=padrão BLS 8:30 ET (nao declarada pelo FRED); mes_referencia DERIVADO (mes do release - 1)
1951-06-27,8:30 AM,May 1951,FRED release/dates id=10 (Consumer Price Index); hora=padrão BLS 8:30 ET (nao declarada pelo FRED); mes_referencia DERIVADO (mes do release - 1)
1951-07-26,8:30 AM,June 1951,FRED release/dates id=10 (Consumer Price Index); hora=padrão BLS 8:30 ET (nao declarada pelo FRED); mes_referencia DERIVADO (mes do release - 1)
1951-08-24,8:30 AM,July 1951,FRED release/dates id=10 (Consumer Price Index); hora=padrão BLS 8:30 ET (nao declarada pelo FRED); mes_referencia DERIVADO (mes do release - 1)
1951-09-21,8:30 AM,August 1951,FRED release/dates id=10 (Consumer Price Index); hora=padrão BLS 8:30 ET (nao declarada pelo FRED); mes_referencia DERIVADO (mes do release - 1)
1951-10-25,8:30 AM,September 1951,FRED release/dates id=10 (Consumer Price Index); hora=padrão BLS 8:30 ET (nao declarada pelo FRED); mes_referencia DERIVADO (mes do release - 1)
1951-11-23,8:30 AM,October 1951,FRED release/dates id=10 (Consumer Price Index); hora=padrão BLS 8:30 ET (nao declarada pelo FRED); mes_referencia DERIVADO (mes do release - 1)
1951-12-21,8:30 AM,November 1951,FRED release/dates id=10 (Consumer Price Index); hora=padrão BLS 8:30 ET (nao declarada pelo FRED); mes_referencia DERIVADO (mes do release - 1)
1952-01-25,8:30 AM,December 1951,FRED release/dates id=10 (Consumer Price Index); hora=padrão BLS 8:30 ET (nao declarada pelo FRED); mes_referencia DERIVADO (mes do release - 1)
1952-02-26,8:30 AM,January 1952,FRED release/dates id=10 (Consumer Price Index); hora=padrão BLS 8:30 ET (nao declarada pelo FRED); mes_referencia DERIVADO (mes do release - 1)
1952-03-21,8:30 AM,February 1952,FRED release/dates id=10 (Consumer Price Index); hora=padrão BLS 8:30 ET (nao declarada pelo FRED); mes_referencia DERIVADO (mes do release - 1)
1952-04-22,8:30 AM,March 1952,FRED release/dates id=10 (Consumer Price Index); hora=padrão BLS 8:30 ET (nao declarada pelo FRED); mes_referencia DERIVADO (mes do release - 1)
1952-05-22,8:30 AM,April 1952,FRED release/dates id=10 (Consumer Price Index); hora=padrão BLS 8:30 ET (nao declarada pelo FRED); mes_referencia DERIVADO (mes do release - 1)
1952-06-19,8:30 AM,May 1952,FRED release/dates id=10 (Consumer Price Index); hora=padrão BLS 8:30 ET (nao declarada pelo FRED); mes_referencia DERIVADO (mes do release - 1)
1952-07-24,8:30 AM,June 1952,FRED release/dates id=10 (Consumer Price Index); hora=padrão BLS 8:30 ET (nao declarada pelo FRED); mes_referencia DERIVADO (mes do release - 1)
1952-08-21,8:30 AM,July 1952,FRED release/dates id=10 (Consumer Price Index); hora=padrão BLS 8:30 ET (nao declarada pelo FRED); mes_referencia DERIVADO (mes do release - 1)
1952-09-19,8:30 AM,August 1952,FRED release/dates id=10 (Consumer Price Index); hora=padrão BLS 8:30 ET (nao declarada pelo FRED); mes_referencia DERIVADO (mes do release - 1)
1952-10-24,8:30 AM,September 1952,FRED release/dates id=10 (Consumer Price Index); hora=padrão BLS 8:30 ET (nao declarada pelo FRED); mes_referencia DERIVADO (mes do release - 1)
1952-11-21,8:30 AM,October 1952,FRED release/dates id=10 (Consumer Price Index); hora=padrão BLS 8:30 ET (nao declarada pelo FRED); mes_referencia DERIVADO (mes do release - 1)
1952-12-19,8:30 AM,November 1952,FRED release/dates id=10 (Consumer Price Index); hora=padrão BLS 8:30 ET (nao declarada pelo FRED); mes_referencia DERIVADO (mes do release - 1)
1953-01-16,8:30 AM,December 1952,FRED release/dates id=10 (Consumer Price Index); hora=padrão BLS 8:30 ET (nao declarada pelo FRED); mes_referencia DERIVADO (mes do release - 1)
1953-02-27,8:30 AM,January 1953,FRED release/dates id=10 (Consumer Price Index); hora=padrão BLS 8:30 ET (nao declarada pelo FRED); mes_referencia DERIVADO (mes do release - 1)
1953-03-26,8:30 AM,February 1953,FRED release/dates id=10 (Consumer Price Index); hora=padrão BLS 8:30 ET (nao declarada pelo FRED); mes_referencia DERIVADO (mes do release - 1)
1953-04-22,8:30 AM,March 1953,FRED release/dates id=10 (Consumer Price Index); hora=padrão BLS 8:30 ET (nao declarada pelo FRED); mes_referencia DERIVADO (mes do release - 1)
1953-05-22,8:30 AM,April 1953,FRED release/dates id=10 (Consumer Price Index); hora=padrão BLS 8:30 ET (nao declarada pelo FRED); mes_referencia DERIVADO (mes do release - 1)
1953-06-23,8:30 AM,May 1953,FRED release/dates id=10 (Consumer Price Index); hora=padrão BLS 8:30 ET (nao declarada pelo FRED); mes_referencia DERIVADO (mes do release - 1)
1953-07-22,8:30 AM,June 1953,FRED release/dates id=10 (Consumer Price Index); hora=padrão BLS 8:30 ET (nao declarada pelo FRED); mes_referencia DERIVADO (mes do release - 1)
1953-08-26,8:30 AM,July 1953,FRED release/dates id=10 (Consumer Price Index); hora=padrão BLS 8:30 ET (nao declarada pelo FRED); mes_referencia DERIVADO (mes do release - 1)
1953-09-23,8:30 AM,August 1953,FRED release/dates id=10 (Consumer Price Index); hora=padrão BLS 8:30 ET (nao declarada pelo FRED); mes_referencia DERIVADO (mes do release - 1)
1953-10-28,8:30 AM,September 1953,FRED release/dates id=10 (Consumer Price Index); hora=padrão BLS 8:30 ET (nao declarada pelo FRED); mes_referencia DERIVADO (mes do release - 1)
1953-11-25,8:30 AM,October 1953,FRED release/dates id=10 (Consumer Price Index); hora=padrão BLS 8:30 ET (nao declarada pelo FRED); mes_referencia DERIVADO (mes do release - 1)
1953-12-23,8:30 AM,November 1953,FRED release/dates id=10 (Consumer Price Index); hora=padrão BLS 8:30 ET (nao declarada pelo FRED); mes_referencia DERIVADO (mes do release - 1)
1954-01-22,8:30 AM,December 1953,FRED release/dates id=10 (Consumer Price Index); hora=padrão BLS 8:30 ET (nao declarada pelo FRED); mes_referencia DERIVADO (mes do release - 1)
1954-02-26,8:30 AM,January 1954,FRED release/dates id=10 (Consumer Price Index); hora=padrão BLS 8:30 ET (nao declarada pelo FRED); mes_referencia DERIVADO (mes do release - 1)
1954-03-24,8:30 AM,February 1954,FRED release/dates id=10 (Consumer Price Index); hora=padrão BLS 8:30 ET (nao declarada pelo FRED); mes_referencia DERIVADO (mes do release - 1)
1954-04-22,8:30 AM,March 1954,FRED release/dates id=10 (Consumer Price Index); hora=padrão BLS 8:30 ET (nao declarada pelo FRED); mes_referencia DERIVADO (mes do release - 1)
1954-05-21,8:30 AM,April 1954,FRED release/dates id=10 (Consumer Price Index); hora=padrão BLS 8:30 ET (nao declarada pelo FRED); mes_referencia DERIVADO (mes do release - 1)
1954-06-22,8:30 AM,May 1954,FRED release/dates id=10 (Consumer Price Index); hora=padrão BLS 8:30 ET (nao declarada pelo FRED); mes_referencia DERIVADO (mes do release - 1)
1954-07-23,8:30 AM,June 1954,FRED release/dates id=10 (Consumer Price Index); hora=padrão BLS 8:30 ET (nao declarada pelo FRED); mes_referencia DERIVADO (mes do release - 1)
1954-08-20,8:30 AM,July 1954,FRED release/dates id=10 (Consumer Price Index); hora=padrão BLS 8:30 ET (nao declarada pelo FRED); mes_referencia DERIVADO (mes do release - 1)
1954-09-24,8:30 AM,August 1954,FRED release/dates id=10 (Consumer Price Index); hora=padrão BLS 8:30 ET (nao declarada pelo FRED); mes_referencia DERIVADO (mes do release - 1)
1954-10-26,8:30 AM,September 1954,FRED release/dates id=10 (Consumer Price Index); hora=padrão BLS 8:30 ET (nao declarada pelo FRED); mes_referencia DERIVADO (mes do release - 1)
1954-11-24,8:30 AM,October 1954,FRED release/dates id=10 (Consumer Price Index); hora=padrão BLS 8:30 ET (nao declarada pelo FRED); mes_referencia DERIVADO (mes do release - 1)
1954-12-22,8:30 AM,November 1954,FRED release/dates id=10 (Consumer Price Index); hora=padrão BLS 8:30 ET (nao declarada pelo FRED); mes_referencia DERIVADO (mes do release - 1)
1955-01-21,8:30 AM,December 1954,FRED release/dates id=10 (Consumer Price Index); hora=padrão BLS 8:30 ET (nao declarada pelo FRED); mes_referencia DERIVADO (mes do release - 1)
1955-02-25,8:30 AM,January 1955,FRED release/dates id=10 (Consumer Price Index); hora=padrão BLS 8:30 ET (nao declarada pelo FRED); mes_referencia DERIVADO (mes do release - 1)
1955-03-23,8:30 AM,February 1955,FRED release/dates id=10 (Consumer Price Index); hora=padrão BLS 8:30 ET (nao declarada pelo FRED); mes_referencia DERIVADO (mes do release - 1)
1955-04-22,8:30 AM,March 1955,FRED release/dates id=10 (Consumer Price Index); hora=padrão BLS 8:30 ET (nao declarada pelo FRED); mes_referencia DERIVADO (mes do release - 1)
1955-05-20,8:30 AM,April 1955,FRED release/dates id=10 (Consumer Price Index); hora=padrão BLS 8:30 ET (nao declarada pelo FRED); mes_referencia DERIVADO (mes do release - 1)
1955-06-23,8:30 AM,May 1955,FRED release/dates id=10 (Consumer Price Index); hora=padrão BLS 8:30 ET (nao declarada pelo FRED); mes_referencia DERIVADO (mes do release - 1)
1955-07-26,8:30 AM,June 1955,FRED release/dates id=10 (Consumer Price Index); hora=padrão BLS 8:30 ET (nao declarada pelo FRED); mes_referencia DERIVADO (mes do release - 1)
1955-08-23,8:30 AM,July 1955,FRED release/dates id=10 (Consumer Price Index); hora=padrão BLS 8:30 ET (nao declarada pelo FRED); mes_referencia DERIVADO (mes do release - 1)
1955-09-23,8:30 AM,August 1955,FRED release/dates id=10 (Consumer Price Index); hora=padrão BLS 8:30 ET (nao declarada pelo FRED); mes_referencia DERIVADO (mes do release - 1)
1955-10-21,8:30 AM,September 1955,FRED release/dates id=10 (Consumer Price Index); hora=padrão BLS 8:30 ET (nao declarada pelo FRED); mes_referencia DERIVADO (mes do release - 1)
1955-11-22,8:30 AM,October 1955,FRED release/dates id=10 (Consumer Price Index); hora=padrão BLS 8:30 ET (nao declarada pelo FRED); mes_referencia DERIVADO (mes do release - 1)
1955-12-21,8:30 AM,November 1955,FRED release/dates id=10 (Consumer Price Index); hora=padrão BLS 8:30 ET (nao declarada pelo FRED); mes_referencia DERIVADO (mes do release - 1)
1956-01-20,8:30 AM,December 1955,FRED release/dates id=10 (Consumer Price Index); hora=padrão BLS 8:30 ET (nao declarada pelo FRED); mes_referencia DERIVADO (mes do release - 1)
1956-02-24,8:30 AM,January 1956,FRED release/dates id=10 (Consumer Price Index); hora=padrão BLS 8:30 ET (nao declarada pelo FRED); mes_referencia DERIVADO (mes do release - 1)
1956-03-26,8:30 AM,February 1956,FRED release/dates id=10 (Consumer Price Index); hora=padrão BLS 8:30 ET (nao declarada pelo FRED); mes_referencia DERIVADO (mes do release - 1)
1956-04-25,8:30 AM,March 1956,FRED release/dates id=10 (Consumer Price Index); hora=padrão BLS 8:30 ET (nao declarada pelo FRED); mes_referencia DERIVADO (mes do release - 1)
1956-05-24,8:30 AM,April 1956,FRED release/dates id=10 (Consumer Price Index); hora=padrão BLS 8:30 ET (nao declarada pelo FRED); mes_referencia DERIVADO (mes do release - 1)
1956-06-26,8:30 AM,May 1956,FRED release/dates id=10 (Consumer Price Index); hora=padrão BLS 8:30 ET (nao declarada pelo FRED); mes_referencia DERIVADO (mes do release - 1)
1956-07-24,8:30 AM,June 1956,FRED release/dates id=10 (Consumer Price Index); hora=padrão BLS 8:30 ET (nao declarada pelo FRED); mes_referencia DERIVADO (mes do release - 1)
1956-08-24,8:30 AM,July 1956,FRED release/dates id=10 (Consumer Price Index); hora=padrão BLS 8:30 ET (nao declarada pelo FRED); mes_referencia DERIVADO (mes do release - 1)
1956-09-21,8:30 AM,August 1956,FRED release/dates id=10 (Consumer Price Index); hora=padrão BLS 8:30 ET (nao declarada pelo FRED); mes_referencia DERIVADO (mes do release - 1)
1956-10-25,8:30 AM,September 1956,FRED release/dates id=10 (Consumer Price Index); hora=padrão BLS 8:30 ET (nao declarada pelo FRED); mes_referencia DERIVADO (mes do release - 1)
1956-11-26,8:30 AM,October 1956,FRED release/dates id=10 (Consumer Price Index); hora=padrão BLS 8:30 ET (nao declarada pelo FRED); mes_referencia DERIVADO (mes do release - 1)
1956-12-21,8:30 AM,November 1956,FRED release/dates id=10 (Consumer Price Index); hora=padrão BLS 8:30 ET (nao declarada pelo FRED); mes_referencia DERIVADO (mes do release - 1)
1957-01-25,8:30 AM,December 1956,FRED release/dates id=10 (Consumer Price Index); hora=padrão BLS 8:30 ET (nao declarada pelo FRED); mes_referencia DERIVADO (mes do release - 1)
1957-02-21,8:30 AM,January 1957,FRED release/dates id=10 (Consumer Price Index); hora=padrão BLS 8:30 ET (nao declarada pelo FRED); mes_referencia DERIVADO (mes do release - 1)
1957-03-22,8:30 AM,February 1957,FRED release/dates id=10 (Consumer Price Index); hora=padrão BLS 8:30 ET (nao declarada pelo FRED); mes_referencia DERIVADO (mes do release - 1)
1957-04-23,8:30 AM,March 1957,FRED release/dates id=10 (Consumer Price Index); hora=padrão BLS 8:30 ET (nao declarada pelo FRED); mes_referencia DERIVADO (mes do release - 1)
1957-05-24,8:30 AM,April 1957,FRED release/dates id=10 (Consumer Price Index); hora=padrão BLS 8:30 ET (nao declarada pelo FRED); mes_referencia DERIVADO (mes do release - 1)
1957-06-25,8:30 AM,May 1957,FRED release/dates id=10 (Consumer Price Index); hora=padrão BLS 8:30 ET (nao declarada pelo FRED); mes_referencia DERIVADO (mes do release - 1)
1957-07-24,8:30 AM,June 1957,FRED release/dates id=10 (Consumer Price Index); hora=padrão BLS 8:30 ET (nao declarada pelo FRED); mes_referencia DERIVADO (mes do release - 1)
1957-08-22,8:30 AM,July 1957,FRED release/dates id=10 (Consumer Price Index); hora=padrão BLS 8:30 ET (nao declarada pelo FRED); mes_referencia DERIVADO (mes do release - 1)
1957-09-24,8:30 AM,August 1957,FRED release/dates id=10 (Consumer Price Index); hora=padrão BLS 8:30 ET (nao declarada pelo FRED); mes_referencia DERIVADO (mes do release - 1)
1957-10-25,8:30 AM,September 1957,FRED release/dates id=10 (Consumer Price Index); hora=padrão BLS 8:30 ET (nao declarada pelo FRED); mes_referencia DERIVADO (mes do release - 1)
1957-11-22,8:30 AM,October 1957,FRED release/dates id=10 (Consumer Price Index); hora=padrão BLS 8:30 ET (nao declarada pelo FRED); mes_referencia DERIVADO (mes do release - 1)
1957-12-20,8:30 AM,November 1957,FRED release/dates id=10 (Consumer Price Index); hora=padrão BLS 8:30 ET (nao declarada pelo FRED); mes_referencia DERIVADO (mes do release - 1)
1958-01-21,8:30 AM,December 1957,FRED release/dates id=10 (Consumer Price Index); hora=padrão BLS 8:30 ET (nao declarada pelo FRED); mes_referencia DERIVADO (mes do release - 1)
1958-02-25,8:30 AM,January 1958,FRED release/dates id=10 (Consumer Price Index); hora=padrão BLS 8:30 ET (nao declarada pelo FRED); mes_referencia DERIVADO (mes do release - 1)
1958-03-21,8:30 AM,February 1958,FRED release/dates id=10 (Consumer Price Index); hora=padrão BLS 8:30 ET (nao declarada pelo FRED); mes_referencia DERIVADO (mes do release - 1)
1958-04-23,8:30 AM,March 1958,FRED release/dates id=10 (Consumer Price Index); hora=padrão BLS 8:30 ET (nao declarada pelo FRED); mes_referencia DERIVADO (mes do release - 1)
1958-05-22,8:30 AM,April 1958,FRED release/dates id=10 (Consumer Price Index); hora=padrão BLS 8:30 ET (nao declarada pelo FRED); mes_referencia DERIVADO (mes do release - 1)
1958-06-24,8:30 AM,May 1958,FRED release/dates id=10 (Consumer Price Index); hora=padrão BLS 8:30 ET (nao declarada pelo FRED); mes_referencia DERIVADO (mes do release - 1)
1958-07-23,8:30 AM,June 1958,FRED release/dates id=10 (Consumer Price Index); hora=padrão BLS 8:30 ET (nao declarada pelo FRED); mes_referencia DERIVADO (mes do release - 1)
1958-08-22,8:30 AM,July 1958,FRED release/dates id=10 (Consumer Price Index); hora=padrão BLS 8:30 ET (nao declarada pelo FRED); mes_referencia DERIVADO (mes do release - 1)
1958-09-19,8:30 AM,August 1958,FRED release/dates id=10 (Consumer Price Index); hora=padrão BLS 8:30 ET (nao declarada pelo FRED); mes_referencia DERIVADO (mes do release - 1)
1958-10-23,8:30 AM,September 1958,FRED release/dates id=10 (Consumer Price Index); hora=padrão BLS 8:30 ET (nao declarada pelo FRED); mes_referencia DERIVADO (mes do release - 1)
1958-11-25,8:30 AM,October 1958,FRED release/dates id=10 (Consumer Price Index); hora=padrão BLS 8:30 ET (nao declarada pelo FRED); mes_referencia DERIVADO (mes do release - 1)
1958-12-23,8:30 AM,November 1958,FRED release/dates id=10 (Consumer Price Index); hora=padrão BLS 8:30 ET (nao declarada pelo FRED); mes_referencia DERIVADO (mes do release - 1)
1959-01-23,8:30 AM,December 1958,FRED release/dates id=10 (Consumer Price Index); hora=padrão BLS 8:30 ET (nao declarada pelo FRED); mes_referencia DERIVADO (mes do release - 1)
1959-02-20,8:30 AM,January 1959,FRED release/dates id=10 (Consumer Price Index); hora=padrão BLS 8:30 ET (nao declarada pelo FRED); mes_referencia DERIVADO (mes do release - 1)
1959-03-25,8:30 AM,February 1959,FRED release/dates id=10 (Consumer Price Index); hora=padrão BLS 8:30 ET (nao declarada pelo FRED); mes_referencia DERIVADO (mes do release - 1)
1959-04-22,8:30 AM,March 1959,FRED release/dates id=10 (Consumer Price Index); hora=padrão BLS 8:30 ET (nao declarada pelo FRED); mes_referencia DERIVADO (mes do release - 1)
1959-05-22,8:30 AM,April 1959,FRED release/dates id=10 (Consumer Price Index); hora=padrão BLS 8:30 ET (nao declarada pelo FRED); mes_referencia DERIVADO (mes do release - 1)
1959-06-19,8:30 AM,May 1959,FRED release/dates id=10 (Consumer Price Index); hora=padrão BLS 8:30 ET (nao declarada pelo FRED); mes_referencia DERIVADO (mes do release - 1)
1959-07-22,8:30 AM,June 1959,FRED release/dates id=10 (Consumer Price Index); hora=padrão BLS 8:30 ET (nao declarada pelo FRED); mes_referencia DERIVADO (mes do release - 1)
1959-08-21,8:30 AM,July 1959,FRED release/dates id=10 (Consumer Price Index); hora=padrão BLS 8:30 ET (nao declarada pelo FRED); mes_referencia DERIVADO (mes do release - 1)
1959-09-23,8:30 AM,August 1959,FRED release/dates id=10 (Consumer Price Index); hora=padrão BLS 8:30 ET (nao declarada pelo FRED); mes_referencia DERIVADO (mes do release - 1)
1959-10-23,8:30 AM,September 1959,FRED release/dates id=10 (Consumer Price Index); hora=padrão BLS 8:30 ET (nao declarada pelo FRED); mes_referencia DERIVADO (mes do release - 1)
1959-11-25,8:30 AM,October 1959,FRED release/dates id=10 (Consumer Price Index); hora=padrão BLS 8:30 ET (nao declarada pelo FRED); mes_referencia DERIVADO (mes do release - 1)
1959-12-22,8:30 AM,November 1959,FRED release/dates id=10 (Consumer Price Index); hora=padrão BLS 8:30 ET (nao declarada pelo FRED); mes_referencia DERIVADO (mes do release - 1)
1960-01-22,8:30 AM,December 1959,FRED release/dates id=10 (Consumer Price Index); hora=padrão BLS 8:30 ET (nao declarada pelo FRED); mes_referencia DERIVADO (mes do release - 1)
1960-02-25,8:30 AM,January 1960,FRED release/dates id=10 (Consumer Price Index); hora=padrão BLS 8:30 ET (nao declarada pelo FRED); mes_referencia DERIVADO (mes do release - 1)
1960-03-25,8:30 AM,February 1960,FRED release/dates id=10 (Consumer Price Index); hora=padrão BLS 8:30 ET (nao declarada pelo FRED); mes_referencia DERIVADO (mes do release - 1)
1960-04-25,8:30 AM,March 1960,FRED release/dates id=10 (Consumer Price Index); hora=padrão BLS 8:30 ET (nao declarada pelo FRED); mes_referencia DERIVADO (mes do release - 1)
1960-05-25,8:30 AM,April 1960,FRED release/dates id=10 (Consumer Price Index); hora=padrão BLS 8:30 ET (nao declarada pelo FRED); mes_referencia DERIVADO (mes do release - 1)
1960-06-24,8:30 AM,May 1960,FRED release/dates id=10 (Consumer Price Index); hora=padrão BLS 8:30 ET (nao declarada pelo FRED); mes_referencia DERIVADO (mes do release - 1)
1960-07-22,8:30 AM,June 1960,FRED release/dates id=10 (Consumer Price Index); hora=padrão BLS 8:30 ET (nao declarada pelo FRED); mes_referencia DERIVADO (mes do release - 1)
1960-08-25,8:30 AM,July 1960,FRED release/dates id=10 (Consumer Price Index); hora=padrão BLS 8:30 ET (nao declarada pelo FRED); mes_referencia DERIVADO (mes do release - 1)
1960-09-23,8:30 AM,August 1960,FRED release/dates id=10 (Consumer Price Index); hora=padrão BLS 8:30 ET (nao declarada pelo FRED); mes_referencia DERIVADO (mes do release - 1)
1960-10-26,8:30 AM,September 1960,FRED release/dates id=10 (Consumer Price Index); hora=padrão BLS 8:30 ET (nao declarada pelo FRED); mes_referencia DERIVADO (mes do release - 1)
1960-11-25,8:30 AM,October 1960,FRED release/dates id=10 (Consumer Price Index); hora=padrão BLS 8:30 ET (nao declarada pelo FRED); mes_referencia DERIVADO (mes do release - 1)
1960-12-23,8:30 AM,November 1960,FRED release/dates id=10 (Consumer Price Index); hora=padrão BLS 8:30 ET (nao declarada pelo FRED); mes_referencia DERIVADO (mes do release - 1)
1961-01-27,8:30 AM,December 1960,FRED release/dates id=10 (Consumer Price Index); hora=padrão BLS 8:30 ET (nao declarada pelo FRED); mes_referencia DERIVADO (mes do release - 1)
1961-02-28,8:30 AM,January 1961,FRED release/dates id=10 (Consumer Price Index); hora=padrão BLS 8:30 ET (nao declarada pelo FRED); mes_referencia DERIVADO (mes do release - 1)
1961-03-24,8:30 AM,February 1961,FRED release/dates id=10 (Consumer Price Index); hora=padrão BLS 8:30 ET (nao declarada pelo FRED); mes_referencia DERIVADO (mes do release - 1)
1961-04-26,8:30 AM,March 1961,FRED release/dates id=10 (Consumer Price Index); hora=padrão BLS 8:30 ET (nao declarada pelo FRED); mes_referencia DERIVADO (mes do release - 1)
1961-05-25,8:30 AM,April 1961,FRED release/dates id=10 (Consumer Price Index); hora=padrão BLS 8:30 ET (nao declarada pelo FRED); mes_referencia DERIVADO (mes do release - 1)
1961-06-27,8:30 AM,May 1961,FRED release/dates id=10 (Consumer Price Index); hora=padrão BLS 8:30 ET (nao declarada pelo FRED); mes_referencia DERIVADO (mes do release - 1)
1961-07-25,8:30 AM,June 1961,FRED release/dates id=10 (Consumer Price Index); hora=padrão BLS 8:30 ET (nao declarada pelo FRED); mes_referencia DERIVADO (mes do release - 1)
1961-08-25,8:30 AM,July 1961,FRED release/dates id=10 (Consumer Price Index); hora=padrão BLS 8:30 ET (nao declarada pelo FRED); mes_referencia DERIVADO (mes do release - 1)
1961-09-26,8:30 AM,August 1961,FRED release/dates id=10 (Consumer Price Index); hora=padrão BLS 8:30 ET (nao declarada pelo FRED); mes_referencia DERIVADO (mes do release - 1)
1961-10-25,8:30 AM,September 1961,FRED release/dates id=10 (Consumer Price Index); hora=padrão BLS 8:30 ET (nao declarada pelo FRED); mes_referencia DERIVADO (mes do release - 1)
1961-11-28,8:30 AM,October 1961,FRED release/dates id=10 (Consumer Price Index); hora=padrão BLS 8:30 ET (nao declarada pelo FRED); mes_referencia DERIVADO (mes do release - 1)
1961-12-22,8:30 AM,November 1961,FRED release/dates id=10 (Consumer Price Index); hora=padrão BLS 8:30 ET (nao declarada pelo FRED); mes_referencia DERIVADO (mes do release - 1)
1962-01-26,8:30 AM,December 1961,FRED release/dates id=10 (Consumer Price Index); hora=padrão BLS 8:30 ET (nao declarada pelo FRED); mes_referencia DERIVADO (mes do release - 1)
1962-02-28,8:30 AM,January 1962,FRED release/dates id=10 (Consumer Price Index); hora=padrão BLS 8:30 ET (nao declarada pelo FRED); mes_referencia DERIVADO (mes do release - 1)
1962-03-27,8:30 AM,February 1962,FRED release/dates id=10 (Consumer Price Index); hora=padrão BLS 8:30 ET (nao declarada pelo FRED); mes_referencia DERIVADO (mes do release - 1)
1962-04-24,8:30 AM,March 1962,FRED release/dates id=10 (Consumer Price Index); hora=padrão BLS 8:30 ET (nao declarada pelo FRED); mes_referencia DERIVADO (mes do release - 1)
1962-05-25,8:30 AM,April 1962,FRED release/dates id=10 (Consumer Price Index); hora=padrão BLS 8:30 ET (nao declarada pelo FRED); mes_referencia DERIVADO (mes do release - 1)
1962-06-26,8:30 AM,May 1962,FRED release/dates id=10 (Consumer Price Index); hora=padrão BLS 8:30 ET (nao declarada pelo FRED); mes_referencia DERIVADO (mes do release - 1)
1962-07-25,8:30 AM,June 1962,FRED release/dates id=10 (Consumer Price Index); hora=padrão BLS 8:30 ET (nao declarada pelo FRED); mes_referencia DERIVADO (mes do release - 1)
1962-08-28,8:30 AM,July 1962,FRED release/dates id=10 (Consumer Price Index); hora=padrão BLS 8:30 ET (nao declarada pelo FRED); mes_referencia DERIVADO (mes do release - 1)
1962-09-25,8:30 AM,August 1962,FRED release/dates id=10 (Consumer Price Index); hora=padrão BLS 8:30 ET (nao declarada pelo FRED); mes_referencia DERIVADO (mes do release - 1)
1962-10-26,8:30 AM,September 1962,FRED release/dates id=10 (Consumer Price Index); hora=padrão BLS 8:30 ET (nao declarada pelo FRED); mes_referencia DERIVADO (mes do release - 1)
1962-11-28,8:30 AM,October 1962,FRED release/dates id=10 (Consumer Price Index); hora=padrão BLS 8:30 ET (nao declarada pelo FRED); mes_referencia DERIVADO (mes do release - 1)
1962-12-21,8:30 AM,November 1962,FRED release/dates id=10 (Consumer Price Index); hora=padrão BLS 8:30 ET (nao declarada pelo FRED); mes_referencia DERIVADO (mes do release - 1)
1963-01-25,8:30 AM,December 1962,FRED release/dates id=10 (Consumer Price Index); hora=padrão BLS 8:30 ET (nao declarada pelo FRED); mes_referencia DERIVADO (mes do release - 1)
1963-02-27,8:30 AM,January 1963,FRED release/dates id=10 (Consumer Price Index); hora=padrão BLS 8:30 ET (nao declarada pelo FRED); mes_referencia DERIVADO (mes do release - 1)
1963-03-27,8:30 AM,February 1963,FRED release/dates id=10 (Consumer Price Index); hora=padrão BLS 8:30 ET (nao declarada pelo FRED); mes_referencia DERIVADO (mes do release - 1)
1963-04-25,8:30 AM,March 1963,FRED release/dates id=10 (Consumer Price Index); hora=padrão BLS 8:30 ET (nao declarada pelo FRED); mes_referencia DERIVADO (mes do release - 1)
1963-05-28,8:30 AM,April 1963,FRED release/dates id=10 (Consumer Price Index); hora=padrão BLS 8:30 ET (nao declarada pelo FRED); mes_referencia DERIVADO (mes do release - 1)
1963-06-26,8:30 AM,May 1963,FRED release/dates id=10 (Consumer Price Index); hora=padrão BLS 8:30 ET (nao declarada pelo FRED); mes_referencia DERIVADO (mes do release - 1)
1963-07-26,8:30 AM,June 1963,FRED release/dates id=10 (Consumer Price Index); hora=padrão BLS 8:30 ET (nao declarada pelo FRED); mes_referencia DERIVADO (mes do release - 1)
1963-08-27,8:30 AM,July 1963,FRED release/dates id=10 (Consumer Price Index); hora=padrão BLS 8:30 ET (nao declarada pelo FRED); mes_referencia DERIVADO (mes do release - 1)
1963-09-25,8:30 AM,August 1963,FRED release/dates id=10 (Consumer Price Index); hora=padrão BLS 8:30 ET (nao declarada pelo FRED); mes_referencia DERIVADO (mes do release - 1)
1963-10-30,8:30 AM,September 1963,FRED release/dates id=10 (Consumer Price Index); hora=padrão BLS 8:30 ET (nao declarada pelo FRED); mes_referencia DERIVADO (mes do release - 1)
1963-11-29,8:30 AM,October 1963,FRED release/dates id=10 (Consumer Price Index); hora=padrão BLS 8:30 ET (nao declarada pelo FRED); mes_referencia DERIVADO (mes do release - 1)
1963-12-27,8:30 AM,November 1963,FRED release/dates id=10 (Consumer Price Index); hora=padrão BLS 8:30 ET (nao declarada pelo FRED); mes_referencia DERIVADO (mes do release - 1)
1964-01-29,8:30 AM,December 1963,FRED release/dates id=10 (Consumer Price Index); hora=padrão BLS 8:30 ET (nao declarada pelo FRED); mes_referencia DERIVADO (mes do release - 1)
1964-03-03,8:30 AM,February 1964,FRED release/dates id=10 (Consumer Price Index); hora=padrão BLS 8:30 ET (nao declarada pelo FRED); mes_referencia DERIVADO (mes do release - 1)
1964-03-31,8:30 AM,February 1964,FRED release/dates id=10 (Consumer Price Index); hora=padrão BLS 8:30 ET (nao declarada pelo FRED); mes_referencia DERIVADO (mes do release - 1)
1964-04-30,8:30 AM,March 1964,FRED release/dates id=10 (Consumer Price Index); hora=padrão BLS 8:30 ET (nao declarada pelo FRED); mes_referencia DERIVADO (mes do release - 1)
1964-05-28,8:30 AM,April 1964,FRED release/dates id=10 (Consumer Price Index); hora=padrão BLS 8:30 ET (nao declarada pelo FRED); mes_referencia DERIVADO (mes do release - 1)
1964-06-26,8:30 AM,May 1964,FRED release/dates id=10 (Consumer Price Index); hora=padrão BLS 8:30 ET (nao declarada pelo FRED); mes_referencia DERIVADO (mes do release - 1)
1964-07-31,8:30 AM,June 1964,FRED release/dates id=10 (Consumer Price Index); hora=padrão BLS 8:30 ET (nao declarada pelo FRED); mes_referencia DERIVADO (mes do release - 1)
1964-08-28,8:30 AM,July 1964,FRED release/dates id=10 (Consumer Price Index); hora=padrão BLS 8:30 ET (nao declarada pelo FRED); mes_referencia DERIVADO (mes do release - 1)
1964-09-30,8:30 AM,August 1964,FRED release/dates id=10 (Consumer Price Index); hora=padrão BLS 8:30 ET (nao declarada pelo FRED); mes_referencia DERIVADO (mes do release - 1)
1964-10-30,8:30 AM,September 1964,FRED release/dates id=10 (Consumer Price Index); hora=padrão BLS 8:30 ET (nao declarada pelo FRED); mes_referencia DERIVADO (mes do release - 1)
1964-11-30,8:30 AM,October 1964,FRED release/dates id=10 (Consumer Price Index); hora=padrão BLS 8:30 ET (nao declarada pelo FRED); mes_referencia DERIVADO (mes do release - 1)
1964-12-30,8:30 AM,November 1964,FRED release/dates id=10 (Consumer Price Index); hora=padrão BLS 8:30 ET (nao declarada pelo FRED); mes_referencia DERIVADO (mes do release - 1)
1965-01-28,8:30 AM,December 1964,FRED release/dates id=10 (Consumer Price Index); hora=padrão BLS 8:30 ET (nao declarada pelo FRED); mes_referencia DERIVADO (mes do release - 1)
1965-02-26,8:30 AM,January 1965,FRED release/dates id=10 (Consumer Price Index); hora=padrão BLS 8:30 ET (nao declarada pelo FRED); mes_referencia DERIVADO (mes do release - 1)
1965-03-30,8:30 AM,February 1965,FRED release/dates id=10 (Consumer Price Index); hora=padrão BLS 8:30 ET (nao declarada pelo FRED); mes_referencia DERIVADO (mes do release - 1)
1965-04-28,8:30 AM,March 1965,FRED release/dates id=10 (Consumer Price Index); hora=padrão BLS 8:30 ET (nao declarada pelo FRED); mes_referencia DERIVADO (mes do release - 1)
1965-05-27,8:30 AM,April 1965,FRED release/dates id=10 (Consumer Price Index); hora=padrão BLS 8:30 ET (nao declarada pelo FRED); mes_referencia DERIVADO (mes do release - 1)
1965-06-30,8:30 AM,May 1965,FRED release/dates id=10 (Consumer Price Index); hora=padrão BLS 8:30 ET (nao declarada pelo FRED); mes_referencia DERIVADO (mes do release - 1)
1965-07-29,8:30 AM,June 1965,FRED release/dates id=10 (Consumer Price Index); hora=padrão BLS 8:30 ET (nao declarada pelo FRED); mes_referencia DERIVADO (mes do release - 1)
1965-08-27,8:30 AM,July 1965,FRED release/dates id=10 (Consumer Price Index); hora=padrão BLS 8:30 ET (nao declarada pelo FRED); mes_referencia DERIVADO (mes do release - 1)
1965-09-29,8:30 AM,August 1965,FRED release/dates id=10 (Consumer Price Index); hora=padrão BLS 8:30 ET (nao declarada pelo FRED); mes_referencia DERIVADO (mes do release - 1)
1965-10-28,8:30 AM,September 1965,FRED release/dates id=10 (Consumer Price Index); hora=padrão BLS 8:30 ET (nao declarada pelo FRED); mes_referencia DERIVADO (mes do release - 1)
1965-11-30,8:30 AM,October 1965,FRED release/dates id=10 (Consumer Price Index); hora=padrão BLS 8:30 ET (nao declarada pelo FRED); mes_referencia DERIVADO (mes do release - 1)
1965-12-30,8:30 AM,November 1965,FRED release/dates id=10 (Consumer Price Index); hora=padrão BLS 8:30 ET (nao declarada pelo FRED); mes_referencia DERIVADO (mes do release - 1)
1966-01-27,8:30 AM,December 1965,FRED release/dates id=10 (Consumer Price Index); hora=padrão BLS 8:30 ET (nao declarada pelo FRED); mes_referencia DERIVADO (mes do release - 1)
1966-02-28,8:30 AM,January 1966,FRED release/dates id=10 (Consumer Price Index); hora=padrão BLS 8:30 ET (nao declarada pelo FRED); mes_referencia DERIVADO (mes do release - 1)
1966-03-29,8:30 AM,February 1966,FRED release/dates id=10 (Consumer Price Index); hora=padrão BLS 8:30 ET (nao declarada pelo FRED); mes_referencia DERIVADO (mes do release - 1)
1966-04-21,8:30 AM,March 1966,FRED release/dates id=10 (Consumer Price Index); hora=padrão BLS 8:30 ET (nao declarada pelo FRED); mes_referencia DERIVADO (mes do release - 1)
1966-05-20,8:30 AM,April 1966,FRED release/dates id=10 (Consumer Price Index); hora=padrão BLS 8:30 ET (nao declarada pelo FRED); mes_referencia DERIVADO (mes do release - 1)
1966-06-21,8:30 AM,May 1966,FRED release/dates id=10 (Consumer Price Index); hora=padrão BLS 8:30 ET (nao declarada pelo FRED); mes_referencia DERIVADO (mes do release - 1)
1966-07-21,8:30 AM,June 1966,FRED release/dates id=10 (Consumer Price Index); hora=padrão BLS 8:30 ET (nao declarada pelo FRED); mes_referencia DERIVADO (mes do release - 1)
1966-08-22,8:30 AM,July 1966,FRED release/dates id=10 (Consumer Price Index); hora=padrão BLS 8:30 ET (nao declarada pelo FRED); mes_referencia DERIVADO (mes do release - 1)
1966-09-22,8:30 AM,August 1966,FRED release/dates id=10 (Consumer Price Index); hora=padrão BLS 8:30 ET (nao declarada pelo FRED); mes_referencia DERIVADO (mes do release - 1)
1966-10-20,8:30 AM,September 1966,FRED release/dates id=10 (Consumer Price Index); hora=padrão BLS 8:30 ET (nao declarada pelo FRED); mes_referencia DERIVADO (mes do release - 1)
1966-11-23,8:30 AM,October 1966,FRED release/dates id=10 (Consumer Price Index); hora=padrão BLS 8:30 ET (nao declarada pelo FRED); mes_referencia DERIVADO (mes do release - 1)
1966-12-22,8:30 AM,November 1966,FRED release/dates id=10 (Consumer Price Index); hora=padrão BLS 8:30 ET (nao declarada pelo FRED); mes_referencia DERIVADO (mes do release - 1)
1967-01-20,8:30 AM,December 1966,FRED release/dates id=10 (Consumer Price Index); hora=padrão BLS 8:30 ET (nao declarada pelo FRED); mes_referencia DERIVADO (mes do release - 1)
1967-02-20,8:30 AM,January 1967,FRED release/dates id=10 (Consumer Price Index); hora=padrão BLS 8:30 ET (nao declarada pelo FRED); mes_referencia DERIVADO (mes do release - 1)
1967-03-20,8:30 AM,February 1967,FRED release/dates id=10 (Consumer Price Index); hora=padrão BLS 8:30 ET (nao declarada pelo FRED); mes_referencia DERIVADO (mes do release - 1)
1967-04-26,8:30 AM,March 1967,FRED release/dates id=10 (Consumer Price Index); hora=padrão BLS 8:30 ET (nao declarada pelo FRED); mes_referencia DERIVADO (mes do release - 1)
1967-05-23,8:30 AM,April 1967,FRED release/dates id=10 (Consumer Price Index); hora=padrão BLS 8:30 ET (nao declarada pelo FRED); mes_referencia DERIVADO (mes do release - 1)
1967-06-28,8:30 AM,May 1967,FRED release/dates id=10 (Consumer Price Index); hora=padrão BLS 8:30 ET (nao declarada pelo FRED); mes_referencia DERIVADO (mes do release - 1)
1967-07-26,8:30 AM,June 1967,FRED release/dates id=10 (Consumer Price Index); hora=padrão BLS 8:30 ET (nao declarada pelo FRED); mes_referencia DERIVADO (mes do release - 1)
1967-08-25,8:30 AM,July 1967,FRED release/dates id=10 (Consumer Price Index); hora=padrão BLS 8:30 ET (nao declarada pelo FRED); mes_referencia DERIVADO (mes do release - 1)
1967-09-27,8:30 AM,August 1967,FRED release/dates id=10 (Consumer Price Index); hora=padrão BLS 8:30 ET (nao declarada pelo FRED); mes_referencia DERIVADO (mes do release - 1)
1967-10-26,8:30 AM,September 1967,FRED release/dates id=10 (Consumer Price Index); hora=padrão BLS 8:30 ET (nao declarada pelo FRED); mes_referencia DERIVADO (mes do release - 1)
1967-11-29,8:30 AM,October 1967,FRED release/dates id=10 (Consumer Price Index); hora=padrão BLS 8:30 ET (nao declarada pelo FRED); mes_referencia DERIVADO (mes do release - 1)
1967-12-22,8:30 AM,November 1967,FRED release/dates id=10 (Consumer Price Index); hora=padrão BLS 8:30 ET (nao declarada pelo FRED); mes_referencia DERIVADO (mes do release - 1)
1968-01-25,8:30 AM,December 1967,FRED release/dates id=10 (Consumer Price Index); hora=padrão BLS 8:30 ET (nao declarada pelo FRED); mes_referencia DERIVADO (mes do release - 1)
1968-02-29,8:30 AM,January 1968,FRED release/dates id=10 (Consumer Price Index); hora=padrão BLS 8:30 ET (nao declarada pelo FRED); mes_referencia DERIVADO (mes do release - 1)
1968-03-27,8:30 AM,February 1968,FRED release/dates id=10 (Consumer Price Index); hora=padrão BLS 8:30 ET (nao declarada pelo FRED); mes_referencia DERIVADO (mes do release - 1)
1968-04-26,8:30 AM,March 1968,FRED release/dates id=10 (Consumer Price Index); hora=padrão BLS 8:30 ET (nao declarada pelo FRED); mes_referencia DERIVADO (mes do release - 1)
1968-05-28,8:30 AM,April 1968,FRED release/dates id=10 (Consumer Price Index); hora=padrão BLS 8:30 ET (nao declarada pelo FRED); mes_referencia DERIVADO (mes do release - 1)
1968-06-28,8:30 AM,May 1968,FRED release/dates id=10 (Consumer Price Index); hora=padrão BLS 8:30 ET (nao declarada pelo FRED); mes_referencia DERIVADO (mes do release - 1)
1968-07-31,8:30 AM,June 1968,FRED release/dates id=10 (Consumer Price Index); hora=padrão BLS 8:30 ET (nao declarada pelo FRED); mes_referencia DERIVADO (mes do release - 1)
1968-08-27,8:30 AM,July 1968,FRED release/dates id=10 (Consumer Price Index); hora=padrão BLS 8:30 ET (nao declarada pelo FRED); mes_referencia DERIVADO (mes do release - 1)
1968-09-26,8:30 AM,August 1968,FRED release/dates id=10 (Consumer Price Index); hora=padrão BLS 8:30 ET (nao declarada pelo FRED); mes_referencia DERIVADO (mes do release - 1)
1968-10-29,8:30 AM,September 1968,FRED release/dates id=10 (Consumer Price Index); hora=padrão BLS 8:30 ET (nao declarada pelo FRED); mes_referencia DERIVADO (mes do release - 1)
1968-11-27,8:30 AM,October 1968,FRED release/dates id=10 (Consumer Price Index); hora=padrão BLS 8:30 ET (nao declarada pelo FRED); mes_referencia DERIVADO (mes do release - 1)
1968-12-27,8:30 AM,November 1968,FRED release/dates id=10 (Consumer Price Index); hora=padrão BLS 8:30 ET (nao declarada pelo FRED); mes_referencia DERIVADO (mes do release - 1)
1969-01-29,8:30 AM,December 1968,FRED release/dates id=10 (Consumer Price Index); hora=padrão BLS 8:30 ET (nao declarada pelo FRED); mes_referencia DERIVADO (mes do release - 1)
1969-02-25,8:30 AM,January 1969,FRED release/dates id=10 (Consumer Price Index); hora=padrão BLS 8:30 ET (nao declarada pelo FRED); mes_referencia DERIVADO (mes do release - 1)
1969-03-25,8:30 AM,February 1969,FRED release/dates id=10 (Consumer Price Index); hora=padrão BLS 8:30 ET (nao declarada pelo FRED); mes_referencia DERIVADO (mes do release - 1)
1969-04-24,8:30 AM,March 1969,FRED release/dates id=10 (Consumer Price Index); hora=padrão BLS 8:30 ET (nao declarada pelo FRED); mes_referencia DERIVADO (mes do release - 1)
1969-05-22,8:30 AM,April 1969,FRED release/dates id=10 (Consumer Price Index); hora=padrão BLS 8:30 ET (nao declarada pelo FRED); mes_referencia DERIVADO (mes do release - 1)
1969-06-24,8:30 AM,May 1969,FRED release/dates id=10 (Consumer Price Index); hora=padrão BLS 8:30 ET (nao declarada pelo FRED); mes_referencia DERIVADO (mes do release - 1)
1969-07-23,8:30 AM,June 1969,FRED release/dates id=10 (Consumer Price Index); hora=padrão BLS 8:30 ET (nao declarada pelo FRED); mes_referencia DERIVADO (mes do release - 1)
1969-08-22,8:30 AM,July 1969,FRED release/dates id=10 (Consumer Price Index); hora=padrão BLS 8:30 ET (nao declarada pelo FRED); mes_referencia DERIVADO (mes do release - 1)
1969-09-22,8:30 AM,August 1969,FRED release/dates id=10 (Consumer Price Index); hora=padrão BLS 8:30 ET (nao declarada pelo FRED); mes_referencia DERIVADO (mes do release - 1)
1969-10-22,8:30 AM,September 1969,FRED release/dates id=10 (Consumer Price Index); hora=padrão BLS 8:30 ET (nao declarada pelo FRED); mes_referencia DERIVADO (mes do release - 1)
1969-11-21,8:30 AM,October 1969,FRED release/dates id=10 (Consumer Price Index); hora=padrão BLS 8:30 ET (nao declarada pelo FRED); mes_referencia DERIVADO (mes do release - 1)
1969-12-19,8:30 AM,November 1969,FRED release/dates id=10 (Consumer Price Index); hora=padrão BLS 8:30 ET (nao declarada pelo FRED); mes_referencia DERIVADO (mes do release - 1)
1970-01-19,8:30 AM,December 1969,FRED release/dates id=10 (Consumer Price Index); hora=padrão BLS 8:30 ET (nao declarada pelo FRED); mes_referencia DERIVADO (mes do release - 1)
1970-02-19,8:30 AM,January 1970,FRED release/dates id=10 (Consumer Price Index); hora=padrão BLS 8:30 ET (nao declarada pelo FRED); mes_referencia DERIVADO (mes do release - 1)
1970-03-20,8:30 AM,February 1970,FRED release/dates id=10 (Consumer Price Index); hora=padrão BLS 8:30 ET (nao declarada pelo FRED); mes_referencia DERIVADO (mes do release - 1)
1970-04-22,8:30 AM,March 1970,FRED release/dates id=10 (Consumer Price Index); hora=padrão BLS 8:30 ET (nao declarada pelo FRED); mes_referencia DERIVADO (mes do release - 1)
1970-05-20,8:30 AM,April 1970,FRED release/dates id=10 (Consumer Price Index); hora=padrão BLS 8:30 ET (nao declarada pelo FRED); mes_referencia DERIVADO (mes do release - 1)
1970-06-18,8:30 AM,May 1970,FRED release/dates id=10 (Consumer Price Index); hora=padrão BLS 8:30 ET (nao declarada pelo FRED); mes_referencia DERIVADO (mes do release - 1)
1970-07-21,8:30 AM,June 1970,FRED release/dates id=10 (Consumer Price Index); hora=padrão BLS 8:30 ET (nao declarada pelo FRED); mes_referencia DERIVADO (mes do release - 1)
1970-08-21,8:30 AM,July 1970,FRED release/dates id=10 (Consumer Price Index); hora=padrão BLS 8:30 ET (nao declarada pelo FRED); mes_referencia DERIVADO (mes do release - 1)
1970-09-19,8:30 AM,August 1970,FRED release/dates id=10 (Consumer Price Index); hora=padrão BLS 8:30 ET (nao declarada pelo FRED); mes_referencia DERIVADO (mes do release - 1)
1970-10-21,8:30 AM,September 1970,FRED release/dates id=10 (Consumer Price Index); hora=padrão BLS 8:30 ET (nao declarada pelo FRED); mes_referencia DERIVADO (mes do release - 1)
1970-11-20,8:30 AM,October 1970,FRED release/dates id=10 (Consumer Price Index); hora=padrão BLS 8:30 ET (nao declarada pelo FRED); mes_referencia DERIVADO (mes do release - 1)
1970-12-23,8:30 AM,November 1970,FRED release/dates id=10 (Consumer Price Index); hora=padrão BLS 8:30 ET (nao declarada pelo FRED); mes_referencia DERIVADO (mes do release - 1)
1971-01-29,8:30 AM,December 1970,FRED release/dates id=10 (Consumer Price Index); hora=padrão BLS 8:30 ET (nao declarada pelo FRED); mes_referencia DERIVADO (mes do release - 1)
1971-02-19,8:30 AM,January 1971,FRED release/dates id=10 (Consumer Price Index); hora=padrão BLS 8:30 ET (nao declarada pelo FRED); mes_referencia DERIVADO (mes do release - 1)
1971-03-19,8:30 AM,February 1971,FRED release/dates id=10 (Consumer Price Index); hora=padrão BLS 8:30 ET (nao declarada pelo FRED); mes_referencia DERIVADO (mes do release - 1)
1971-04-22,8:30 AM,March 1971,FRED release/dates id=10 (Consumer Price Index); hora=padrão BLS 8:30 ET (nao declarada pelo FRED); mes_referencia DERIVADO (mes do release - 1)
1971-05-21,8:30 AM,April 1971,FRED release/dates id=10 (Consumer Price Index); hora=padrão BLS 8:30 ET (nao declarada pelo FRED); mes_referencia DERIVADO (mes do release - 1)
1971-06-22,8:30 AM,May 1971,FRED release/dates id=10 (Consumer Price Index); hora=padrão BLS 8:30 ET (nao declarada pelo FRED); mes_referencia DERIVADO (mes do release - 1)
1971-07-22,8:30 AM,June 1971,FRED release/dates id=10 (Consumer Price Index); hora=padrão BLS 8:30 ET (nao declarada pelo FRED); mes_referencia DERIVADO (mes do release - 1)
1971-08-20,8:30 AM,July 1971,FRED release/dates id=10 (Consumer Price Index); hora=padrão BLS 8:30 ET (nao declarada pelo FRED); mes_referencia DERIVADO (mes do release - 1)
1971-09-22,8:30 AM,August 1971,FRED release/dates id=10 (Consumer Price Index); hora=padrão BLS 8:30 ET (nao declarada pelo FRED); mes_referencia DERIVADO (mes do release - 1)
1971-10-22,8:30 AM,September 1971,FRED release/dates id=10 (Consumer Price Index); hora=padrão BLS 8:30 ET (nao declarada pelo FRED); mes_referencia DERIVADO (mes do release - 1)
1971-11-19,8:30 AM,October 1971,FRED release/dates id=10 (Consumer Price Index); hora=padrão BLS 8:30 ET (nao declarada pelo FRED); mes_referencia DERIVADO (mes do release - 1)
1971-12-22,8:30 AM,November 1971,FRED release/dates id=10 (Consumer Price Index); hora=padrão BLS 8:30 ET (nao declarada pelo FRED); mes_referencia DERIVADO (mes do release - 1)
1972-01-21,8:30 AM,December 1971,FRED release/dates id=10 (Consumer Price Index); hora=padrão BLS 8:30 ET (nao declarada pelo FRED); mes_referencia DERIVADO (mes do release - 1)
1972-02-23,8:30 AM,January 1972,FRED release/dates id=10 (Consumer Price Index); hora=padrão BLS 8:30 ET (nao declarada pelo FRED); mes_referencia DERIVADO (mes do release - 1)
1972-03-22,8:30 AM,February 1972,FRED release/dates id=10 (Consumer Price Index); hora=padrão BLS 8:30 ET (nao declarada pelo FRED); mes_referencia DERIVADO (mes do release - 1)
1972-04-21,8:30 AM,March 1972,FRED release/dates id=10 (Consumer Price Index); hora=padrão BLS 8:30 ET (nao declarada pelo FRED); mes_referencia DERIVADO (mes do release - 1)
1972-05-19,8:30 AM,April 1972,FRED release/dates id=10 (Consumer Price Index); hora=padrão BLS 8:30 ET (nao declarada pelo FRED); mes_referencia DERIVADO (mes do release - 1)
1972-06-21,8:30 AM,May 1972,FRED release/dates id=10 (Consumer Price Index); hora=padrão BLS 8:30 ET (nao declarada pelo FRED); mes_referencia DERIVADO (mes do release - 1)
1972-07-21,8:30 AM,June 1972,FRED release/dates id=10 (Consumer Price Index); hora=padrão BLS 8:30 ET (nao declarada pelo FRED); mes_referencia DERIVADO (mes do release - 1)
1972-08-22,8:30 AM,July 1972,FRED release/dates id=10 (Consumer Price Index); hora=padrão BLS 8:30 ET (nao declarada pelo FRED); mes_referencia DERIVADO (mes do release - 1)
1972-09-22,8:30 AM,August 1972,FRED release/dates id=10 (Consumer Price Index); hora=padrão BLS 8:30 ET (nao declarada pelo FRED); mes_referencia DERIVADO (mes do release - 1)
1972-10-20,8:30 AM,September 1972,FRED release/dates id=10 (Consumer Price Index); hora=padrão BLS 8:30 ET (nao declarada pelo FRED); mes_referencia DERIVADO (mes do release - 1)
1972-11-21,8:30 AM,October 1972,FRED release/dates id=10 (Consumer Price Index); hora=padrão BLS 8:30 ET (nao declarada pelo FRED); mes_referencia DERIVADO (mes do release - 1)
1972-12-22,8:30 AM,November 1972,FRED release/dates id=10 (Consumer Price Index); hora=padrão BLS 8:30 ET (nao declarada pelo FRED); mes_referencia DERIVADO (mes do release - 1)
1973-01-23,8:30 AM,December 1972,FRED release/dates id=10 (Consumer Price Index); hora=padrão BLS 8:30 ET (nao declarada pelo FRED); mes_referencia DERIVADO (mes do release - 1)
1973-02-22,8:30 AM,January 1973,FRED release/dates id=10 (Consumer Price Index); hora=padrão BLS 8:30 ET (nao declarada pelo FRED); mes_referencia DERIVADO (mes do release - 1)
1973-03-21,8:30 AM,February 1973,FRED release/dates id=10 (Consumer Price Index); hora=padrão BLS 8:30 ET (nao declarada pelo FRED); mes_referencia DERIVADO (mes do release - 1)
1973-04-20,8:30 AM,March 1973,FRED release/dates id=10 (Consumer Price Index); hora=padrão BLS 8:30 ET (nao declarada pelo FRED); mes_referencia DERIVADO (mes do release - 1)
1973-05-22,8:30 AM,April 1973,FRED release/dates id=10 (Consumer Price Index); hora=padrão BLS 8:30 ET (nao declarada pelo FRED); mes_referencia DERIVADO (mes do release - 1)
1973-06-21,8:30 AM,May 1973,FRED release/dates id=10 (Consumer Price Index); hora=padrão BLS 8:30 ET (nao declarada pelo FRED); mes_referencia DERIVADO (mes do release - 1)
1973-07-20,8:30 AM,June 1973,FRED release/dates id=10 (Consumer Price Index); hora=padrão BLS 8:30 ET (nao declarada pelo FRED); mes_referencia DERIVADO (mes do release - 1)
1973-08-21,8:30 AM,July 1973,FRED release/dates id=10 (Consumer Price Index); hora=padrão BLS 8:30 ET (nao declarada pelo FRED); mes_referencia DERIVADO (mes do release - 1)
1973-09-21,8:30 AM,August 1973,FRED release/dates id=10 (Consumer Price Index); hora=padrão BLS 8:30 ET (nao declarada pelo FRED); mes_referencia DERIVADO (mes do release - 1)
1973-10-19,8:30 AM,September 1973,FRED release/dates id=10 (Consumer Price Index); hora=padrão BLS 8:30 ET (nao declarada pelo FRED); mes_referencia DERIVADO (mes do release - 1)
1973-11-21,8:30 AM,October 1973,FRED release/dates id=10 (Consumer Price Index); hora=padrão BLS 8:30 ET (nao declarada pelo FRED); mes_referencia DERIVADO (mes do release - 1)
1973-12-21,8:30 AM,November 1973,FRED release/dates id=10 (Consumer Price Index); hora=padrão BLS 8:30 ET (nao declarada pelo FRED); mes_referencia DERIVADO (mes do release - 1)
1974-01-22,8:30 AM,December 1973,FRED release/dates id=10 (Consumer Price Index); hora=padrão BLS 8:30 ET (nao declarada pelo FRED); mes_referencia DERIVADO (mes do release - 1)
1974-02-22,8:30 AM,January 1974,FRED release/dates id=10 (Consumer Price Index); hora=padrão BLS 8:30 ET (nao declarada pelo FRED); mes_referencia DERIVADO (mes do release - 1)
1974-03-21,8:30 AM,February 1974,FRED release/dates id=10 (Consumer Price Index); hora=padrão BLS 8:30 ET (nao declarada pelo FRED); mes_referencia DERIVADO (mes do release - 1)
1974-04-19,8:30 AM,March 1974,FRED release/dates id=10 (Consumer Price Index); hora=padrão BLS 8:30 ET (nao declarada pelo FRED); mes_referencia DERIVADO (mes do release - 1)
1974-05-21,8:30 AM,April 1974,FRED release/dates id=10 (Consumer Price Index); hora=padrão BLS 8:30 ET (nao declarada pelo FRED); mes_referencia DERIVADO (mes do release - 1)
1974-06-21,8:30 AM,May 1974,FRED release/dates id=10 (Consumer Price Index); hora=padrão BLS 8:30 ET (nao declarada pelo FRED); mes_referencia DERIVADO (mes do release - 1)
1974-07-19,8:30 AM,June 1974,FRED release/dates id=10 (Consumer Price Index); hora=padrão BLS 8:30 ET (nao declarada pelo FRED); mes_referencia DERIVADO (mes do release - 1)
1974-08-21,8:30 AM,July 1974,FRED release/dates id=10 (Consumer Price Index); hora=padrão BLS 8:30 ET (nao declarada pelo FRED); mes_referencia DERIVADO (mes do release - 1)
1974-09-20,8:30 AM,August 1974,FRED release/dates id=10 (Consumer Price Index); hora=padrão BLS 8:30 ET (nao declarada pelo FRED); mes_referencia DERIVADO (mes do release - 1)
1974-10-22,8:30 AM,September 1974,FRED release/dates id=10 (Consumer Price Index); hora=padrão BLS 8:30 ET (nao declarada pelo FRED); mes_referencia DERIVADO (mes do release - 1)
1974-11-21,8:30 AM,October 1974,FRED release/dates id=10 (Consumer Price Index); hora=padrão BLS 8:30 ET (nao declarada pelo FRED); mes_referencia DERIVADO (mes do release - 1)
1974-12-20,8:30 AM,November 1974,FRED release/dates id=10 (Consumer Price Index); hora=padrão BLS 8:30 ET (nao declarada pelo FRED); mes_referencia DERIVADO (mes do release - 1)
1975-01-21,8:30 AM,December 1974,FRED release/dates id=10 (Consumer Price Index); hora=padrão BLS 8:30 ET (nao declarada pelo FRED); mes_referencia DERIVADO (mes do release - 1)
1975-02-21,8:30 AM,January 1975,FRED release/dates id=10 (Consumer Price Index); hora=padrão BLS 8:30 ET (nao declarada pelo FRED); mes_referencia DERIVADO (mes do release - 1)
1975-03-20,8:30 AM,February 1975,FRED release/dates id=10 (Consumer Price Index); hora=padrão BLS 8:30 ET (nao declarada pelo FRED); mes_referencia DERIVADO (mes do release - 1)
1975-04-22,8:30 AM,March 1975,FRED release/dates id=10 (Consumer Price Index); hora=padrão BLS 8:30 ET (nao declarada pelo FRED); mes_referencia DERIVADO (mes do release - 1)
1975-05-21,8:30 AM,April 1975,FRED release/dates id=10 (Consumer Price Index); hora=padrão BLS 8:30 ET (nao declarada pelo FRED); mes_referencia DERIVADO (mes do release - 1)
1975-06-20,8:30 AM,May 1975,FRED release/dates id=10 (Consumer Price Index); hora=padrão BLS 8:30 ET (nao declarada pelo FRED); mes_referencia DERIVADO (mes do release - 1)
1975-07-22,8:30 AM,June 1975,FRED release/dates id=10 (Consumer Price Index); hora=padrão BLS 8:30 ET (nao declarada pelo FRED); mes_referencia DERIVADO (mes do release - 1)
1975-08-21,8:30 AM,July 1975,FRED release/dates id=10 (Consumer Price Index); hora=padrão BLS 8:30 ET (nao declarada pelo FRED); mes_referencia DERIVADO (mes do release - 1)
1975-09-19,8:30 AM,August 1975,FRED release/dates id=10 (Consumer Price Index); hora=padrão BLS 8:30 ET (nao declarada pelo FRED); mes_referencia DERIVADO (mes do release - 1)
1975-10-22,8:30 AM,September 1975,FRED release/dates id=10 (Consumer Price Index); hora=padrão BLS 8:30 ET (nao declarada pelo FRED); mes_referencia DERIVADO (mes do release - 1)
1975-11-20,8:30 AM,October 1975,FRED release/dates id=10 (Consumer Price Index); hora=padrão BLS 8:30 ET (nao declarada pelo FRED); mes_referencia DERIVADO (mes do release - 1)
1975-12-19,8:30 AM,November 1975,FRED release/dates id=10 (Consumer Price Index); hora=padrão BLS 8:30 ET (nao declarada pelo FRED); mes_referencia DERIVADO (mes do release - 1)
1976-01-21,8:30 AM,December 1975,FRED release/dates id=10 (Consumer Price Index); hora=padrão BLS 8:30 ET (nao declarada pelo FRED); mes_referencia DERIVADO (mes do release - 1)
1976-02-20,8:30 AM,January 1976,FRED release/dates id=10 (Consumer Price Index); hora=padrão BLS 8:30 ET (nao declarada pelo FRED); mes_referencia DERIVADO (mes do release - 1)
1976-03-19,8:30 AM,February 1976,FRED release/dates id=10 (Consumer Price Index); hora=padrão BLS 8:30 ET (nao declarada pelo FRED); mes_referencia DERIVADO (mes do release - 1)
1976-04-21,8:30 AM,March 1976,FRED release/dates id=10 (Consumer Price Index); hora=padrão BLS 8:30 ET (nao declarada pelo FRED); mes_referencia DERIVADO (mes do release - 1)
1976-05-21,8:30 AM,April 1976,FRED release/dates id=10 (Consumer Price Index); hora=padrão BLS 8:30 ET (nao declarada pelo FRED); mes_referencia DERIVADO (mes do release - 1)
1976-06-22,8:30 AM,May 1976,FRED release/dates id=10 (Consumer Price Index); hora=padrão BLS 8:30 ET (nao declarada pelo FRED); mes_referencia DERIVADO (mes do release - 1)
1976-07-21,8:30 AM,June 1976,FRED release/dates id=10 (Consumer Price Index); hora=padrão BLS 8:30 ET (nao declarada pelo FRED); mes_referencia DERIVADO (mes do release - 1)
1976-08-20,8:30 AM,July 1976,FRED release/dates id=10 (Consumer Price Index); hora=padrão BLS 8:30 ET (nao declarada pelo FRED); mes_referencia DERIVADO (mes do release - 1)
1976-09-21,8:30 AM,August 1976,FRED release/dates id=10 (Consumer Price Index); hora=padrão BLS 8:30 ET (nao declarada pelo FRED); mes_referencia DERIVADO (mes do release - 1)
1976-10-21,8:30 AM,September 1976,FRED release/dates id=10 (Consumer Price Index); hora=padrão BLS 8:30 ET (nao declarada pelo FRED); mes_referencia DERIVADO (mes do release - 1)
1976-11-19,8:30 AM,October 1976,FRED release/dates id=10 (Consumer Price Index); hora=padrão BLS 8:30 ET (nao declarada pelo FRED); mes_referencia DERIVADO (mes do release - 1)
1976-12-21,8:30 AM,November 1976,FRED release/dates id=10 (Consumer Price Index); hora=padrão BLS 8:30 ET (nao declarada pelo FRED); mes_referencia DERIVADO (mes do release - 1)
1977-01-19,8:30 AM,December 1976,FRED release/dates id=10 (Consumer Price Index); hora=padrão BLS 8:30 ET (nao declarada pelo FRED); mes_referencia DERIVADO (mes do release - 1)
1977-02-18,8:30 AM,January 1977,FRED release/dates id=10 (Consumer Price Index); hora=padrão BLS 8:30 ET (nao declarada pelo FRED); mes_referencia DERIVADO (mes do release - 1)
1977-03-18,8:30 AM,February 1977,FRED release/dates id=10 (Consumer Price Index); hora=padrão BLS 8:30 ET (nao declarada pelo FRED); mes_referencia DERIVADO (mes do release - 1)
1977-04-21,8:30 AM,March 1977,FRED release/dates id=10 (Consumer Price Index); hora=padrão BLS 8:30 ET (nao declarada pelo FRED); mes_referencia DERIVADO (mes do release - 1)
1977-05-20,8:30 AM,April 1977,FRED release/dates id=10 (Consumer Price Index); hora=padrão BLS 8:30 ET (nao declarada pelo FRED); mes_referencia DERIVADO (mes do release - 1)
1977-06-21,8:30 AM,May 1977,FRED release/dates id=10 (Consumer Price Index); hora=padrão BLS 8:30 ET (nao declarada pelo FRED); mes_referencia DERIVADO (mes do release - 1)
1977-07-21,8:30 AM,June 1977,FRED release/dates id=10 (Consumer Price Index); hora=padrão BLS 8:30 ET (nao declarada pelo FRED); mes_referencia DERIVADO (mes do release - 1)
1977-08-19,8:30 AM,July 1977,FRED release/dates id=10 (Consumer Price Index); hora=padrão BLS 8:30 ET (nao declarada pelo FRED); mes_referencia DERIVADO (mes do release - 1)
1977-09-21,8:30 AM,August 1977,FRED release/dates id=10 (Consumer Price Index); hora=padrão BLS 8:30 ET (nao declarada pelo FRED); mes_referencia DERIVADO (mes do release - 1)
1977-10-21,8:30 AM,September 1977,FRED release/dates id=10 (Consumer Price Index); hora=padrão BLS 8:30 ET (nao declarada pelo FRED); mes_referencia DERIVADO (mes do release - 1)
1977-11-22,8:30 AM,October 1977,FRED release/dates id=10 (Consumer Price Index); hora=padrão BLS 8:30 ET (nao declarada pelo FRED); mes_referencia DERIVADO (mes do release - 1)
1977-12-21,8:30 AM,November 1977,FRED release/dates id=10 (Consumer Price Index); hora=padrão BLS 8:30 ET (nao declarada pelo FRED); mes_referencia DERIVADO (mes do release - 1)
1978-01-20,8:30 AM,December 1977,FRED release/dates id=10 (Consumer Price Index); hora=padrão BLS 8:30 ET (nao declarada pelo FRED); mes_referencia DERIVADO (mes do release - 1)
1978-02-27,8:30 AM,January 1978,FRED release/dates id=10 (Consumer Price Index); hora=padrão BLS 8:30 ET (nao declarada pelo FRED); mes_referencia DERIVADO (mes do release - 1)
1978-03-28,8:30 AM,February 1978,FRED release/dates id=10 (Consumer Price Index); hora=padrão BLS 8:30 ET (nao declarada pelo FRED); mes_referencia DERIVADO (mes do release - 1)
1978-04-28,8:30 AM,March 1978,FRED release/dates id=10 (Consumer Price Index); hora=padrão BLS 8:30 ET (nao declarada pelo FRED); mes_referencia DERIVADO (mes do release - 1)
1978-05-31,8:30 AM,April 1978,FRED release/dates id=10 (Consumer Price Index); hora=padrão BLS 8:30 ET (nao declarada pelo FRED); mes_referencia DERIVADO (mes do release - 1)
1978-06-30,8:30 AM,May 1978,FRED release/dates id=10 (Consumer Price Index); hora=padrão BLS 8:30 ET (nao declarada pelo FRED); mes_referencia DERIVADO (mes do release - 1)
1978-07-28,8:30 AM,June 1978,FRED release/dates id=10 (Consumer Price Index); hora=padrão BLS 8:30 ET (nao declarada pelo FRED); mes_referencia DERIVADO (mes do release - 1)
1978-08-29,8:30 AM,July 1978,FRED release/dates id=10 (Consumer Price Index); hora=padrão BLS 8:30 ET (nao declarada pelo FRED); mes_referencia DERIVADO (mes do release - 1)
1978-09-26,8:30 AM,August 1978,FRED release/dates id=10 (Consumer Price Index); hora=padrão BLS 8:30 ET (nao declarada pelo FRED); mes_referencia DERIVADO (mes do release - 1)
1978-10-26,8:30 AM,September 1978,FRED release/dates id=10 (Consumer Price Index); hora=padrão BLS 8:30 ET (nao declarada pelo FRED); mes_referencia DERIVADO (mes do release - 1)
1978-11-28,8:30 AM,October 1978,FRED release/dates id=10 (Consumer Price Index); hora=padrão BLS 8:30 ET (nao declarada pelo FRED); mes_referencia DERIVADO (mes do release - 1)
1978-12-22,8:30 AM,November 1978,FRED release/dates id=10 (Consumer Price Index); hora=padrão BLS 8:30 ET (nao declarada pelo FRED); mes_referencia DERIVADO (mes do release - 1)
1979-01-24,8:30 AM,December 1978,FRED release/dates id=10 (Consumer Price Index); hora=padrão BLS 8:30 ET (nao declarada pelo FRED); mes_referencia DERIVADO (mes do release - 1)
1979-02-23,8:30 AM,January 1979,FRED release/dates id=10 (Consumer Price Index); hora=padrão BLS 8:30 ET (nao declarada pelo FRED); mes_referencia DERIVADO (mes do release - 1)
1979-03-23,8:30 AM,February 1979,FRED release/dates id=10 (Consumer Price Index); hora=padrão BLS 8:30 ET (nao declarada pelo FRED); mes_referencia DERIVADO (mes do release - 1)
1979-04-26,8:30 AM,March 1979,FRED release/dates id=10 (Consumer Price Index); hora=padrão BLS 8:30 ET (nao declarada pelo FRED); mes_referencia DERIVADO (mes do release - 1)
1979-05-25,8:30 AM,April 1979,FRED release/dates id=10 (Consumer Price Index); hora=padrão BLS 8:30 ET (nao declarada pelo FRED); mes_referencia DERIVADO (mes do release - 1)
1979-06-26,8:30 AM,May 1979,FRED release/dates id=10 (Consumer Price Index); hora=padrão BLS 8:30 ET (nao declarada pelo FRED); mes_referencia DERIVADO (mes do release - 1)
1979-07-26,8:30 AM,June 1979,FRED release/dates id=10 (Consumer Price Index); hora=padrão BLS 8:30 ET (nao declarada pelo FRED); mes_referencia DERIVADO (mes do release - 1)
1979-08-24,8:30 AM,July 1979,FRED release/dates id=10 (Consumer Price Index); hora=padrão BLS 8:30 ET (nao declarada pelo FRED); mes_referencia DERIVADO (mes do release - 1)
1979-09-25,8:30 AM,August 1979,FRED release/dates id=10 (Consumer Price Index); hora=padrão BLS 8:30 ET (nao declarada pelo FRED); mes_referencia DERIVADO (mes do release - 1)
1979-10-26,8:30 AM,September 1979,FRED release/dates id=10 (Consumer Price Index); hora=padrão BLS 8:30 ET (nao declarada pelo FRED); mes_referencia DERIVADO (mes do release - 1)
1979-11-27,8:30 AM,October 1979,FRED release/dates id=10 (Consumer Price Index); hora=padrão BLS 8:30 ET (nao declarada pelo FRED); mes_referencia DERIVADO (mes do release - 1)
1979-12-21,8:30 AM,November 1979,FRED release/dates id=10 (Consumer Price Index); hora=padrão BLS 8:30 ET (nao declarada pelo FRED); mes_referencia DERIVADO (mes do release - 1)
1980-01-25,8:30 AM,December 1979,FRED release/dates id=10 (Consumer Price Index); hora=padrão BLS 8:30 ET (nao declarada pelo FRED); mes_referencia DERIVADO (mes do release - 1)
1980-02-22,8:30 AM,January 1980,FRED release/dates id=10 (Consumer Price Index); hora=padrão BLS 8:30 ET (nao declarada pelo FRED); mes_referencia DERIVADO (mes do release - 1)
1980-03-25,8:30 AM,February 1980,FRED release/dates id=10 (Consumer Price Index); hora=padrão BLS 8:30 ET (nao declarada pelo FRED); mes_referencia DERIVADO (mes do release - 1)
1980-04-22,8:30 AM,March 1980,FRED release/dates id=10 (Consumer Price Index); hora=padrão BLS 8:30 ET (nao declarada pelo FRED); mes_referencia DERIVADO (mes do release - 1)
1980-05-23,8:30 AM,April 1980,FRED release/dates id=10 (Consumer Price Index); hora=padrão BLS 8:30 ET (nao declarada pelo FRED); mes_referencia DERIVADO (mes do release - 1)
1980-06-24,8:30 AM,May 1980,FRED release/dates id=10 (Consumer Price Index); hora=padrão BLS 8:30 ET (nao declarada pelo FRED); mes_referencia DERIVADO (mes do release - 1)
1980-07-23,8:30 AM,June 1980,FRED release/dates id=10 (Consumer Price Index); hora=padrão BLS 8:30 ET (nao declarada pelo FRED); mes_referencia DERIVADO (mes do release - 1)
1980-08-22,8:30 AM,July 1980,FRED release/dates id=10 (Consumer Price Index); hora=padrão BLS 8:30 ET (nao declarada pelo FRED); mes_referencia DERIVADO (mes do release - 1)
1980-09-23,8:30 AM,August 1980,FRED release/dates id=10 (Consumer Price Index); hora=padrão BLS 8:30 ET (nao declarada pelo FRED); mes_referencia DERIVADO (mes do release - 1)
1980-10-24,8:30 AM,September 1980,FRED release/dates id=10 (Consumer Price Index); hora=padrão BLS 8:30 ET (nao declarada pelo FRED); mes_referencia DERIVADO (mes do release - 1)
1980-11-25,8:30 AM,October 1980,FRED release/dates id=10 (Consumer Price Index); hora=padrão BLS 8:30 ET (nao declarada pelo FRED); mes_referencia DERIVADO (mes do release - 1)
1980-12-23,8:30 AM,November 1980,FRED release/dates id=10 (Consumer Price Index); hora=padrão BLS 8:30 ET (nao declarada pelo FRED); mes_referencia DERIVADO (mes do release - 1)
1981-01-23,8:30 AM,December 1980,FRED release/dates id=10 (Consumer Price Index); hora=padrão BLS 8:30 ET (nao declarada pelo FRED); mes_referencia DERIVADO (mes do release - 1)
1981-02-25,8:30 AM,January 1981,FRED release/dates id=10 (Consumer Price Index); hora=padrão BLS 8:30 ET (nao declarada pelo FRED); mes_referencia DERIVADO (mes do release - 1)
1981-03-24,8:30 AM,February 1981,FRED release/dates id=10 (Consumer Price Index); hora=padrão BLS 8:30 ET (nao declarada pelo FRED); mes_referencia DERIVADO (mes do release - 1)
1981-04-23,8:30 AM,March 1981,FRED release/dates id=10 (Consumer Price Index); hora=padrão BLS 8:30 ET (nao declarada pelo FRED); mes_referencia DERIVADO (mes do release - 1)
1981-05-22,8:30 AM,April 1981,FRED release/dates id=10 (Consumer Price Index); hora=padrão BLS 8:30 ET (nao declarada pelo FRED); mes_referencia DERIVADO (mes do release - 1)
1981-06-23,8:30 AM,May 1981,FRED release/dates id=10 (Consumer Price Index); hora=padrão BLS 8:30 ET (nao declarada pelo FRED); mes_referencia DERIVADO (mes do release - 1)
1981-07-23,8:30 AM,June 1981,FRED release/dates id=10 (Consumer Price Index); hora=padrão BLS 8:30 ET (nao declarada pelo FRED); mes_referencia DERIVADO (mes do release - 1)
1981-08-25,8:30 AM,July 1981,FRED release/dates id=10 (Consumer Price Index); hora=padrão BLS 8:30 ET (nao declarada pelo FRED); mes_referencia DERIVADO (mes do release - 1)
1981-09-24,8:30 AM,August 1981,FRED release/dates id=10 (Consumer Price Index); hora=padrão BLS 8:30 ET (nao declarada pelo FRED); mes_referencia DERIVADO (mes do release - 1)
1981-10-23,8:30 AM,September 1981,FRED release/dates id=10 (Consumer Price Index); hora=padrão BLS 8:30 ET (nao declarada pelo FRED); mes_referencia DERIVADO (mes do release - 1)
1981-11-24,8:30 AM,October 1981,FRED release/dates id=10 (Consumer Price Index); hora=padrão BLS 8:30 ET (nao declarada pelo FRED); mes_referencia DERIVADO (mes do release - 1)
1981-12-22,8:30 AM,November 1981,FRED release/dates id=10 (Consumer Price Index); hora=padrão BLS 8:30 ET (nao declarada pelo FRED); mes_referencia DERIVADO (mes do release - 1)
1982-01-22,8:30 AM,December 1981,FRED release/dates id=10 (Consumer Price Index); hora=padrão BLS 8:30 ET (nao declarada pelo FRED); mes_referencia DERIVADO (mes do release - 1)
1982-02-25,8:30 AM,January 1982,FRED release/dates id=10 (Consumer Price Index); hora=padrão BLS 8:30 ET (nao declarada pelo FRED); mes_referencia DERIVADO (mes do release - 1)
1982-03-23,8:30 AM,February 1982,FRED release/dates id=10 (Consumer Price Index); hora=padrão BLS 8:30 ET (nao declarada pelo FRED); mes_referencia DERIVADO (mes do release - 1)
1982-04-23,8:30 AM,March 1982,FRED release/dates id=10 (Consumer Price Index); hora=padrão BLS 8:30 ET (nao declarada pelo FRED); mes_referencia DERIVADO (mes do release - 1)
1982-05-21,8:30 AM,April 1982,FRED release/dates id=10 (Consumer Price Index); hora=padrão BLS 8:30 ET (nao declarada pelo FRED); mes_referencia DERIVADO (mes do release - 1)
1982-06-22,8:30 AM,May 1982,FRED release/dates id=10 (Consumer Price Index); hora=padrão BLS 8:30 ET (nao declarada pelo FRED); mes_referencia DERIVADO (mes do release - 1)
1982-07-23,8:30 AM,June 1982,FRED release/dates id=10 (Consumer Price Index); hora=padrão BLS 8:30 ET (nao declarada pelo FRED); mes_referencia DERIVADO (mes do release - 1)
1982-08-24,8:30 AM,July 1982,FRED release/dates id=10 (Consumer Price Index); hora=padrão BLS 8:30 ET (nao declarada pelo FRED); mes_referencia DERIVADO (mes do release - 1)
1982-09-23,8:30 AM,August 1982,FRED release/dates id=10 (Consumer Price Index); hora=padrão BLS 8:30 ET (nao declarada pelo FRED); mes_referencia DERIVADO (mes do release - 1)
1982-10-26,8:30 AM,September 1982,FRED release/dates id=10 (Consumer Price Index); hora=padrão BLS 8:30 ET (nao declarada pelo FRED); mes_referencia DERIVADO (mes do release - 1)
1982-11-23,8:30 AM,October 1982,FRED release/dates id=10 (Consumer Price Index); hora=padrão BLS 8:30 ET (nao declarada pelo FRED); mes_referencia DERIVADO (mes do release - 1)
1982-12-21,8:30 AM,November 1982,FRED release/dates id=10 (Consumer Price Index); hora=padrão BLS 8:30 ET (nao declarada pelo FRED); mes_referencia DERIVADO (mes do release - 1)
1983-01-21,8:30 AM,December 1982,FRED release/dates id=10 (Consumer Price Index); hora=padrão BLS 8:30 ET (nao declarada pelo FRED); mes_referencia DERIVADO (mes do release - 1)
1983-02-25,8:30 AM,January 1983,FRED release/dates id=10 (Consumer Price Index); hora=padrão BLS 8:30 ET (nao declarada pelo FRED); mes_referencia DERIVADO (mes do release - 1)
1983-03-23,8:30 AM,February 1983,FRED release/dates id=10 (Consumer Price Index); hora=padrão BLS 8:30 ET (nao declarada pelo FRED); mes_referencia DERIVADO (mes do release - 1)
1983-04-22,8:30 AM,March 1983,FRED release/dates id=10 (Consumer Price Index); hora=padrão BLS 8:30 ET (nao declarada pelo FRED); mes_referencia DERIVADO (mes do release - 1)
1983-05-24,8:30 AM,April 1983,FRED release/dates id=10 (Consumer Price Index); hora=padrão BLS 8:30 ET (nao declarada pelo FRED); mes_referencia DERIVADO (mes do release - 1)
1983-06-22,8:30 AM,May 1983,FRED release/dates id=10 (Consumer Price Index); hora=padrão BLS 8:30 ET (nao declarada pelo FRED); mes_referencia DERIVADO (mes do release - 1)
1983-07-22,8:30 AM,June 1983,FRED release/dates id=10 (Consumer Price Index); hora=padrão BLS 8:30 ET (nao declarada pelo FRED); mes_referencia DERIVADO (mes do release - 1)
1983-08-23,8:30 AM,July 1983,FRED release/dates id=10 (Consumer Price Index); hora=padrão BLS 8:30 ET (nao declarada pelo FRED); mes_referencia DERIVADO (mes do release - 1)
1983-09-23,8:30 AM,August 1983,FRED release/dates id=10 (Consumer Price Index); hora=padrão BLS 8:30 ET (nao declarada pelo FRED); mes_referencia DERIVADO (mes do release - 1)
1983-10-25,8:30 AM,September 1983,FRED release/dates id=10 (Consumer Price Index); hora=padrão BLS 8:30 ET (nao declarada pelo FRED); mes_referencia DERIVADO (mes do release - 1)
1983-11-23,8:30 AM,October 1983,FRED release/dates id=10 (Consumer Price Index); hora=padrão BLS 8:30 ET (nao declarada pelo FRED); mes_referencia DERIVADO (mes do release - 1)
1983-12-21,8:30 AM,November 1983,FRED release/dates id=10 (Consumer Price Index); hora=padrão BLS 8:30 ET (nao declarada pelo FRED); mes_referencia DERIVADO (mes do release - 1)
1984-01-24,8:30 AM,December 1983,FRED release/dates id=10 (Consumer Price Index); hora=padrão BLS 8:30 ET (nao declarada pelo FRED); mes_referencia DERIVADO (mes do release - 1)
1984-02-24,8:30 AM,January 1984,FRED release/dates id=10 (Consumer Price Index); hora=padrão BLS 8:30 ET (nao declarada pelo FRED); mes_referencia DERIVADO (mes do release - 1)
1984-03-23,8:30 AM,February 1984,FRED release/dates id=10 (Consumer Price Index); hora=padrão BLS 8:30 ET (nao declarada pelo FRED); mes_referencia DERIVADO (mes do release - 1)
1984-04-24,8:30 AM,March 1984,FRED release/dates id=10 (Consumer Price Index); hora=padrão BLS 8:30 ET (nao declarada pelo FRED); mes_referencia DERIVADO (mes do release - 1)
1984-05-22,8:30 AM,April 1984,FRED release/dates id=10 (Consumer Price Index); hora=padrão BLS 8:30 ET (nao declarada pelo FRED); mes_referencia DERIVADO (mes do release - 1)
1984-06-22,8:30 AM,May 1984,FRED release/dates id=10 (Consumer Price Index); hora=padrão BLS 8:30 ET (nao declarada pelo FRED); mes_referencia DERIVADO (mes do release - 1)
1984-07-24,8:30 AM,June 1984,FRED release/dates id=10 (Consumer Price Index); hora=padrão BLS 8:30 ET (nao declarada pelo FRED); mes_referencia DERIVADO (mes do release - 1)
1984-08-22,8:30 AM,July 1984,FRED release/dates id=10 (Consumer Price Index); hora=padrão BLS 8:30 ET (nao declarada pelo FRED); mes_referencia DERIVADO (mes do release - 1)
1984-09-21,8:30 AM,August 1984,FRED release/dates id=10 (Consumer Price Index); hora=padrão BLS 8:30 ET (nao declarada pelo FRED); mes_referencia DERIVADO (mes do release - 1)
1984-10-24,8:30 AM,September 1984,FRED release/dates id=10 (Consumer Price Index); hora=padrão BLS 8:30 ET (nao declarada pelo FRED); mes_referencia DERIVADO (mes do release - 1)
1984-11-21,8:30 AM,October 1984,FRED release/dates id=10 (Consumer Price Index); hora=padrão BLS 8:30 ET (nao declarada pelo FRED); mes_referencia DERIVADO (mes do release - 1)
1984-12-20,8:30 AM,November 1984,FRED release/dates id=10 (Consumer Price Index); hora=padrão BLS 8:30 ET (nao declarada pelo FRED); mes_referencia DERIVADO (mes do release - 1)
1985-01-23,8:30 AM,December 1984,FRED release/dates id=10 (Consumer Price Index); hora=padrão BLS 8:30 ET (nao declarada pelo FRED); mes_referencia DERIVADO (mes do release - 1)
1985-02-26,8:30 AM,January 1985,FRED release/dates id=10 (Consumer Price Index); hora=padrão BLS 8:30 ET (nao declarada pelo FRED); mes_referencia DERIVADO (mes do release - 1)
1985-03-22,8:30 AM,February 1985,FRED release/dates id=10 (Consumer Price Index); hora=padrão BLS 8:30 ET (nao declarada pelo FRED); mes_referencia DERIVADO (mes do release - 1)
1985-04-23,8:30 AM,March 1985,FRED release/dates id=10 (Consumer Price Index); hora=padrão BLS 8:30 ET (nao declarada pelo FRED); mes_referencia DERIVADO (mes do release - 1)
1985-05-21,8:30 AM,April 1985,FRED release/dates id=10 (Consumer Price Index); hora=padrão BLS 8:30 ET (nao declarada pelo FRED); mes_referencia DERIVADO (mes do release - 1)
1985-06-20,8:30 AM,May 1985,FRED release/dates id=10 (Consumer Price Index); hora=padrão BLS 8:30 ET (nao declarada pelo FRED); mes_referencia DERIVADO (mes do release - 1)
1985-07-23,8:30 AM,June 1985,FRED release/dates id=10 (Consumer Price Index); hora=padrão BLS 8:30 ET (nao declarada pelo FRED); mes_referencia DERIVADO (mes do release - 1)
1985-08-22,8:30 AM,July 1985,FRED release/dates id=10 (Consumer Price Index); hora=padrão BLS 8:30 ET (nao declarada pelo FRED); mes_referencia DERIVADO (mes do release - 1)
1985-09-24,8:30 AM,August 1985,FRED release/dates id=10 (Consumer Price Index); hora=padrão BLS 8:30 ET (nao declarada pelo FRED); mes_referencia DERIVADO (mes do release - 1)
1985-10-23,8:30 AM,September 1985,FRED release/dates id=10 (Consumer Price Index); hora=padrão BLS 8:30 ET (nao declarada pelo FRED); mes_referencia DERIVADO (mes do release - 1)
1985-11-22,8:30 AM,October 1985,FRED release/dates id=10 (Consumer Price Index); hora=padrão BLS 8:30 ET (nao declarada pelo FRED); mes_referencia DERIVADO (mes do release - 1)
1985-12-20,8:30 AM,November 1985,FRED release/dates id=10 (Consumer Price Index); hora=padrão BLS 8:30 ET (nao declarada pelo FRED); mes_referencia DERIVADO (mes do release - 1)
1986-01-22,8:30 AM,December 1985,FRED release/dates id=10 (Consumer Price Index); hora=padrão BLS 8:30 ET (nao declarada pelo FRED); mes_referencia DERIVADO (mes do release - 1)
1986-02-25,8:30 AM,January 1986,FRED release/dates id=10 (Consumer Price Index); hora=padrão BLS 8:30 ET (nao declarada pelo FRED); mes_referencia DERIVADO (mes do release - 1)
1986-03-25,8:30 AM,February 1986,FRED release/dates id=10 (Consumer Price Index); hora=padrão BLS 8:30 ET (nao declarada pelo FRED); mes_referencia DERIVADO (mes do release - 1)
1986-04-22,8:30 AM,March 1986,FRED release/dates id=10 (Consumer Price Index); hora=padrão BLS 8:30 ET (nao declarada pelo FRED); mes_referencia DERIVADO (mes do release - 1)
1986-05-21,8:30 AM,April 1986,FRED release/dates id=10 (Consumer Price Index); hora=padrão BLS 8:30 ET (nao declarada pelo FRED); mes_referencia DERIVADO (mes do release - 1)
1986-06-20,8:30 AM,May 1986,FRED release/dates id=10 (Consumer Price Index); hora=padrão BLS 8:30 ET (nao declarada pelo FRED); mes_referencia DERIVADO (mes do release - 1)
1986-07-23,8:30 AM,June 1986,FRED release/dates id=10 (Consumer Price Index); hora=padrão BLS 8:30 ET (nao declarada pelo FRED); mes_referencia DERIVADO (mes do release - 1)
1986-08-21,8:30 AM,July 1986,FRED release/dates id=10 (Consumer Price Index); hora=padrão BLS 8:30 ET (nao declarada pelo FRED); mes_referencia DERIVADO (mes do release - 1)
1986-09-23,8:30 AM,August 1986,FRED release/dates id=10 (Consumer Price Index); hora=padrão BLS 8:30 ET (nao declarada pelo FRED); mes_referencia DERIVADO (mes do release - 1)
1986-10-23,8:30 AM,September 1986,FRED release/dates id=10 (Consumer Price Index); hora=padrão BLS 8:30 ET (nao declarada pelo FRED); mes_referencia DERIVADO (mes do release - 1)
1986-11-25,8:30 AM,October 1986,FRED release/dates id=10 (Consumer Price Index); hora=padrão BLS 8:30 ET (nao declarada pelo FRED); mes_referencia DERIVADO (mes do release - 1)
1986-12-19,8:30 AM,November 1986,FRED release/dates id=10 (Consumer Price Index); hora=padrão BLS 8:30 ET (nao declarada pelo FRED); mes_referencia DERIVADO (mes do release - 1)
1987-01-21,8:30 AM,December 1986,FRED release/dates id=10 (Consumer Price Index); hora=padrão BLS 8:30 ET (nao declarada pelo FRED); mes_referencia DERIVADO (mes do release - 1)
1987-02-27,8:30 AM,January 1987,FRED release/dates id=10 (Consumer Price Index); hora=padrão BLS 8:30 ET (nao declarada pelo FRED); mes_referencia DERIVADO (mes do release - 1)
1987-03-27,8:30 AM,February 1987,FRED release/dates id=10 (Consumer Price Index); hora=padrão BLS 8:30 ET (nao declarada pelo FRED); mes_referencia DERIVADO (mes do release - 1)
1987-04-24,8:30 AM,March 1987,FRED release/dates id=10 (Consumer Price Index); hora=padrão BLS 8:30 ET (nao declarada pelo FRED); mes_referencia DERIVADO (mes do release - 1)
1987-05-22,8:30 AM,April 1987,FRED release/dates id=10 (Consumer Price Index); hora=padrão BLS 8:30 ET (nao declarada pelo FRED); mes_referencia DERIVADO (mes do release - 1)
1987-06-23,8:30 AM,May 1987,FRED release/dates id=10 (Consumer Price Index); hora=padrão BLS 8:30 ET (nao declarada pelo FRED); mes_referencia DERIVADO (mes do release - 1)
1987-07-22,8:30 AM,June 1987,FRED release/dates id=10 (Consumer Price Index); hora=padrão BLS 8:30 ET (nao declarada pelo FRED); mes_referencia DERIVADO (mes do release - 1)
1987-08-21,8:30 AM,July 1987,FRED release/dates id=10 (Consumer Price Index); hora=padrão BLS 8:30 ET (nao declarada pelo FRED); mes_referencia DERIVADO (mes do release - 1)
1987-09-23,8:30 AM,August 1987,FRED release/dates id=10 (Consumer Price Index); hora=padrão BLS 8:30 ET (nao declarada pelo FRED); mes_referencia DERIVADO (mes do release - 1)
1987-10-23,8:30 AM,September 1987,FRED release/dates id=10 (Consumer Price Index); hora=padrão BLS 8:30 ET (nao declarada pelo FRED); mes_referencia DERIVADO (mes do release - 1)
1987-11-20,8:30 AM,October 1987,FRED release/dates id=10 (Consumer Price Index); hora=padrão BLS 8:30 ET (nao declarada pelo FRED); mes_referencia DERIVADO (mes do release - 1)
1987-12-18,8:30 AM,November 1987,FRED release/dates id=10 (Consumer Price Index); hora=padrão BLS 8:30 ET (nao declarada pelo FRED); mes_referencia DERIVADO (mes do release - 1)
1988-01-20,8:30 AM,December 1987,FRED release/dates id=10 (Consumer Price Index); hora=padrão BLS 8:30 ET (nao declarada pelo FRED); mes_referencia DERIVADO (mes do release - 1)
1988-02-26,8:30 AM,January 1988,FRED release/dates id=10 (Consumer Price Index); hora=padrão BLS 8:30 ET (nao declarada pelo FRED); mes_referencia DERIVADO (mes do release - 1)
1988-03-23,8:30 AM,February 1988,FRED release/dates id=10 (Consumer Price Index); hora=padrão BLS 8:30 ET (nao declarada pelo FRED); mes_referencia DERIVADO (mes do release - 1)
1988-04-20,8:30 AM,March 1988,FRED release/dates id=10 (Consumer Price Index); hora=padrão BLS 8:30 ET (nao declarada pelo FRED); mes_referencia DERIVADO (mes do release - 1)
1988-05-20,8:30 AM,April 1988,FRED release/dates id=10 (Consumer Price Index); hora=padrão BLS 8:30 ET (nao declarada pelo FRED); mes_referencia DERIVADO (mes do release - 1)
1988-06-21,8:30 AM,May 1988,FRED release/dates id=10 (Consumer Price Index); hora=padrão BLS 8:30 ET (nao declarada pelo FRED); mes_referencia DERIVADO (mes do release - 1)
1988-07-22,8:30 AM,June 1988,FRED release/dates id=10 (Consumer Price Index); hora=padrão BLS 8:30 ET (nao declarada pelo FRED); mes_referencia DERIVADO (mes do release - 1)
1988-08-23,8:30 AM,July 1988,FRED release/dates id=10 (Consumer Price Index); hora=padrão BLS 8:30 ET (nao declarada pelo FRED); mes_referencia DERIVADO (mes do release - 1)
1988-09-21,8:30 AM,August 1988,FRED release/dates id=10 (Consumer Price Index); hora=padrão BLS 8:30 ET (nao declarada pelo FRED); mes_referencia DERIVADO (mes do release - 1)
1988-10-21,8:30 AM,September 1988,FRED release/dates id=10 (Consumer Price Index); hora=padrão BLS 8:30 ET (nao declarada pelo FRED); mes_referencia DERIVADO (mes do release - 1)
1988-11-22,8:30 AM,October 1988,FRED release/dates id=10 (Consumer Price Index); hora=padrão BLS 8:30 ET (nao declarada pelo FRED); mes_referencia DERIVADO (mes do release - 1)
1988-12-20,8:30 AM,November 1988,FRED release/dates id=10 (Consumer Price Index); hora=padrão BLS 8:30 ET (nao declarada pelo FRED); mes_referencia DERIVADO (mes do release - 1)
1989-01-19,8:30 AM,December 1988,FRED release/dates id=10 (Consumer Price Index); hora=padrão BLS 8:30 ET (nao declarada pelo FRED); mes_referencia DERIVADO (mes do release - 1)
1989-02-22,8:30 AM,January 1989,FRED release/dates id=10 (Consumer Price Index); hora=padrão BLS 8:30 ET (nao declarada pelo FRED); mes_referencia DERIVADO (mes do release - 1)
1989-03-21,8:30 AM,February 1989,FRED release/dates id=10 (Consumer Price Index); hora=padrão BLS 8:30 ET (nao declarada pelo FRED); mes_referencia DERIVADO (mes do release - 1)
1989-04-18,8:30 AM,March 1989,FRED release/dates id=10 (Consumer Price Index); hora=padrão BLS 8:30 ET (nao declarada pelo FRED); mes_referencia DERIVADO (mes do release - 1)
1989-05-18,8:30 AM,April 1989,FRED release/dates id=10 (Consumer Price Index); hora=padrão BLS 8:30 ET (nao declarada pelo FRED); mes_referencia DERIVADO (mes do release - 1)
1989-06-16,8:30 AM,May 1989,FRED release/dates id=10 (Consumer Price Index); hora=padrão BLS 8:30 ET (nao declarada pelo FRED); mes_referencia DERIVADO (mes do release - 1)
1989-07-19,8:30 AM,June 1989,FRED release/dates id=10 (Consumer Price Index); hora=padrão BLS 8:30 ET (nao declarada pelo FRED); mes_referencia DERIVADO (mes do release - 1)
1989-08-18,8:30 AM,July 1989,FRED release/dates id=10 (Consumer Price Index); hora=padrão BLS 8:30 ET (nao declarada pelo FRED); mes_referencia DERIVADO (mes do release - 1)
1989-09-19,8:30 AM,August 1989,FRED release/dates id=10 (Consumer Price Index); hora=padrão BLS 8:30 ET (nao declarada pelo FRED); mes_referencia DERIVADO (mes do release - 1)
1989-10-19,8:30 AM,September 1989,FRED release/dates id=10 (Consumer Price Index); hora=padrão BLS 8:30 ET (nao declarada pelo FRED); mes_referencia DERIVADO (mes do release - 1)
1989-11-21,8:30 AM,October 1989,FRED release/dates id=10 (Consumer Price Index); hora=padrão BLS 8:30 ET (nao declarada pelo FRED); mes_referencia DERIVADO (mes do release - 1)
1989-12-19,8:30 AM,November 1989,FRED release/dates id=10 (Consumer Price Index); hora=padrão BLS 8:30 ET (nao declarada pelo FRED); mes_referencia DERIVADO (mes do release - 1)
1990-01-18,8:30 AM,December 1989,FRED release/dates id=10 (Consumer Price Index); hora=padrão BLS 8:30 ET (nao declarada pelo FRED); mes_referencia DERIVADO (mes do release - 1)
1990-02-21,8:30 AM,January 1990,FRED release/dates id=10 (Consumer Price Index); hora=padrão BLS 8:30 ET (nao declarada pelo FRED); mes_referencia DERIVADO (mes do release - 1)
1990-03-20,8:30 AM,February 1990,FRED release/dates id=10 (Consumer Price Index); hora=padrão BLS 8:30 ET (nao declarada pelo FRED); mes_referencia DERIVADO (mes do release - 1)
1990-04-17,8:30 AM,March 1990,FRED release/dates id=10 (Consumer Price Index); hora=padrão BLS 8:30 ET (nao declarada pelo FRED); mes_referencia DERIVADO (mes do release - 1)
1990-05-16,8:30 AM,April 1990,FRED release/dates id=10 (Consumer Price Index); hora=padrão BLS 8:30 ET (nao declarada pelo FRED); mes_referencia DERIVADO (mes do release - 1)
1990-06-15,8:30 AM,May 1990,FRED release/dates id=10 (Consumer Price Index); hora=padrão BLS 8:30 ET (nao declarada pelo FRED); mes_referencia DERIVADO (mes do release - 1)
1990-07-18,8:30 AM,June 1990,FRED release/dates id=10 (Consumer Price Index); hora=padrão BLS 8:30 ET (nao declarada pelo FRED); mes_referencia DERIVADO (mes do release - 1)
1990-08-16,8:30 AM,July 1990,FRED release/dates id=10 (Consumer Price Index); hora=padrão BLS 8:30 ET (nao declarada pelo FRED); mes_referencia DERIVADO (mes do release - 1)
1990-09-18,8:30 AM,August 1990,FRED release/dates id=10 (Consumer Price Index); hora=padrão BLS 8:30 ET (nao declarada pelo FRED); mes_referencia DERIVADO (mes do release - 1)
1990-10-18,8:30 AM,September 1990,FRED release/dates id=10 (Consumer Price Index); hora=padrão BLS 8:30 ET (nao declarada pelo FRED); mes_referencia DERIVADO (mes do release - 1)
1990-11-16,8:30 AM,October 1990,FRED release/dates id=10 (Consumer Price Index); hora=padrão BLS 8:30 ET (nao declarada pelo FRED); mes_referencia DERIVADO (mes do release - 1)
1990-12-18,8:30 AM,November 1990,FRED release/dates id=10 (Consumer Price Index); hora=padrão BLS 8:30 ET (nao declarada pelo FRED); mes_referencia DERIVADO (mes do release - 1)
1991-01-16,8:30 AM,December 1990,FRED release/dates id=10 (Consumer Price Index); hora=padrão BLS 8:30 ET (nao declarada pelo FRED); mes_referencia DERIVADO (mes do release - 1)
1991-02-20,8:30 AM,January 1991,FRED release/dates id=10 (Consumer Price Index); hora=padrão BLS 8:30 ET (nao declarada pelo FRED); mes_referencia DERIVADO (mes do release - 1)
1991-03-19,8:30 AM,February 1991,FRED release/dates id=10 (Consumer Price Index); hora=padrão BLS 8:30 ET (nao declarada pelo FRED); mes_referencia DERIVADO (mes do release - 1)
1991-04-12,8:30 AM,March 1991,FRED release/dates id=10 (Consumer Price Index); hora=padrão BLS 8:30 ET (nao declarada pelo FRED); mes_referencia DERIVADO (mes do release - 1)
1991-05-14,8:30 AM,April 1991,FRED release/dates id=10 (Consumer Price Index); hora=padrão BLS 8:30 ET (nao declarada pelo FRED); mes_referencia DERIVADO (mes do release - 1)
1991-06-14,8:30 AM,May 1991,FRED release/dates id=10 (Consumer Price Index); hora=padrão BLS 8:30 ET (nao declarada pelo FRED); mes_referencia DERIVADO (mes do release - 1)
1991-07-17,8:30 AM,June 1991,FRED release/dates id=10 (Consumer Price Index); hora=padrão BLS 8:30 ET (nao declarada pelo FRED); mes_referencia DERIVADO (mes do release - 1)
1991-08-14,8:30 AM,July 1991,FRED release/dates id=10 (Consumer Price Index); hora=padrão BLS 8:30 ET (nao declarada pelo FRED); mes_referencia DERIVADO (mes do release - 1)
1991-09-13,8:30 AM,August 1991,FRED release/dates id=10 (Consumer Price Index); hora=padrão BLS 8:30 ET (nao declarada pelo FRED); mes_referencia DERIVADO (mes do release - 1)
1991-10-17,8:30 AM,September 1991,FRED release/dates id=10 (Consumer Price Index); hora=padrão BLS 8:30 ET (nao declarada pelo FRED); mes_referencia DERIVADO (mes do release - 1)
1991-11-14,8:30 AM,October 1991,FRED release/dates id=10 (Consumer Price Index); hora=padrão BLS 8:30 ET (nao declarada pelo FRED); mes_referencia DERIVADO (mes do release - 1)
1991-12-13,8:30 AM,November 1991,FRED release/dates id=10 (Consumer Price Index); hora=padrão BLS 8:30 ET (nao declarada pelo FRED); mes_referencia DERIVADO (mes do release - 1)
1992-01-16,8:30 AM,December 1991,FRED release/dates id=10 (Consumer Price Index); hora=padrão BLS 8:30 ET (nao declarada pelo FRED); mes_referencia DERIVADO (mes do release - 1)
1992-02-19,8:30 AM,January 1992,FRED release/dates id=10 (Consumer Price Index); hora=padrão BLS 8:30 ET (nao declarada pelo FRED); mes_referencia DERIVADO (mes do release - 1)
1992-03-17,8:30 AM,February 1992,FRED release/dates id=10 (Consumer Price Index); hora=padrão BLS 8:30 ET (nao declarada pelo FRED); mes_referencia DERIVADO (mes do release - 1)
1992-04-10,8:30 AM,March 1992,FRED release/dates id=10 (Consumer Price Index); hora=padrão BLS 8:30 ET (nao declarada pelo FRED); mes_referencia DERIVADO (mes do release - 1)
1992-05-13,8:30 AM,April 1992,FRED release/dates id=10 (Consumer Price Index); hora=padrão BLS 8:30 ET (nao declarada pelo FRED); mes_referencia DERIVADO (mes do release - 1)
1992-06-12,8:30 AM,May 1992,FRED release/dates id=10 (Consumer Price Index); hora=padrão BLS 8:30 ET (nao declarada pelo FRED); mes_referencia DERIVADO (mes do release - 1)
1992-07-14,8:30 AM,June 1992,FRED release/dates id=10 (Consumer Price Index); hora=padrão BLS 8:30 ET (nao declarada pelo FRED); mes_referencia DERIVADO (mes do release - 1)
1992-08-13,8:30 AM,July 1992,FRED release/dates id=10 (Consumer Price Index); hora=padrão BLS 8:30 ET (nao declarada pelo FRED); mes_referencia DERIVADO (mes do release - 1)
1992-09-15,8:30 AM,August 1992,FRED release/dates id=10 (Consumer Price Index); hora=padrão BLS 8:30 ET (nao declarada pelo FRED); mes_referencia DERIVADO (mes do release - 1)
1992-10-15,8:30 AM,September 1992,FRED release/dates id=10 (Consumer Price Index); hora=padrão BLS 8:30 ET (nao declarada pelo FRED); mes_referencia DERIVADO (mes do release - 1)
1992-11-13,8:30 AM,October 1992,FRED release/dates id=10 (Consumer Price Index); hora=padrão BLS 8:30 ET (nao declarada pelo FRED); mes_referencia DERIVADO (mes do release - 1)
1992-12-13,8:30 AM,November 1992,FRED release/dates id=10 (Consumer Price Index); hora=padrão BLS 8:30 ET (nao declarada pelo FRED); mes_referencia DERIVADO (mes do release - 1)
1993-01-15,8:30 AM,December 1992,FRED release/dates id=10 (Consumer Price Index); hora=padrão BLS 8:30 ET (nao declarada pelo FRED); mes_referencia DERIVADO (mes do release - 1)
1993-02-18,8:30 AM,January 1993,FRED release/dates id=10 (Consumer Price Index); hora=padrão BLS 8:30 ET (nao declarada pelo FRED); mes_referencia DERIVADO (mes do release - 1)
1993-03-17,8:30 AM,February 1993,FRED release/dates id=10 (Consumer Price Index); hora=padrão BLS 8:30 ET (nao declarada pelo FRED); mes_referencia DERIVADO (mes do release - 1)
1993-04-09,8:30 AM,March 1993,FRED release/dates id=10 (Consumer Price Index); hora=padrão BLS 8:30 ET (nao declarada pelo FRED); mes_referencia DERIVADO (mes do release - 1)
1993-05-13,8:30 AM,April 1993,FRED release/dates id=10 (Consumer Price Index); hora=padrão BLS 8:30 ET (nao declarada pelo FRED); mes_referencia DERIVADO (mes do release - 1)
1993-06-15,8:30 AM,May 1993,FRED release/dates id=10 (Consumer Price Index); hora=padrão BLS 8:30 ET (nao declarada pelo FRED); mes_referencia DERIVADO (mes do release - 1)
1993-07-14,8:30 AM,June 1993,FRED release/dates id=10 (Consumer Price Index); hora=padrão BLS 8:30 ET (nao declarada pelo FRED); mes_referencia DERIVADO (mes do release - 1)
1993-08-13,8:30 AM,July 1993,FRED release/dates id=10 (Consumer Price Index); hora=padrão BLS 8:30 ET (nao declarada pelo FRED); mes_referencia DERIVADO (mes do release - 1)
1993-09-14,8:30 AM,August 1993,FRED release/dates id=10 (Consumer Price Index); hora=padrão BLS 8:30 ET (nao declarada pelo FRED); mes_referencia DERIVADO (mes do release - 1)
1993-10-15,8:30 AM,September 1993,FRED release/dates id=10 (Consumer Price Index); hora=padrão BLS 8:30 ET (nao declarada pelo FRED); mes_referencia DERIVADO (mes do release - 1)
1993-11-10,8:30 AM,October 1993,FRED release/dates id=10 (Consumer Price Index); hora=padrão BLS 8:30 ET (nao declarada pelo FRED); mes_referencia DERIVADO (mes do release - 1)
1993-12-10,8:30 AM,November 1993,FRED release/dates id=10 (Consumer Price Index); hora=padrão BLS 8:30 ET (nao declarada pelo FRED); mes_referencia DERIVADO (mes do release - 1)
1994-01-13,8:30 AM,December 1993,FRED release/dates id=10 (Consumer Price Index); hora=padrão BLS 8:30 ET (nao declarada pelo FRED); mes_referencia DERIVADO (mes do release - 1)
1994-02-17,8:30 AM,January 1994,FRED release/dates id=10 (Consumer Price Index); hora=padrão BLS 8:30 ET (nao declarada pelo FRED); mes_referencia DERIVADO (mes do release - 1)
1994-03-16,8:30 AM,February 1994,FRED release/dates id=10 (Consumer Price Index); hora=padrão BLS 8:30 ET (nao declarada pelo FRED); mes_referencia DERIVADO (mes do release - 1)
1994-04-13,8:30 AM,March 1994,FRED release/dates id=10 (Consumer Price Index); hora=padrão BLS 8:30 ET (nao declarada pelo FRED); mes_referencia DERIVADO (mes do release - 1)
1994-05-13,8:30 AM,April 1994,FRED release/dates id=10 (Consumer Price Index); hora=padrão BLS 8:30 ET (nao declarada pelo FRED); mes_referencia DERIVADO (mes do release - 1)
1994-06-14,8:30 AM,May 1994,FRED release/dates id=10 (Consumer Price Index); hora=padrão BLS 8:30 ET (nao declarada pelo FRED); mes_referencia DERIVADO (mes do release - 1)
1994-07-13,8:30 AM,June 1994,FRED release/dates id=10 (Consumer Price Index); hora=padrão BLS 8:30 ET (nao declarada pelo FRED); mes_referencia DERIVADO (mes do release - 1)
1994-08-12,8:30 AM,July 1994,FRED release/dates id=10 (Consumer Price Index); hora=padrão BLS 8:30 ET (nao declarada pelo FRED); mes_referencia DERIVADO (mes do release - 1)
1994-09-13,8:30 AM,August 1994,FRED release/dates id=10 (Consumer Price Index); hora=padrão BLS 8:30 ET (nao declarada pelo FRED); mes_referencia DERIVADO (mes do release - 1)
1994-10-14,8:30 AM,September 1994,FRED release/dates id=10 (Consumer Price Index); hora=padrão BLS 8:30 ET (nao declarada pelo FRED); mes_referencia DERIVADO (mes do release - 1)
1994-11-16,8:30 AM,October 1994,FRED release/dates id=10 (Consumer Price Index); hora=padrão BLS 8:30 ET (nao declarada pelo FRED); mes_referencia DERIVADO (mes do release - 1)
1994-12-14,8:30 AM,November 1994,FRED release/dates id=10 (Consumer Price Index); hora=padrão BLS 8:30 ET (nao declarada pelo FRED); mes_referencia DERIVADO (mes do release - 1)
1995-01-11,8:30 AM,December 1994,FRED release/dates id=10 (Consumer Price Index); hora=padrão BLS 8:30 ET (nao declarada pelo FRED); mes_referencia DERIVADO (mes do release - 1)
1995-02-15,8:30 AM,January 1995,FRED release/dates id=10 (Consumer Price Index); hora=padrão BLS 8:30 ET (nao declarada pelo FRED); mes_referencia DERIVADO (mes do release - 1)
1995-03-16,8:30 AM,February 1995,FRED release/dates id=10 (Consumer Price Index); hora=padrão BLS 8:30 ET (nao declarada pelo FRED); mes_referencia DERIVADO (mes do release - 1)
1995-04-12,8:30 AM,March 1995,FRED release/dates id=10 (Consumer Price Index); hora=padrão BLS 8:30 ET (nao declarada pelo FRED); mes_referencia DERIVADO (mes do release - 1)
1995-05-12,8:30 AM,April 1995,FRED release/dates id=10 (Consumer Price Index); hora=padrão BLS 8:30 ET (nao declarada pelo FRED); mes_referencia DERIVADO (mes do release - 1)
1995-06-13,8:30 AM,May 1995,FRED release/dates id=10 (Consumer Price Index); hora=padrão BLS 8:30 ET (nao declarada pelo FRED); mes_referencia DERIVADO (mes do release - 1)
1995-07-14,8:30 AM,June 1995,FRED release/dates id=10 (Consumer Price Index); hora=padrão BLS 8:30 ET (nao declarada pelo FRED); mes_referencia DERIVADO (mes do release - 1)
1995-08-11,8:30 AM,July 1995,FRED release/dates id=10 (Consumer Price Index); hora=padrão BLS 8:30 ET (nao declarada pelo FRED); mes_referencia DERIVADO (mes do release - 1)
1995-09-13,8:30 AM,August 1995,FRED release/dates id=10 (Consumer Price Index); hora=padrão BLS 8:30 ET (nao declarada pelo FRED); mes_referencia DERIVADO (mes do release - 1)
1995-10-13,8:30 AM,September 1995,FRED release/dates id=10 (Consumer Price Index); hora=padrão BLS 8:30 ET (nao declarada pelo FRED); mes_referencia DERIVADO (mes do release - 1)
1995-11-15,8:30 AM,October 1995,FRED release/dates id=10 (Consumer Price Index); hora=padrão BLS 8:30 ET (nao declarada pelo FRED); mes_referencia DERIVADO (mes do release - 1)
1995-12-14,8:30 AM,November 1995,FRED release/dates id=10 (Consumer Price Index); hora=padrão BLS 8:30 ET (nao declarada pelo FRED); mes_referencia DERIVADO (mes do release - 1)
1996-02-01,8:30 AM,January 1996,FRED release/dates id=10 (Consumer Price Index); hora=padrão BLS 8:30 ET (nao declarada pelo FRED); mes_referencia DERIVADO (mes do release - 1)
1996-02-28,8:30 AM,January 1996,FRED release/dates id=10 (Consumer Price Index); hora=padrão BLS 8:30 ET (nao declarada pelo FRED); mes_referencia DERIVADO (mes do release - 1)
1996-03-15,8:30 AM,February 1996,FRED release/dates id=10 (Consumer Price Index); hora=padrão BLS 8:30 ET (nao declarada pelo FRED); mes_referencia DERIVADO (mes do release - 1)
1996-04-12,8:30 AM,March 1996,FRED release/dates id=10 (Consumer Price Index); hora=padrão BLS 8:30 ET (nao declarada pelo FRED); mes_referencia DERIVADO (mes do release - 1)
1996-05-14,8:30 AM,April 1996,FRED release/dates id=10 (Consumer Price Index); hora=padrão BLS 8:30 ET (nao declarada pelo FRED); mes_referencia DERIVADO (mes do release - 1)
1996-06-12,8:30 AM,May 1996,FRED release/dates id=10 (Consumer Price Index); hora=padrão BLS 8:30 ET (nao declarada pelo FRED); mes_referencia DERIVADO (mes do release - 1)
1996-07-16,8:30 AM,June 1996,FRED release/dates id=10 (Consumer Price Index); hora=padrão BLS 8:30 ET (nao declarada pelo FRED); mes_referencia DERIVADO (mes do release - 1)
1996-08-13,8:30 AM,July 1996,FRED release/dates id=10 (Consumer Price Index); hora=padrão BLS 8:30 ET (nao declarada pelo FRED); mes_referencia DERIVADO (mes do release - 1)
1996-09-13,8:30 AM,August 1996,FRED release/dates id=10 (Consumer Price Index); hora=padrão BLS 8:30 ET (nao declarada pelo FRED); mes_referencia DERIVADO (mes do release - 1)
1996-10-16,8:30 AM,September 1996,FRED release/dates id=10 (Consumer Price Index); hora=padrão BLS 8:30 ET (nao declarada pelo FRED); mes_referencia DERIVADO (mes do release - 1)
1996-11-14,8:30 AM,October 1996,FRED release/dates id=10 (Consumer Price Index); hora=padrão BLS 8:30 ET (nao declarada pelo FRED); mes_referencia DERIVADO (mes do release - 1)
1996-12-12,8:30 AM,November 1996,FRED release/dates id=10 (Consumer Price Index); hora=padrão BLS 8:30 ET (nao declarada pelo FRED); mes_referencia DERIVADO (mes do release - 1)
1997-01-14,8:30 AM,December 1996,FRED release/dates id=10 (Consumer Price Index); hora=padrão BLS 8:30 ET (nao declarada pelo FRED); mes_referencia DERIVADO (mes do release - 1)
1997-02-19,8:30 AM,January 1997,FRED release/dates id=10 (Consumer Price Index); hora=padrão BLS 8:30 ET (nao declarada pelo FRED); mes_referencia DERIVADO (mes do release - 1)
1997-03-19,8:30 AM,February 1997,FRED release/dates id=10 (Consumer Price Index); hora=padrão BLS 8:30 ET (nao declarada pelo FRED); mes_referencia DERIVADO (mes do release - 1)
1997-04-15,8:30 AM,March 1997,FRED release/dates id=10 (Consumer Price Index); hora=padrão BLS 8:30 ET (nao declarada pelo FRED); mes_referencia DERIVADO (mes do release - 1)
1997-05-15,8:30 AM,April 1997,FRED release/dates id=10 (Consumer Price Index); hora=padrão BLS 8:30 ET (nao declarada pelo FRED); mes_referencia DERIVADO (mes do release - 1)
1997-06-17,8:30 AM,May 1997,FRED release/dates id=10 (Consumer Price Index); hora=padrão BLS 8:30 ET (nao declarada pelo FRED); mes_referencia DERIVADO (mes do release - 1)
1997-07-16,8:30 AM,June 1997,FRED release/dates id=10 (Consumer Price Index); hora=padrão BLS 8:30 ET (nao declarada pelo FRED); mes_referencia DERIVADO (mes do release - 1)
1997-08-14,8:30 AM,July 1997,FRED release/dates id=10 (Consumer Price Index); hora=padrão BLS 8:30 ET (nao declarada pelo FRED); mes_referencia DERIVADO (mes do release - 1)
1997-09-16,8:30 AM,August 1997,FRED release/dates id=10 (Consumer Price Index); hora=padrão BLS 8:30 ET (nao declarada pelo FRED); mes_referencia DERIVADO (mes do release - 1)
1997-10-16,8:30 AM,September 1997,FRED release/dates id=10 (Consumer Price Index); hora=padrão BLS 8:30 ET (nao declarada pelo FRED); mes_referencia DERIVADO (mes do release - 1)
1997-11-18,8:30 AM,October 1997,FRED release/dates id=10 (Consumer Price Index); hora=padrão BLS 8:30 ET (nao declarada pelo FRED); mes_referencia DERIVADO (mes do release - 1)
1997-12-16,8:30 AM,November 1997,FRED release/dates id=10 (Consumer Price Index); hora=padrão BLS 8:30 ET (nao declarada pelo FRED); mes_referencia DERIVADO (mes do release - 1)
1998-01-13,8:30 AM,December 1997,FRED release/dates id=10 (Consumer Price Index); hora=padrão BLS 8:30 ET (nao declarada pelo FRED); mes_referencia DERIVADO (mes do release - 1)
1998-02-24,8:30 AM,January 1998,FRED release/dates id=10 (Consumer Price Index); hora=padrão BLS 8:30 ET (nao declarada pelo FRED); mes_referencia DERIVADO (mes do release - 1)
1998-03-19,8:30 AM,February 1998,FRED release/dates id=10 (Consumer Price Index); hora=padrão BLS 8:30 ET (nao declarada pelo FRED); mes_referencia DERIVADO (mes do release - 1)
1998-04-14,8:30 AM,March 1998,FRED release/dates id=10 (Consumer Price Index); hora=padrão BLS 8:30 ET (nao declarada pelo FRED); mes_referencia DERIVADO (mes do release - 1)
1998-05-14,8:30 AM,April 1998,FRED release/dates id=10 (Consumer Price Index); hora=padrão BLS 8:30 ET (nao declarada pelo FRED); mes_referencia DERIVADO (mes do release - 1)
1998-06-16,8:30 AM,May 1998,FRED release/dates id=10 (Consumer Price Index); hora=padrão BLS 8:30 ET (nao declarada pelo FRED); mes_referencia DERIVADO (mes do release - 1)
1998-07-14,8:30 AM,June 1998,FRED release/dates id=10 (Consumer Price Index); hora=padrão BLS 8:30 ET (nao declarada pelo FRED); mes_referencia DERIVADO (mes do release - 1)
1998-08-18,8:30 AM,July 1998,FRED release/dates id=10 (Consumer Price Index); hora=padrão BLS 8:30 ET (nao declarada pelo FRED); mes_referencia DERIVADO (mes do release - 1)
1998-09-17,8:30 AM,August 1998,FRED release/dates id=10 (Consumer Price Index); hora=padrão BLS 8:30 ET (nao declarada pelo FRED); mes_referencia DERIVADO (mes do release - 1)
1998-10-16,8:30 AM,September 1998,FRED release/dates id=10 (Consumer Price Index); hora=padrão BLS 8:30 ET (nao declarada pelo FRED); mes_referencia DERIVADO (mes do release - 1)
1998-11-17,8:30 AM,October 1998,FRED release/dates id=10 (Consumer Price Index); hora=padrão BLS 8:30 ET (nao declarada pelo FRED); mes_referencia DERIVADO (mes do release - 1)
1998-12-15,8:30 AM,November 1998,FRED release/dates id=10 (Consumer Price Index); hora=padrão BLS 8:30 ET (nao declarada pelo FRED); mes_referencia DERIVADO (mes do release - 1)
1999-01-14,8:30 AM,December 1998,FRED release/dates id=10 (Consumer Price Index); hora=padrão BLS 8:30 ET (nao declarada pelo FRED); mes_referencia DERIVADO (mes do release - 1)
1999-02-19,8:30 AM,January 1999,FRED release/dates id=10 (Consumer Price Index); hora=padrão BLS 8:30 ET (nao declarada pelo FRED); mes_referencia DERIVADO (mes do release - 1)
1999-03-18,8:30 AM,February 1999,FRED release/dates id=10 (Consumer Price Index); hora=padrão BLS 8:30 ET (nao declarada pelo FRED); mes_referencia DERIVADO (mes do release - 1)
1999-04-13,8:30 AM,March 1999,FRED release/dates id=10 (Consumer Price Index); hora=padrão BLS 8:30 ET (nao declarada pelo FRED); mes_referencia DERIVADO (mes do release - 1)
1999-05-14,8:30 AM,April 1999,FRED release/dates id=10 (Consumer Price Index); hora=padrão BLS 8:30 ET (nao declarada pelo FRED); mes_referencia DERIVADO (mes do release - 1)
1999-06-16,8:30 AM,May 1999,FRED release/dates id=10 (Consumer Price Index); hora=padrão BLS 8:30 ET (nao declarada pelo FRED); mes_referencia DERIVADO (mes do release - 1)
1999-07-15,8:30 AM,June 1999,FRED release/dates id=10 (Consumer Price Index); hora=padrão BLS 8:30 ET (nao declarada pelo FRED); mes_referencia DERIVADO (mes do release - 1)
1999-08-17,8:30 AM,July 1999,FRED release/dates id=10 (Consumer Price Index); hora=padrão BLS 8:30 ET (nao declarada pelo FRED); mes_referencia DERIVADO (mes do release - 1)
1999-09-15,8:30 AM,August 1999,FRED release/dates id=10 (Consumer Price Index); hora=padrão BLS 8:30 ET (nao declarada pelo FRED); mes_referencia DERIVADO (mes do release - 1)
1999-10-19,8:30 AM,September 1999,FRED release/dates id=10 (Consumer Price Index); hora=padrão BLS 8:30 ET (nao declarada pelo FRED); mes_referencia DERIVADO (mes do release - 1)
1999-11-17,8:30 AM,October 1999,FRED release/dates id=10 (Consumer Price Index); hora=padrão BLS 8:30 ET (nao declarada pelo FRED); mes_referencia DERIVADO (mes do release - 1)
1999-12-14,8:30 AM,November 1999,FRED release/dates id=10 (Consumer Price Index); hora=padrão BLS 8:30 ET (nao declarada pelo FRED); mes_referencia DERIVADO (mes do release - 1)
2000-01-14,8:30 AM,December 1999,FRED release/dates id=10 (Consumer Price Index); hora=padrão BLS 8:30 ET (nao declarada pelo FRED); mes_referencia DERIVADO (mes do release - 1)
2000-02-18,8:30 AM,January 2000,FRED release/dates id=10 (Consumer Price Index); hora=padrão BLS 8:30 ET (nao declarada pelo FRED); mes_referencia DERIVADO (mes do release - 1)
2000-02-29,8:30 AM,January 2000,FRED release/dates id=10 (Consumer Price Index); hora=padrão BLS 8:30 ET (nao declarada pelo FRED); mes_referencia DERIVADO (mes do release - 1)
2000-03-17,8:30 AM,February 2000,FRED release/dates id=10 (Consumer Price Index); hora=padrão BLS 8:30 ET (nao declarada pelo FRED); mes_referencia DERIVADO (mes do release - 1)
2000-04-14,8:30 AM,March 2000,FRED release/dates id=10 (Consumer Price Index); hora=padrão BLS 8:30 ET (nao declarada pelo FRED); mes_referencia DERIVADO (mes do release - 1)
2000-05-16,8:30 AM,April 2000,FRED release/dates id=10 (Consumer Price Index); hora=padrão BLS 8:30 ET (nao declarada pelo FRED); mes_referencia DERIVADO (mes do release - 1)
2000-06-14,8:30 AM,May 2000,FRED release/dates id=10 (Consumer Price Index); hora=padrão BLS 8:30 ET (nao declarada pelo FRED); mes_referencia DERIVADO (mes do release - 1)
2000-07-18,8:30 AM,June 2000,FRED release/dates id=10 (Consumer Price Index); hora=padrão BLS 8:30 ET (nao declarada pelo FRED); mes_referencia DERIVADO (mes do release - 1)
2000-08-16,8:30 AM,July 2000,FRED release/dates id=10 (Consumer Price Index); hora=padrão BLS 8:30 ET (nao declarada pelo FRED); mes_referencia DERIVADO (mes do release - 1)
2000-09-15,8:30 AM,August 2000,FRED release/dates id=10 (Consumer Price Index); hora=padrão BLS 8:30 ET (nao declarada pelo FRED); mes_referencia DERIVADO (mes do release - 1)
2000-09-28,8:30 AM,August 2000,FRED release/dates id=10 (Consumer Price Index); hora=padrão BLS 8:30 ET (nao declarada pelo FRED); mes_referencia DERIVADO (mes do release - 1)
2000-10-18,8:30 AM,September 2000,FRED release/dates id=10 (Consumer Price Index); hora=padrão BLS 8:30 ET (nao declarada pelo FRED); mes_referencia DERIVADO (mes do release - 1)
2000-11-16,8:30 AM,October 2000,FRED release/dates id=10 (Consumer Price Index); hora=padrão BLS 8:30 ET (nao declarada pelo FRED); mes_referencia DERIVADO (mes do release - 1)
2000-12-15,8:30 AM,November 2000,FRED release/dates id=10 (Consumer Price Index); hora=padrão BLS 8:30 ET (nao declarada pelo FRED); mes_referencia DERIVADO (mes do release - 1)
2001-01-17,8:30 AM,December 2000,FRED release/dates id=10 (Consumer Price Index); hora=padrão BLS 8:30 ET (nao declarada pelo FRED); mes_referencia DERIVADO (mes do release - 1)
2001-02-21,8:30 AM,January 2001,FRED release/dates id=10 (Consumer Price Index); hora=padrão BLS 8:30 ET (nao declarada pelo FRED); mes_referencia DERIVADO (mes do release - 1)
2001-03-21,8:30 AM,February 2001,FRED release/dates id=10 (Consumer Price Index); hora=padrão BLS 8:30 ET (nao declarada pelo FRED); mes_referencia DERIVADO (mes do release - 1)
2001-04-17,8:30 AM,March 2001,FRED release/dates id=10 (Consumer Price Index); hora=padrão BLS 8:30 ET (nao declarada pelo FRED); mes_referencia DERIVADO (mes do release - 1)
2001-05-16,8:30 AM,April 2001,FRED release/dates id=10 (Consumer Price Index); hora=padrão BLS 8:30 ET (nao declarada pelo FRED); mes_referencia DERIVADO (mes do release - 1)
2001-06-15,8:30 AM,May 2001,FRED release/dates id=10 (Consumer Price Index); hora=padrão BLS 8:30 ET (nao declarada pelo FRED); mes_referencia DERIVADO (mes do release - 1)
2001-07-18,8:30 AM,June 2001,FRED release/dates id=10 (Consumer Price Index); hora=padrão BLS 8:30 ET (nao declarada pelo FRED); mes_referencia DERIVADO (mes do release - 1)
2001-08-16,8:30 AM,July 2001,FRED release/dates id=10 (Consumer Price Index); hora=padrão BLS 8:30 ET (nao declarada pelo FRED); mes_referencia DERIVADO (mes do release - 1)
2001-09-18,8:30 AM,August 2001,FRED release/dates id=10 (Consumer Price Index); hora=padrão BLS 8:30 ET (nao declarada pelo FRED); mes_referencia DERIVADO (mes do release - 1)
2001-10-19,8:30 AM,September 2001,FRED release/dates id=10 (Consumer Price Index); hora=padrão BLS 8:30 ET (nao declarada pelo FRED); mes_referencia DERIVADO (mes do release - 1)
2001-11-16,8:30 AM,October 2001,FRED release/dates id=10 (Consumer Price Index); hora=padrão BLS 8:30 ET (nao declarada pelo FRED); mes_referencia DERIVADO (mes do release - 1)
2001-12-14,8:30 AM,November 2001,FRED release/dates id=10 (Consumer Price Index); hora=padrão BLS 8:30 ET (nao declarada pelo FRED); mes_referencia DERIVADO (mes do release - 1)
2002-01-16,8:30 AM,December 2001,FRED release/dates id=10 (Consumer Price Index); hora=padrão BLS 8:30 ET (nao declarada pelo FRED); mes_referencia DERIVADO (mes do release - 1)
2002-02-20,8:30 AM,January 2002,FRED release/dates id=10 (Consumer Price Index); hora=padrão BLS 8:30 ET (nao declarada pelo FRED); mes_referencia DERIVADO (mes do release - 1)
2002-03-21,8:30 AM,February 2002,FRED release/dates id=10 (Consumer Price Index); hora=padrão BLS 8:30 ET (nao declarada pelo FRED); mes_referencia DERIVADO (mes do release - 1)
2002-04-16,8:30 AM,March 2002,FRED release/dates id=10 (Consumer Price Index); hora=padrão BLS 8:30 ET (nao declarada pelo FRED); mes_referencia DERIVADO (mes do release - 1)
2002-05-15,8:30 AM,April 2002,FRED release/dates id=10 (Consumer Price Index); hora=padrão BLS 8:30 ET (nao declarada pelo FRED); mes_referencia DERIVADO (mes do release - 1)
2002-06-18,8:30 AM,May 2002,FRED release/dates id=10 (Consumer Price Index); hora=padrão BLS 8:30 ET (nao declarada pelo FRED); mes_referencia DERIVADO (mes do release - 1)
2002-07-19,8:30 AM,June 2002,FRED release/dates id=10 (Consumer Price Index); hora=padrão BLS 8:30 ET (nao declarada pelo FRED); mes_referencia DERIVADO (mes do release - 1)
2002-08-16,8:30 AM,July 2002,FRED release/dates id=10 (Consumer Price Index); hora=padrão BLS 8:30 ET (nao declarada pelo FRED); mes_referencia DERIVADO (mes do release - 1)
2002-09-18,8:30 AM,August 2002,FRED release/dates id=10 (Consumer Price Index); hora=padrão BLS 8:30 ET (nao declarada pelo FRED); mes_referencia DERIVADO (mes do release - 1)
2002-10-18,8:30 AM,September 2002,FRED release/dates id=10 (Consumer Price Index); hora=padrão BLS 8:30 ET (nao declarada pelo FRED); mes_referencia DERIVADO (mes do release - 1)
2002-11-19,8:30 AM,October 2002,FRED release/dates id=10 (Consumer Price Index); hora=padrão BLS 8:30 ET (nao declarada pelo FRED); mes_referencia DERIVADO (mes do release - 1)
2002-12-17,8:30 AM,November 2002,FRED release/dates id=10 (Consumer Price Index); hora=padrão BLS 8:30 ET (nao declarada pelo FRED); mes_referencia DERIVADO (mes do release - 1)
2003-01-16,8:30 AM,December 2002,FRED release/dates id=10 (Consumer Price Index); hora=padrão BLS 8:30 ET (nao declarada pelo FRED); mes_referencia DERIVADO (mes do release - 1)
2003-02-21,8:30 AM,January 2003,FRED release/dates id=10 (Consumer Price Index); hora=padrão BLS 8:30 ET (nao declarada pelo FRED); mes_referencia DERIVADO (mes do release - 1)
2003-03-21,8:30 AM,February 2003,FRED release/dates id=10 (Consumer Price Index); hora=padrão BLS 8:30 ET (nao declarada pelo FRED); mes_referencia DERIVADO (mes do release - 1)
2003-04-16,8:30 AM,March 2003,FRED release/dates id=10 (Consumer Price Index); hora=padrão BLS 8:30 ET (nao declarada pelo FRED); mes_referencia DERIVADO (mes do release - 1)
2003-05-16,8:30 AM,April 2003,FRED release/dates id=10 (Consumer Price Index); hora=padrão BLS 8:30 ET (nao declarada pelo FRED); mes_referencia DERIVADO (mes do release - 1)
2003-06-17,8:30 AM,May 2003,FRED release/dates id=10 (Consumer Price Index); hora=padrão BLS 8:30 ET (nao declarada pelo FRED); mes_referencia DERIVADO (mes do release - 1)
2003-07-16,8:30 AM,June 2003,FRED release/dates id=10 (Consumer Price Index); hora=padrão BLS 8:30 ET (nao declarada pelo FRED); mes_referencia DERIVADO (mes do release - 1)
2003-08-15,8:30 AM,July 2003,FRED release/dates id=10 (Consumer Price Index); hora=padrão BLS 8:30 ET (nao declarada pelo FRED); mes_referencia DERIVADO (mes do release - 1)
2003-09-16,8:30 AM,August 2003,FRED release/dates id=10 (Consumer Price Index); hora=padrão BLS 8:30 ET (nao declarada pelo FRED); mes_referencia DERIVADO (mes do release - 1)
2003-10-16,8:30 AM,September 2003,FRED release/dates id=10 (Consumer Price Index); hora=padrão BLS 8:30 ET (nao declarada pelo FRED); mes_referencia DERIVADO (mes do release - 1)
2003-11-18,8:30 AM,October 2003,FRED release/dates id=10 (Consumer Price Index); hora=padrão BLS 8:30 ET (nao declarada pelo FRED); mes_referencia DERIVADO (mes do release - 1)
2003-12-16,8:30 AM,November 2003,FRED release/dates id=10 (Consumer Price Index); hora=padrão BLS 8:30 ET (nao declarada pelo FRED); mes_referencia DERIVADO (mes do release - 1)
2004-01-15,8:30 AM,December 2003,FRED release/dates id=10 (Consumer Price Index); hora=padrão BLS 8:30 ET (nao declarada pelo FRED); mes_referencia DERIVADO (mes do release - 1)
2004-02-20,8:30 AM,January 2004,FRED release/dates id=10 (Consumer Price Index); hora=padrão BLS 8:30 ET (nao declarada pelo FRED); mes_referencia DERIVADO (mes do release - 1)
2004-03-17,8:30 AM,February 2004,FRED release/dates id=10 (Consumer Price Index); hora=padrão BLS 8:30 ET (nao declarada pelo FRED); mes_referencia DERIVADO (mes do release - 1)
2004-04-14,8:30 AM,March 2004,FRED release/dates id=10 (Consumer Price Index); hora=padrão BLS 8:30 ET (nao declarada pelo FRED); mes_referencia DERIVADO (mes do release - 1)
2004-05-14,8:30 AM,April 2004,FRED release/dates id=10 (Consumer Price Index); hora=padrão BLS 8:30 ET (nao declarada pelo FRED); mes_referencia DERIVADO (mes do release - 1)
2004-06-15,8:30 AM,May 2004,FRED release/dates id=10 (Consumer Price Index); hora=padrão BLS 8:30 ET (nao declarada pelo FRED); mes_referencia DERIVADO (mes do release - 1)
2004-07-16,8:30 AM,June 2004,FRED release/dates id=10 (Consumer Price Index); hora=padrão BLS 8:30 ET (nao declarada pelo FRED); mes_referencia DERIVADO (mes do release - 1)
2004-08-17,8:30 AM,July 2004,FRED release/dates id=10 (Consumer Price Index); hora=padrão BLS 8:30 ET (nao declarada pelo FRED); mes_referencia DERIVADO (mes do release - 1)
2004-09-16,8:30 AM,August 2004,FRED release/dates id=10 (Consumer Price Index); hora=padrão BLS 8:30 ET (nao declarada pelo FRED); mes_referencia DERIVADO (mes do release - 1)
2004-10-19,8:30 AM,September 2004,FRED release/dates id=10 (Consumer Price Index); hora=padrão BLS 8:30 ET (nao declarada pelo FRED); mes_referencia DERIVADO (mes do release - 1)
2004-11-17,8:30 AM,October 2004,FRED release/dates id=10 (Consumer Price Index); hora=padrão BLS 8:30 ET (nao declarada pelo FRED); mes_referencia DERIVADO (mes do release - 1)
2004-12-17,8:30 AM,November 2004,FRED release/dates id=10 (Consumer Price Index); hora=padrão BLS 8:30 ET (nao declarada pelo FRED); mes_referencia DERIVADO (mes do release - 1)
2005-01-19,8:30 AM,December 2004,FRED release/dates id=10 (Consumer Price Index); hora=padrão BLS 8:30 ET (nao declarada pelo FRED); mes_referencia DERIVADO (mes do release - 1)
2005-02-18,8:30 AM,January 2005,FRED release/dates id=10 (Consumer Price Index); hora=padrão BLS 8:30 ET (nao declarada pelo FRED); mes_referencia DERIVADO (mes do release - 1)
2005-02-23,8:30 AM,January 2005,FRED release/dates id=10 (Consumer Price Index); hora=padrão BLS 8:30 ET (nao declarada pelo FRED); mes_referencia DERIVADO (mes do release - 1)
2005-03-23,8:30 AM,February 2005,FRED release/dates id=10 (Consumer Price Index); hora=padrão BLS 8:30 ET (nao declarada pelo FRED); mes_referencia DERIVADO (mes do release - 1)
2005-04-20,8:30 AM,March 2005,FRED release/dates id=10 (Consumer Price Index); hora=padrão BLS 8:30 ET (nao declarada pelo FRED); mes_referencia DERIVADO (mes do release - 1)
2005-05-18,8:30 AM,April 2005,FRED release/dates id=10 (Consumer Price Index); hora=padrão BLS 8:30 ET (nao declarada pelo FRED); mes_referencia DERIVADO (mes do release - 1)
2005-06-15,8:30 AM,May 2005,FRED release/dates id=10 (Consumer Price Index); hora=padrão BLS 8:30 ET (nao declarada pelo FRED); mes_referencia DERIVADO (mes do release - 1)
2005-07-14,8:30 AM,June 2005,FRED release/dates id=10 (Consumer Price Index); hora=padrão BLS 8:30 ET (nao declarada pelo FRED); mes_referencia DERIVADO (mes do release - 1)
2005-08-16,8:30 AM,July 2005,FRED release/dates id=10 (Consumer Price Index); hora=padrão BLS 8:30 ET (nao declarada pelo FRED); mes_referencia DERIVADO (mes do release - 1)
2005-09-15,8:30 AM,August 2005,FRED release/dates id=10 (Consumer Price Index); hora=padrão BLS 8:30 ET (nao declarada pelo FRED); mes_referencia DERIVADO (mes do release - 1)
2005-10-14,8:30 AM,September 2005,FRED release/dates id=10 (Consumer Price Index); hora=padrão BLS 8:30 ET (nao declarada pelo FRED); mes_referencia DERIVADO (mes do release - 1)
2005-11-16,8:30 AM,October 2005,FRED release/dates id=10 (Consumer Price Index); hora=padrão BLS 8:30 ET (nao declarada pelo FRED); mes_referencia DERIVADO (mes do release - 1)
2005-12-15,8:30 AM,November 2005,FRED release/dates id=10 (Consumer Price Index); hora=padrão BLS 8:30 ET (nao declarada pelo FRED); mes_referencia DERIVADO (mes do release - 1)
2006-01-18,8:30 AM,December 2005,FRED release/dates id=10 (Consumer Price Index); hora=padrão BLS 8:30 ET (nao declarada pelo FRED); mes_referencia DERIVADO (mes do release - 1)
2006-02-17,8:30 AM,January 2006,FRED release/dates id=10 (Consumer Price Index); hora=padrão BLS 8:30 ET (nao declarada pelo FRED); mes_referencia DERIVADO (mes do release - 1)
2006-02-22,8:30 AM,January 2006,FRED release/dates id=10 (Consumer Price Index); hora=padrão BLS 8:30 ET (nao declarada pelo FRED); mes_referencia DERIVADO (mes do release - 1)
2006-03-16,8:30 AM,February 2006,FRED release/dates id=10 (Consumer Price Index); hora=padrão BLS 8:30 ET (nao declarada pelo FRED); mes_referencia DERIVADO (mes do release - 1)
2006-04-19,8:30 AM,March 2006,FRED release/dates id=10 (Consumer Price Index); hora=padrão BLS 8:30 ET (nao declarada pelo FRED); mes_referencia DERIVADO (mes do release - 1)
2006-05-17,8:30 AM,April 2006,FRED release/dates id=10 (Consumer Price Index); hora=padrão BLS 8:30 ET (nao declarada pelo FRED); mes_referencia DERIVADO (mes do release - 1)
2006-06-14,8:30 AM,May 2006,FRED release/dates id=10 (Consumer Price Index); hora=padrão BLS 8:30 ET (nao declarada pelo FRED); mes_referencia DERIVADO (mes do release - 1)
2006-07-19,8:30 AM,June 2006,FRED release/dates id=10 (Consumer Price Index); hora=padrão BLS 8:30 ET (nao declarada pelo FRED); mes_referencia DERIVADO (mes do release - 1)
2006-08-16,8:30 AM,July 2006,FRED release/dates id=10 (Consumer Price Index); hora=padrão BLS 8:30 ET (nao declarada pelo FRED); mes_referencia DERIVADO (mes do release - 1)
2006-09-15,8:30 AM,August 2006,FRED release/dates id=10 (Consumer Price Index); hora=padrão BLS 8:30 ET (nao declarada pelo FRED); mes_referencia DERIVADO (mes do release - 1)
2006-10-18,8:30 AM,September 2006,FRED release/dates id=10 (Consumer Price Index); hora=padrão BLS 8:30 ET (nao declarada pelo FRED); mes_referencia DERIVADO (mes do release - 1)
2006-11-16,8:30 AM,October 2006,FRED release/dates id=10 (Consumer Price Index); hora=padrão BLS 8:30 ET (nao declarada pelo FRED); mes_referencia DERIVADO (mes do release - 1)
2006-12-15,8:30 AM,November 2006,FRED release/dates id=10 (Consumer Price Index); hora=padrão BLS 8:30 ET (nao declarada pelo FRED); mes_referencia DERIVADO (mes do release - 1)
2007-01-18,8:30 AM,December 2006,FRED release/dates id=10 (Consumer Price Index); hora=padrão BLS 8:30 ET (nao declarada pelo FRED); mes_referencia DERIVADO (mes do release - 1)
2007-02-16,8:30 AM,January 2007,FRED release/dates id=10 (Consumer Price Index); hora=padrão BLS 8:30 ET (nao declarada pelo FRED); mes_referencia DERIVADO (mes do release - 1)
2007-02-21,8:30 AM,January 2007,FRED release/dates id=10 (Consumer Price Index); hora=padrão BLS 8:30 ET (nao declarada pelo FRED); mes_referencia DERIVADO (mes do release - 1)
2007-03-16,8:30 AM,February 2007,FRED release/dates id=10 (Consumer Price Index); hora=padrão BLS 8:30 ET (nao declarada pelo FRED); mes_referencia DERIVADO (mes do release - 1)
2007-04-17,8:30 AM,March 2007,FRED release/dates id=10 (Consumer Price Index); hora=padrão BLS 8:30 ET (nao declarada pelo FRED); mes_referencia DERIVADO (mes do release - 1)
2007-05-15,8:30 AM,April 2007,FRED release/dates id=10 (Consumer Price Index); hora=padrão BLS 8:30 ET (nao declarada pelo FRED); mes_referencia DERIVADO (mes do release - 1)
2007-06-15,8:30 AM,May 2007,FRED release/dates id=10 (Consumer Price Index); hora=padrão BLS 8:30 ET (nao declarada pelo FRED); mes_referencia DERIVADO (mes do release - 1)
2007-07-18,8:30 AM,June 2007,FRED release/dates id=10 (Consumer Price Index); hora=padrão BLS 8:30 ET (nao declarada pelo FRED); mes_referencia DERIVADO (mes do release - 1)
2007-08-15,8:30 AM,July 2007,FRED release/dates id=10 (Consumer Price Index); hora=padrão BLS 8:30 ET (nao declarada pelo FRED); mes_referencia DERIVADO (mes do release - 1)
2007-09-19,8:30 AM,August 2007,FRED release/dates id=10 (Consumer Price Index); hora=padrão BLS 8:30 ET (nao declarada pelo FRED); mes_referencia DERIVADO (mes do release - 1)
2007-10-17,8:30 AM,September 2007,FRED release/dates id=10 (Consumer Price Index); hora=padrão BLS 8:30 ET (nao declarada pelo FRED); mes_referencia DERIVADO (mes do release - 1)
2007-11-15,8:30 AM,October 2007,FRED release/dates id=10 (Consumer Price Index); hora=padrão BLS 8:30 ET (nao declarada pelo FRED); mes_referencia DERIVADO (mes do release - 1)
2007-12-14,8:30 AM,November 2007,FRED release/dates id=10 (Consumer Price Index); hora=padrão BLS 8:30 ET (nao declarada pelo FRED); mes_referencia DERIVADO (mes do release - 1)
2008-01-16,8:30 AM,December 2007,FRED release/dates id=10 (Consumer Price Index); hora=padrão BLS 8:30 ET (nao declarada pelo FRED); mes_referencia DERIVADO (mes do release - 1)
2008-02-15,8:30 AM,January 2008,FRED release/dates id=10 (Consumer Price Index); hora=padrão BLS 8:30 ET (nao declarada pelo FRED); mes_referencia DERIVADO (mes do release - 1)
2008-02-20,8:30 AM,January 2008,FRED release/dates id=10 (Consumer Price Index); hora=padrão BLS 8:30 ET (nao declarada pelo FRED); mes_referencia DERIVADO (mes do release - 1)
2008-03-14,8:30 AM,February 2008,FRED release/dates id=10 (Consumer Price Index); hora=padrão BLS 8:30 ET (nao declarada pelo FRED); mes_referencia DERIVADO (mes do release - 1)
2008-04-16,8:30 AM,March 2008,FRED release/dates id=10 (Consumer Price Index); hora=padrão BLS 8:30 ET (nao declarada pelo FRED); mes_referencia DERIVADO (mes do release - 1)
2008-05-14,8:30 AM,April 2008,FRED release/dates id=10 (Consumer Price Index); hora=padrão BLS 8:30 ET (nao declarada pelo FRED); mes_referencia DERIVADO (mes do release - 1)
2008-06-13,8:30 AM,May 2008,FRED release/dates id=10 (Consumer Price Index); hora=padrão BLS 8:30 ET (nao declarada pelo FRED); mes_referencia DERIVADO (mes do release - 1)
2008-07-16,8:30 AM,June 2008,FRED release/dates id=10 (Consumer Price Index); hora=padrão BLS 8:30 ET (nao declarada pelo FRED); mes_referencia DERIVADO (mes do release - 1)
2008-08-14,8:30 AM,July 2008,FRED release/dates id=10 (Consumer Price Index); hora=padrão BLS 8:30 ET (nao declarada pelo FRED); mes_referencia DERIVADO (mes do release - 1)
2008-09-16,8:30 AM,August 2008,FRED release/dates id=10 (Consumer Price Index); hora=padrão BLS 8:30 ET (nao declarada pelo FRED); mes_referencia DERIVADO (mes do release - 1)
2008-10-16,8:30 AM,September 2008,FRED release/dates id=10 (Consumer Price Index); hora=padrão BLS 8:30 ET (nao declarada pelo FRED); mes_referencia DERIVADO (mes do release - 1)
2008-11-19,8:30 AM,October 2008,FRED release/dates id=10 (Consumer Price Index); hora=padrão BLS 8:30 ET (nao declarada pelo FRED); mes_referencia DERIVADO (mes do release - 1)
2008-12-16,8:30 AM,November 2008,FRED release/dates id=10 (Consumer Price Index); hora=padrão BLS 8:30 ET (nao declarada pelo FRED); mes_referencia DERIVADO (mes do release - 1)
2009-01-16,8:30 AM,December 2008,FRED release/dates id=10 (Consumer Price Index); hora=padrão BLS 8:30 ET (nao declarada pelo FRED); mes_referencia DERIVADO (mes do release - 1)
2009-02-18,8:30 AM,January 2009,FRED release/dates id=10 (Consumer Price Index); hora=padrão BLS 8:30 ET (nao declarada pelo FRED); mes_referencia DERIVADO (mes do release - 1)
2009-02-20,8:30 AM,January 2009,FRED release/dates id=10 (Consumer Price Index); hora=padrão BLS 8:30 ET (nao declarada pelo FRED); mes_referencia DERIVADO (mes do release - 1)
2009-03-18,8:30 AM,February 2009,FRED release/dates id=10 (Consumer Price Index); hora=padrão BLS 8:30 ET (nao declarada pelo FRED); mes_referencia DERIVADO (mes do release - 1)
2009-04-15,8:30 AM,March 2009,FRED release/dates id=10 (Consumer Price Index); hora=padrão BLS 8:30 ET (nao declarada pelo FRED); mes_referencia DERIVADO (mes do release - 1)
2009-05-15,8:30 AM,April 2009,FRED release/dates id=10 (Consumer Price Index); hora=padrão BLS 8:30 ET (nao declarada pelo FRED); mes_referencia DERIVADO (mes do release - 1)
2009-06-17,8:30 AM,May 2009,FRED release/dates id=10 (Consumer Price Index); hora=padrão BLS 8:30 ET (nao declarada pelo FRED); mes_referencia DERIVADO (mes do release - 1)
2009-07-15,8:30 AM,June 2009,FRED release/dates id=10 (Consumer Price Index); hora=padrão BLS 8:30 ET (nao declarada pelo FRED); mes_referencia DERIVADO (mes do release - 1)
2009-08-14,8:30 AM,July 2009,FRED release/dates id=10 (Consumer Price Index); hora=padrão BLS 8:30 ET (nao declarada pelo FRED); mes_referencia DERIVADO (mes do release - 1)
2009-09-16,8:30 AM,August 2009,FRED release/dates id=10 (Consumer Price Index); hora=padrão BLS 8:30 ET (nao declarada pelo FRED); mes_referencia DERIVADO (mes do release - 1)
2009-10-15,8:30 AM,September 2009,FRED release/dates id=10 (Consumer Price Index); hora=padrão BLS 8:30 ET (nao declarada pelo FRED); mes_referencia DERIVADO (mes do release - 1)
2009-11-18,8:30 AM,October 2009,FRED release/dates id=10 (Consumer Price Index); hora=padrão BLS 8:30 ET (nao declarada pelo FRED); mes_referencia DERIVADO (mes do release - 1)
2009-12-16,8:30 AM,November 2009,FRED release/dates id=10 (Consumer Price Index); hora=padrão BLS 8:30 ET (nao declarada pelo FRED); mes_referencia DERIVADO (mes do release - 1)
2010-01-15,8:30 AM,December 2009,FRED release/dates id=10 (Consumer Price Index); hora=padrão BLS 8:30 ET (nao declarada pelo FRED); mes_referencia DERIVADO (mes do release - 1)
2010-02-17,8:30 AM,January 2010,FRED release/dates id=10 (Consumer Price Index); hora=padrão BLS 8:30 ET (nao declarada pelo FRED); mes_referencia DERIVADO (mes do release - 1)
2010-02-19,8:30 AM,January 2010,FRED release/dates id=10 (Consumer Price Index); hora=padrão BLS 8:30 ET (nao declarada pelo FRED); mes_referencia DERIVADO (mes do release - 1)
2010-03-18,8:30 AM,February 2010,FRED release/dates id=10 (Consumer Price Index); hora=padrão BLS 8:30 ET (nao declarada pelo FRED); mes_referencia DERIVADO (mes do release - 1)
2010-04-14,8:30 AM,March 2010,FRED release/dates id=10 (Consumer Price Index); hora=padrão BLS 8:30 ET (nao declarada pelo FRED); mes_referencia DERIVADO (mes do release - 1)
2010-05-19,8:30 AM,April 2010,FRED release/dates id=10 (Consumer Price Index); hora=padrão BLS 8:30 ET (nao declarada pelo FRED); mes_referencia DERIVADO (mes do release - 1)
2010-06-17,8:30 AM,May 2010,FRED release/dates id=10 (Consumer Price Index); hora=padrão BLS 8:30 ET (nao declarada pelo FRED); mes_referencia DERIVADO (mes do release - 1)
2010-07-16,8:30 AM,June 2010,FRED release/dates id=10 (Consumer Price Index); hora=padrão BLS 8:30 ET (nao declarada pelo FRED); mes_referencia DERIVADO (mes do release - 1)
2010-08-13,8:30 AM,July 2010,FRED release/dates id=10 (Consumer Price Index); hora=padrão BLS 8:30 ET (nao declarada pelo FRED); mes_referencia DERIVADO (mes do release - 1)
2010-09-17,8:30 AM,August 2010,FRED release/dates id=10 (Consumer Price Index); hora=padrão BLS 8:30 ET (nao declarada pelo FRED); mes_referencia DERIVADO (mes do release - 1)
2010-10-15,8:30 AM,September 2010,FRED release/dates id=10 (Consumer Price Index); hora=padrão BLS 8:30 ET (nao declarada pelo FRED); mes_referencia DERIVADO (mes do release - 1)
2010-11-17,8:30 AM,October 2010,FRED release/dates id=10 (Consumer Price Index); hora=padrão BLS 8:30 ET (nao declarada pelo FRED); mes_referencia DERIVADO (mes do release - 1)
2010-12-15,8:30 AM,November 2010,FRED release/dates id=10 (Consumer Price Index); hora=padrão BLS 8:30 ET (nao declarada pelo FRED); mes_referencia DERIVADO (mes do release - 1)
2011-01-14,8:30 AM,December 2010,FRED release/dates id=10 (Consumer Price Index); hora=padrão BLS 8:30 ET (nao declarada pelo FRED); mes_referencia DERIVADO (mes do release - 1)
2011-02-15,8:30 AM,January 2011,FRED release/dates id=10 (Consumer Price Index); hora=padrão BLS 8:30 ET (nao declarada pelo FRED); mes_referencia DERIVADO (mes do release - 1)
2011-02-17,8:30 AM,January 2011,FRED release/dates id=10 (Consumer Price Index); hora=padrão BLS 8:30 ET (nao declarada pelo FRED); mes_referencia DERIVADO (mes do release - 1)
2011-03-17,8:30 AM,February 2011,FRED release/dates id=10 (Consumer Price Index); hora=padrão BLS 8:30 ET (nao declarada pelo FRED); mes_referencia DERIVADO (mes do release - 1)
2011-04-15,8:30 AM,March 2011,FRED release/dates id=10 (Consumer Price Index); hora=padrão BLS 8:30 ET (nao declarada pelo FRED); mes_referencia DERIVADO (mes do release - 1)
2011-05-13,8:30 AM,April 2011,FRED release/dates id=10 (Consumer Price Index); hora=padrão BLS 8:30 ET (nao declarada pelo FRED); mes_referencia DERIVADO (mes do release - 1)
2011-06-15,8:30 AM,May 2011,FRED release/dates id=10 (Consumer Price Index); hora=padrão BLS 8:30 ET (nao declarada pelo FRED); mes_referencia DERIVADO (mes do release - 1)
2011-07-15,8:30 AM,June 2011,FRED release/dates id=10 (Consumer Price Index); hora=padrão BLS 8:30 ET (nao declarada pelo FRED); mes_referencia DERIVADO (mes do release - 1)
2011-08-18,8:30 AM,July 2011,FRED release/dates id=10 (Consumer Price Index); hora=padrão BLS 8:30 ET (nao declarada pelo FRED); mes_referencia DERIVADO (mes do release - 1)
2011-09-15,8:30 AM,August 2011,FRED release/dates id=10 (Consumer Price Index); hora=padrão BLS 8:30 ET (nao declarada pelo FRED); mes_referencia DERIVADO (mes do release - 1)
2011-10-19,8:30 AM,September 2011,FRED release/dates id=10 (Consumer Price Index); hora=padrão BLS 8:30 ET (nao declarada pelo FRED); mes_referencia DERIVADO (mes do release - 1)
2011-11-16,8:30 AM,October 2011,FRED release/dates id=10 (Consumer Price Index); hora=padrão BLS 8:30 ET (nao declarada pelo FRED); mes_referencia DERIVADO (mes do release - 1)
2011-12-16,8:30 AM,November 2011,FRED release/dates id=10 (Consumer Price Index); hora=padrão BLS 8:30 ET (nao declarada pelo FRED); mes_referencia DERIVADO (mes do release - 1)
2012-01-19,8:30 AM,December 2011,FRED release/dates id=10 (Consumer Price Index); hora=padrão BLS 8:30 ET (nao declarada pelo FRED); mes_referencia DERIVADO (mes do release - 1)
2012-02-15,8:30 AM,January 2012,FRED release/dates id=10 (Consumer Price Index); hora=padrão BLS 8:30 ET (nao declarada pelo FRED); mes_referencia DERIVADO (mes do release - 1)
2012-02-17,8:30 AM,January 2012,FRED release/dates id=10 (Consumer Price Index); hora=padrão BLS 8:30 ET (nao declarada pelo FRED); mes_referencia DERIVADO (mes do release - 1)
2012-03-16,8:30 AM,February 2012,FRED release/dates id=10 (Consumer Price Index); hora=padrão BLS 8:30 ET (nao declarada pelo FRED); mes_referencia DERIVADO (mes do release - 1)
2012-04-13,8:30 AM,March 2012,FRED release/dates id=10 (Consumer Price Index); hora=padrão BLS 8:30 ET (nao declarada pelo FRED); mes_referencia DERIVADO (mes do release - 1)
2012-05-15,8:30 AM,April 2012,FRED release/dates id=10 (Consumer Price Index); hora=padrão BLS 8:30 ET (nao declarada pelo FRED); mes_referencia DERIVADO (mes do release - 1)
2012-06-14,8:30 AM,May 2012,FRED release/dates id=10 (Consumer Price Index); hora=padrão BLS 8:30 ET (nao declarada pelo FRED); mes_referencia DERIVADO (mes do release - 1)
2012-07-17,8:30 AM,June 2012,FRED release/dates id=10 (Consumer Price Index); hora=padrão BLS 8:30 ET (nao declarada pelo FRED); mes_referencia DERIVADO (mes do release - 1)
2012-08-15,8:30 AM,July 2012,FRED release/dates id=10 (Consumer Price Index); hora=padrão BLS 8:30 ET (nao declarada pelo FRED); mes_referencia DERIVADO (mes do release - 1)
2012-09-14,8:30 AM,August 2012,FRED release/dates id=10 (Consumer Price Index); hora=padrão BLS 8:30 ET (nao declarada pelo FRED); mes_referencia DERIVADO (mes do release - 1)
2012-10-16,8:30 AM,September 2012,FRED release/dates id=10 (Consumer Price Index); hora=padrão BLS 8:30 ET (nao declarada pelo FRED); mes_referencia DERIVADO (mes do release - 1)
2012-11-15,8:30 AM,October 2012,FRED release/dates id=10 (Consumer Price Index); hora=padrão BLS 8:30 ET (nao declarada pelo FRED); mes_referencia DERIVADO (mes do release - 1)
2012-12-14,8:30 AM,November 2012,FRED release/dates id=10 (Consumer Price Index); hora=padrão BLS 8:30 ET (nao declarada pelo FRED); mes_referencia DERIVADO (mes do release - 1)
2013-01-16,8:30 AM,December 2012,FRED release/dates id=10 (Consumer Price Index); hora=padrão BLS 8:30 ET (nao declarada pelo FRED); mes_referencia DERIVADO (mes do release - 1)
2013-02-19,8:30 AM,January 2013,FRED release/dates id=10 (Consumer Price Index); hora=padrão BLS 8:30 ET (nao declarada pelo FRED); mes_referencia DERIVADO (mes do release - 1)
2013-02-21,8:30 AM,January 2013,FRED release/dates id=10 (Consumer Price Index); hora=padrão BLS 8:30 ET (nao declarada pelo FRED); mes_referencia DERIVADO (mes do release - 1)
2013-03-15,8:30 AM,February 2013,FRED release/dates id=10 (Consumer Price Index); hora=padrão BLS 8:30 ET (nao declarada pelo FRED); mes_referencia DERIVADO (mes do release - 1)
2013-04-16,8:30 AM,March 2013,FRED release/dates id=10 (Consumer Price Index); hora=padrão BLS 8:30 ET (nao declarada pelo FRED); mes_referencia DERIVADO (mes do release - 1)
2013-05-16,8:30 AM,April 2013,FRED release/dates id=10 (Consumer Price Index); hora=padrão BLS 8:30 ET (nao declarada pelo FRED); mes_referencia DERIVADO (mes do release - 1)
2013-06-18,8:30 AM,May 2013,FRED release/dates id=10 (Consumer Price Index); hora=padrão BLS 8:30 ET (nao declarada pelo FRED); mes_referencia DERIVADO (mes do release - 1)
2013-07-16,8:30 AM,June 2013,FRED release/dates id=10 (Consumer Price Index); hora=padrão BLS 8:30 ET (nao declarada pelo FRED); mes_referencia DERIVADO (mes do release - 1)
2013-08-15,8:30 AM,July 2013,FRED release/dates id=10 (Consumer Price Index); hora=padrão BLS 8:30 ET (nao declarada pelo FRED); mes_referencia DERIVADO (mes do release - 1)
2013-09-17,8:30 AM,August 2013,FRED release/dates id=10 (Consumer Price Index); hora=padrão BLS 8:30 ET (nao declarada pelo FRED); mes_referencia DERIVADO (mes do release - 1)
2013-10-30,8:30 AM,September 2013,FRED release/dates id=10 (Consumer Price Index); hora=padrão BLS 8:30 ET (nao declarada pelo FRED); mes_referencia DERIVADO (mes do release - 1)
2013-11-20,8:30 AM,October 2013,FRED release/dates id=10 (Consumer Price Index); hora=padrão BLS 8:30 ET (nao declarada pelo FRED); mes_referencia DERIVADO (mes do release - 1)
2013-12-17,8:30 AM,November 2013,FRED release/dates id=10 (Consumer Price Index); hora=padrão BLS 8:30 ET (nao declarada pelo FRED); mes_referencia DERIVADO (mes do release - 1)
2014-01-16,8:30 AM,December 2013,FRED release/dates id=10 (Consumer Price Index); hora=padrão BLS 8:30 ET (nao declarada pelo FRED); mes_referencia DERIVADO (mes do release - 1)
2014-02-18,8:30 AM,January 2014,FRED release/dates id=10 (Consumer Price Index); hora=padrão BLS 8:30 ET (nao declarada pelo FRED); mes_referencia DERIVADO (mes do release - 1)
2014-02-20,8:30 AM,January 2014,FRED release/dates id=10 (Consumer Price Index); hora=padrão BLS 8:30 ET (nao declarada pelo FRED); mes_referencia DERIVADO (mes do release - 1)
2014-03-18,8:30 AM,February 2014,FRED release/dates id=10 (Consumer Price Index); hora=padrão BLS 8:30 ET (nao declarada pelo FRED); mes_referencia DERIVADO (mes do release - 1)
2014-04-15,8:30 AM,March 2014,FRED release/dates id=10 (Consumer Price Index); hora=padrão BLS 8:30 ET (nao declarada pelo FRED); mes_referencia DERIVADO (mes do release - 1)
2014-05-15,8:30 AM,April 2014,FRED release/dates id=10 (Consumer Price Index); hora=padrão BLS 8:30 ET (nao declarada pelo FRED); mes_referencia DERIVADO (mes do release - 1)
2014-06-17,8:30 AM,May 2014,FRED release/dates id=10 (Consumer Price Index); hora=padrão BLS 8:30 ET (nao declarada pelo FRED); mes_referencia DERIVADO (mes do release - 1)
2014-07-22,8:30 AM,June 2014,FRED release/dates id=10 (Consumer Price Index); hora=padrão BLS 8:30 ET (nao declarada pelo FRED); mes_referencia DERIVADO (mes do release - 1)
2014-08-19,8:30 AM,July 2014,FRED release/dates id=10 (Consumer Price Index); hora=padrão BLS 8:30 ET (nao declarada pelo FRED); mes_referencia DERIVADO (mes do release - 1)
2014-09-17,8:30 AM,August 2014,FRED release/dates id=10 (Consumer Price Index); hora=padrão BLS 8:30 ET (nao declarada pelo FRED); mes_referencia DERIVADO (mes do release - 1)
2014-10-22,8:30 AM,September 2014,FRED release/dates id=10 (Consumer Price Index); hora=padrão BLS 8:30 ET (nao declarada pelo FRED); mes_referencia DERIVADO (mes do release - 1)
2014-11-20,8:30 AM,October 2014,FRED release/dates id=10 (Consumer Price Index); hora=padrão BLS 8:30 ET (nao declarada pelo FRED); mes_referencia DERIVADO (mes do release - 1)
2014-12-17,8:30 AM,November 2014,FRED release/dates id=10 (Consumer Price Index); hora=padrão BLS 8:30 ET (nao declarada pelo FRED); mes_referencia DERIVADO (mes do release - 1)
2015-01-16,8:30 AM,December 2014,FRED release/dates id=10 (Consumer Price Index); hora=padrão BLS 8:30 ET (nao declarada pelo FRED); mes_referencia DERIVADO (mes do release - 1)
2015-02-20,8:30 AM,January 2015,FRED release/dates id=10 (Consumer Price Index); hora=padrão BLS 8:30 ET (nao declarada pelo FRED); mes_referencia DERIVADO (mes do release - 1)
2015-02-26,8:30 AM,January 2015,FRED release/dates id=10 (Consumer Price Index); hora=padrão BLS 8:30 ET (nao declarada pelo FRED); mes_referencia DERIVADO (mes do release - 1)
2015-03-24,8:30 AM,February 2015,FRED release/dates id=10 (Consumer Price Index); hora=padrão BLS 8:30 ET (nao declarada pelo FRED); mes_referencia DERIVADO (mes do release - 1)
2015-04-17,8:30 AM,March 2015,FRED release/dates id=10 (Consumer Price Index); hora=padrão BLS 8:30 ET (nao declarada pelo FRED); mes_referencia DERIVADO (mes do release - 1)
2015-05-22,8:30 AM,April 2015,FRED release/dates id=10 (Consumer Price Index); hora=padrão BLS 8:30 ET (nao declarada pelo FRED); mes_referencia DERIVADO (mes do release - 1)
2015-06-18,8:30 AM,May 2015,FRED release/dates id=10 (Consumer Price Index); hora=padrão BLS 8:30 ET (nao declarada pelo FRED); mes_referencia DERIVADO (mes do release - 1)
2015-07-17,8:30 AM,June 2015,FRED release/dates id=10 (Consumer Price Index); hora=padrão BLS 8:30 ET (nao declarada pelo FRED); mes_referencia DERIVADO (mes do release - 1)
2015-08-19,8:30 AM,July 2015,FRED release/dates id=10 (Consumer Price Index); hora=padrão BLS 8:30 ET (nao declarada pelo FRED); mes_referencia DERIVADO (mes do release - 1)
2015-09-16,8:30 AM,August 2015,FRED release/dates id=10 (Consumer Price Index); hora=padrão BLS 8:30 ET (nao declarada pelo FRED); mes_referencia DERIVADO (mes do release - 1)
2015-10-15,8:30 AM,September 2015,FRED release/dates id=10 (Consumer Price Index); hora=padrão BLS 8:30 ET (nao declarada pelo FRED); mes_referencia DERIVADO (mes do release - 1)
2015-11-17,8:30 AM,October 2015,FRED release/dates id=10 (Consumer Price Index); hora=padrão BLS 8:30 ET (nao declarada pelo FRED); mes_referencia DERIVADO (mes do release - 1)
2015-12-15,8:30 AM,November 2015,FRED release/dates id=10 (Consumer Price Index); hora=padrão BLS 8:30 ET (nao declarada pelo FRED); mes_referencia DERIVADO (mes do release - 1)
2016-01-20,8:30 AM,December 2015,FRED release/dates id=10 (Consumer Price Index); hora=padrão BLS 8:30 ET (nao declarada pelo FRED); mes_referencia DERIVADO (mes do release - 1)
2016-02-19,8:30 AM,January 2016,FRED release/dates id=10 (Consumer Price Index); hora=padrão BLS 8:30 ET (nao declarada pelo FRED); mes_referencia DERIVADO (mes do release - 1)
2016-03-16,8:30 AM,February 2016,FRED release/dates id=10 (Consumer Price Index); hora=padrão BLS 8:30 ET (nao declarada pelo FRED); mes_referencia DERIVADO (mes do release - 1)
2016-04-14,8:30 AM,March 2016,FRED release/dates id=10 (Consumer Price Index); hora=padrão BLS 8:30 ET (nao declarada pelo FRED); mes_referencia DERIVADO (mes do release - 1)
2016-05-17,8:30 AM,April 2016,FRED release/dates id=10 (Consumer Price Index); hora=padrão BLS 8:30 ET (nao declarada pelo FRED); mes_referencia DERIVADO (mes do release - 1)
2016-06-16,8:30 AM,May 2016,FRED release/dates id=10 (Consumer Price Index); hora=padrão BLS 8:30 ET (nao declarada pelo FRED); mes_referencia DERIVADO (mes do release - 1)
2016-07-15,8:30 AM,June 2016,FRED release/dates id=10 (Consumer Price Index); hora=padrão BLS 8:30 ET (nao declarada pelo FRED); mes_referencia DERIVADO (mes do release - 1)
2016-08-16,8:30 AM,July 2016,FRED release/dates id=10 (Consumer Price Index); hora=padrão BLS 8:30 ET (nao declarada pelo FRED); mes_referencia DERIVADO (mes do release - 1)
2016-09-16,8:30 AM,August 2016,FRED release/dates id=10 (Consumer Price Index); hora=padrão BLS 8:30 ET (nao declarada pelo FRED); mes_referencia DERIVADO (mes do release - 1)
2016-10-18,8:30 AM,September 2016,FRED release/dates id=10 (Consumer Price Index); hora=padrão BLS 8:30 ET (nao declarada pelo FRED); mes_referencia DERIVADO (mes do release - 1)
2016-11-17,8:30 AM,October 2016,FRED release/dates id=10 (Consumer Price Index); hora=padrão BLS 8:30 ET (nao declarada pelo FRED); mes_referencia DERIVADO (mes do release - 1)
2016-12-15,8:30 AM,November 2016,FRED release/dates id=10 (Consumer Price Index); hora=padrão BLS 8:30 ET (nao declarada pelo FRED); mes_referencia DERIVADO (mes do release - 1)
2017-01-18,8:30 AM,December 2016,FRED release/dates id=10 (Consumer Price Index); hora=padrão BLS 8:30 ET (nao declarada pelo FRED); mes_referencia DERIVADO (mes do release - 1)
2017-02-13,8:30 AM,January 2017,FRED release/dates id=10 (Consumer Price Index); hora=padrão BLS 8:30 ET (nao declarada pelo FRED); mes_referencia DERIVADO (mes do release - 1)
2017-02-15,8:30 AM,January 2017,FRED release/dates id=10 (Consumer Price Index); hora=padrão BLS 8:30 ET (nao declarada pelo FRED); mes_referencia DERIVADO (mes do release - 1)
2017-03-15,8:30 AM,February 2017,FRED release/dates id=10 (Consumer Price Index); hora=padrão BLS 8:30 ET (nao declarada pelo FRED); mes_referencia DERIVADO (mes do release - 1)
2017-04-14,8:30 AM,March 2017,FRED release/dates id=10 (Consumer Price Index); hora=padrão BLS 8:30 ET (nao declarada pelo FRED); mes_referencia DERIVADO (mes do release - 1)
2017-05-12,8:30 AM,April 2017,FRED release/dates id=10 (Consumer Price Index); hora=padrão BLS 8:30 ET (nao declarada pelo FRED); mes_referencia DERIVADO (mes do release - 1)
2017-06-14,8:30 AM,May 2017,FRED release/dates id=10 (Consumer Price Index); hora=padrão BLS 8:30 ET (nao declarada pelo FRED); mes_referencia DERIVADO (mes do release - 1)
2017-07-14,8:30 AM,June 2017,FRED release/dates id=10 (Consumer Price Index); hora=padrão BLS 8:30 ET (nao declarada pelo FRED); mes_referencia DERIVADO (mes do release - 1)
2017-08-11,8:30 AM,July 2017,FRED release/dates id=10 (Consumer Price Index); hora=padrão BLS 8:30 ET (nao declarada pelo FRED); mes_referencia DERIVADO (mes do release - 1)
2017-09-14,8:30 AM,August 2017,FRED release/dates id=10 (Consumer Price Index); hora=padrão BLS 8:30 ET (nao declarada pelo FRED); mes_referencia DERIVADO (mes do release - 1)
2017-10-13,8:30 AM,September 2017,FRED release/dates id=10 (Consumer Price Index); hora=padrão BLS 8:30 ET (nao declarada pelo FRED); mes_referencia DERIVADO (mes do release - 1)
2017-11-15,8:30 AM,October 2017,FRED release/dates id=10 (Consumer Price Index); hora=padrão BLS 8:30 ET (nao declarada pelo FRED); mes_referencia DERIVADO (mes do release - 1)
2017-12-13,8:30 AM,November 2017,FRED release/dates id=10 (Consumer Price Index); hora=padrão BLS 8:30 ET (nao declarada pelo FRED); mes_referencia DERIVADO (mes do release - 1)
2018-01-12,8:30 AM,December 2017,FRED release/dates id=10 (Consumer Price Index); hora=padrão BLS 8:30 ET (nao declarada pelo FRED); mes_referencia DERIVADO (mes do release - 1)
2018-02-14,8:30 AM,January 2018,FRED release/dates id=10 (Consumer Price Index); hora=padrão BLS 8:30 ET (nao declarada pelo FRED); mes_referencia DERIVADO (mes do release - 1)
2018-03-13,8:30 AM,February 2018,FRED release/dates id=10 (Consumer Price Index); hora=padrão BLS 8:30 ET (nao declarada pelo FRED); mes_referencia DERIVADO (mes do release - 1)
2018-04-11,8:30 AM,March 2018,FRED release/dates id=10 (Consumer Price Index); hora=padrão BLS 8:30 ET (nao declarada pelo FRED); mes_referencia DERIVADO (mes do release - 1)
2018-05-10,8:30 AM,April 2018,FRED release/dates id=10 (Consumer Price Index); hora=padrão BLS 8:30 ET (nao declarada pelo FRED); mes_referencia DERIVADO (mes do release - 1)
2018-06-12,8:30 AM,May 2018,FRED release/dates id=10 (Consumer Price Index); hora=padrão BLS 8:30 ET (nao declarada pelo FRED); mes_referencia DERIVADO (mes do release - 1)
2018-07-12,8:30 AM,June 2018,FRED release/dates id=10 (Consumer Price Index); hora=padrão BLS 8:30 ET (nao declarada pelo FRED); mes_referencia DERIVADO (mes do release - 1)
2018-08-10,8:30 AM,July 2018,FRED release/dates id=10 (Consumer Price Index); hora=padrão BLS 8:30 ET (nao declarada pelo FRED); mes_referencia DERIVADO (mes do release - 1)
2018-09-13,8:30 AM,August 2018,FRED release/dates id=10 (Consumer Price Index); hora=padrão BLS 8:30 ET (nao declarada pelo FRED); mes_referencia DERIVADO (mes do release - 1)
2018-10-11,8:30 AM,September 2018,FRED release/dates id=10 (Consumer Price Index); hora=padrão BLS 8:30 ET (nao declarada pelo FRED); mes_referencia DERIVADO (mes do release - 1)
2018-11-14,8:30 AM,October 2018,FRED release/dates id=10 (Consumer Price Index); hora=padrão BLS 8:30 ET (nao declarada pelo FRED); mes_referencia DERIVADO (mes do release - 1)
2018-12-12,8:30 AM,November 2018,FRED release/dates id=10 (Consumer Price Index); hora=padrão BLS 8:30 ET (nao declarada pelo FRED); mes_referencia DERIVADO (mes do release - 1)
2019-01-11,8:30 AM,December 2018,FRED release/dates id=10 (Consumer Price Index); hora=padrão BLS 8:30 ET (nao declarada pelo FRED); mes_referencia DERIVADO (mes do release - 1)
2019-02-11,8:30 AM,January 2019,FRED release/dates id=10 (Consumer Price Index); hora=padrão BLS 8:30 ET (nao declarada pelo FRED); mes_referencia DERIVADO (mes do release - 1)
2019-02-13,8:30 AM,January 2019,FRED release/dates id=10 (Consumer Price Index); hora=padrão BLS 8:30 ET (nao declarada pelo FRED); mes_referencia DERIVADO (mes do release - 1)
2019-03-12,8:30 AM,February 2019,FRED release/dates id=10 (Consumer Price Index); hora=padrão BLS 8:30 ET (nao declarada pelo FRED); mes_referencia DERIVADO (mes do release - 1)
2019-04-10,8:30 AM,March 2019,FRED release/dates id=10 (Consumer Price Index); hora=padrão BLS 8:30 ET (nao declarada pelo FRED); mes_referencia DERIVADO (mes do release - 1)
2019-05-10,8:30 AM,April 2019,FRED release/dates id=10 (Consumer Price Index); hora=padrão BLS 8:30 ET (nao declarada pelo FRED); mes_referencia DERIVADO (mes do release - 1)
2019-06-12,8:30 AM,May 2019,FRED release/dates id=10 (Consumer Price Index); hora=padrão BLS 8:30 ET (nao declarada pelo FRED); mes_referencia DERIVADO (mes do release - 1)
2019-07-11,8:30 AM,June 2019,FRED release/dates id=10 (Consumer Price Index); hora=padrão BLS 8:30 ET (nao declarada pelo FRED); mes_referencia DERIVADO (mes do release - 1)
2019-08-13,8:30 AM,July 2019,FRED release/dates id=10 (Consumer Price Index); hora=padrão BLS 8:30 ET (nao declarada pelo FRED); mes_referencia DERIVADO (mes do release - 1)
2019-09-12,8:30 AM,August 2019,FRED release/dates id=10 (Consumer Price Index); hora=padrão BLS 8:30 ET (nao declarada pelo FRED); mes_referencia DERIVADO (mes do release - 1)
2019-10-10,8:30 AM,September 2019,FRED release/dates id=10 (Consumer Price Index); hora=padrão BLS 8:30 ET (nao declarada pelo FRED); mes_referencia DERIVADO (mes do release - 1)
2019-11-13,8:30 AM,October 2019,FRED release/dates id=10 (Consumer Price Index); hora=padrão BLS 8:30 ET (nao declarada pelo FRED); mes_referencia DERIVADO (mes do release - 1)
2019-12-11,8:30 AM,November 2019,FRED release/dates id=10 (Consumer Price Index); hora=padrão BLS 8:30 ET (nao declarada pelo FRED); mes_referencia DERIVADO (mes do release - 1)
2020-01-14,8:30 AM,December 2019,FRED release/dates id=10 (Consumer Price Index); hora=padrão BLS 8:30 ET (nao declarada pelo FRED); mes_referencia DERIVADO (mes do release - 1)
2020-02-11,8:30 AM,January 2020,FRED release/dates id=10 (Consumer Price Index); hora=padrão BLS 8:30 ET (nao declarada pelo FRED); mes_referencia DERIVADO (mes do release - 1)
2020-02-13,8:30 AM,January 2020,FRED release/dates id=10 (Consumer Price Index); hora=padrão BLS 8:30 ET (nao declarada pelo FRED); mes_referencia DERIVADO (mes do release - 1)
2020-03-11,8:30 AM,February 2020,FRED release/dates id=10 (Consumer Price Index); hora=padrão BLS 8:30 ET (nao declarada pelo FRED); mes_referencia DERIVADO (mes do release - 1)
2020-04-10,8:30 AM,March 2020,FRED release/dates id=10 (Consumer Price Index); hora=padrão BLS 8:30 ET (nao declarada pelo FRED); mes_referencia DERIVADO (mes do release - 1)
2020-05-12,8:30 AM,April 2020,FRED release/dates id=10 (Consumer Price Index); hora=padrão BLS 8:30 ET (nao declarada pelo FRED); mes_referencia DERIVADO (mes do release - 1)
2020-06-10,8:30 AM,May 2020,FRED release/dates id=10 (Consumer Price Index); hora=padrão BLS 8:30 ET (nao declarada pelo FRED); mes_referencia DERIVADO (mes do release - 1)
2020-07-14,8:30 AM,June 2020,FRED release/dates id=10 (Consumer Price Index); hora=padrão BLS 8:30 ET (nao declarada pelo FRED); mes_referencia DERIVADO (mes do release - 1)
2020-08-12,8:30 AM,July 2020,FRED release/dates id=10 (Consumer Price Index); hora=padrão BLS 8:30 ET (nao declarada pelo FRED); mes_referencia DERIVADO (mes do release - 1)
2020-09-11,8:30 AM,August 2020,FRED release/dates id=10 (Consumer Price Index); hora=padrão BLS 8:30 ET (nao declarada pelo FRED); mes_referencia DERIVADO (mes do release - 1)
2020-10-13,8:30 AM,September 2020,FRED release/dates id=10 (Consumer Price Index); hora=padrão BLS 8:30 ET (nao declarada pelo FRED); mes_referencia DERIVADO (mes do release - 1)
2020-11-12,8:30 AM,October 2020,FRED release/dates id=10 (Consumer Price Index); hora=padrão BLS 8:30 ET (nao declarada pelo FRED); mes_referencia DERIVADO (mes do release - 1)
2020-12-10,8:30 AM,November 2020,FRED release/dates id=10 (Consumer Price Index); hora=padrão BLS 8:30 ET (nao declarada pelo FRED); mes_referencia DERIVADO (mes do release - 1)
2021-01-13,8:30 AM,December 2020,FRED release/dates id=10 (Consumer Price Index); hora=padrão BLS 8:30 ET (nao declarada pelo FRED); mes_referencia DERIVADO (mes do release - 1)
2021-02-08,8:30 AM,January 2021,FRED release/dates id=10 (Consumer Price Index); hora=padrão BLS 8:30 ET (nao declarada pelo FRED); mes_referencia DERIVADO (mes do release - 1)
2021-02-10,8:30 AM,January 2021,FRED release/dates id=10 (Consumer Price Index); hora=padrão BLS 8:30 ET (nao declarada pelo FRED); mes_referencia DERIVADO (mes do release - 1)
2021-03-10,8:30 AM,February 2021,FRED release/dates id=10 (Consumer Price Index); hora=padrão BLS 8:30 ET (nao declarada pelo FRED); mes_referencia DERIVADO (mes do release - 1)
2021-04-13,8:30 AM,March 2021,FRED release/dates id=10 (Consumer Price Index); hora=padrão BLS 8:30 ET (nao declarada pelo FRED); mes_referencia DERIVADO (mes do release - 1)
2021-05-12,8:30 AM,April 2021,FRED release/dates id=10 (Consumer Price Index); hora=padrão BLS 8:30 ET (nao declarada pelo FRED); mes_referencia DERIVADO (mes do release - 1)
2021-06-10,8:30 AM,May 2021,FRED release/dates id=10 (Consumer Price Index); hora=padrão BLS 8:30 ET (nao declarada pelo FRED); mes_referencia DERIVADO (mes do release - 1)
2021-07-13,8:30 AM,June 2021,FRED release/dates id=10 (Consumer Price Index); hora=padrão BLS 8:30 ET (nao declarada pelo FRED); mes_referencia DERIVADO (mes do release - 1)
2021-08-11,8:30 AM,July 2021,FRED release/dates id=10 (Consumer Price Index); hora=padrão BLS 8:30 ET (nao declarada pelo FRED); mes_referencia DERIVADO (mes do release - 1)
2021-09-14,8:30 AM,August 2021,FRED release/dates id=10 (Consumer Price Index); hora=padrão BLS 8:30 ET (nao declarada pelo FRED); mes_referencia DERIVADO (mes do release - 1)
2021-10-13,8:30 AM,September 2021,FRED release/dates id=10 (Consumer Price Index); hora=padrão BLS 8:30 ET (nao declarada pelo FRED); mes_referencia DERIVADO (mes do release - 1)
2021-11-10,8:30 AM,October 2021,FRED release/dates id=10 (Consumer Price Index); hora=padrão BLS 8:30 ET (nao declarada pelo FRED); mes_referencia DERIVADO (mes do release - 1)
2021-12-10,8:30 AM,November 2021,FRED release/dates id=10 (Consumer Price Index); hora=padrão BLS 8:30 ET (nao declarada pelo FRED); mes_referencia DERIVADO (mes do release - 1)
2022-01-12,8:30 AM,December 2021,FRED release/dates id=10 (Consumer Price Index); hora=padrão BLS 8:30 ET (nao declarada pelo FRED); mes_referencia DERIVADO (mes do release - 1)
2022-02-08,8:30 AM,January 2022,FRED release/dates id=10 (Consumer Price Index); hora=padrão BLS 8:30 ET (nao declarada pelo FRED); mes_referencia DERIVADO (mes do release - 1)
2022-02-10,8:30 AM,January 2022,FRED release/dates id=10 (Consumer Price Index); hora=padrão BLS 8:30 ET (nao declarada pelo FRED); mes_referencia DERIVADO (mes do release - 1)
2022-03-10,8:30 AM,February 2022,FRED release/dates id=10 (Consumer Price Index); hora=padrão BLS 8:30 ET (nao declarada pelo FRED); mes_referencia DERIVADO (mes do release - 1)
2022-04-12,8:30 AM,March 2022,FRED release/dates id=10 (Consumer Price Index); hora=padrão BLS 8:30 ET (nao declarada pelo FRED); mes_referencia DERIVADO (mes do release - 1)
2022-05-11,8:30 AM,April 2022,FRED release/dates id=10 (Consumer Price Index); hora=padrão BLS 8:30 ET (nao declarada pelo FRED); mes_referencia DERIVADO (mes do release - 1)
2022-06-10,8:30 AM,May 2022,FRED release/dates id=10 (Consumer Price Index); hora=padrão BLS 8:30 ET (nao declarada pelo FRED); mes_referencia DERIVADO (mes do release - 1)
2022-07-13,8:30 AM,June 2022,FRED release/dates id=10 (Consumer Price Index); hora=padrão BLS 8:30 ET (nao declarada pelo FRED); mes_referencia DERIVADO (mes do release - 1)
2022-08-10,8:30 AM,July 2022,FRED release/dates id=10 (Consumer Price Index); hora=padrão BLS 8:30 ET (nao declarada pelo FRED); mes_referencia DERIVADO (mes do release - 1)
2022-09-13,8:30 AM,August 2022,FRED release/dates id=10 (Consumer Price Index); hora=padrão BLS 8:30 ET (nao declarada pelo FRED); mes_referencia DERIVADO (mes do release - 1)
2022-10-13,8:30 AM,September 2022,FRED release/dates id=10 (Consumer Price Index); hora=padrão BLS 8:30 ET (nao declarada pelo FRED); mes_referencia DERIVADO (mes do release - 1)
2022-11-10,8:30 AM,October 2022,FRED release/dates id=10 (Consumer Price Index); hora=padrão BLS 8:30 ET (nao declarada pelo FRED); mes_referencia DERIVADO (mes do release - 1)
2022-12-13,8:30 AM,November 2022,FRED release/dates id=10 (Consumer Price Index); hora=padrão BLS 8:30 ET (nao declarada pelo FRED); mes_referencia DERIVADO (mes do release - 1)
2023-01-12,8:30 AM,December 2022,FRED release/dates id=10 (Consumer Price Index); hora=padrão BLS 8:30 ET (nao declarada pelo FRED); mes_referencia DERIVADO (mes do release - 1)
2023-02-10,8:30 AM,January 2023,FRED release/dates id=10 (Consumer Price Index); hora=padrão BLS 8:30 ET (nao declarada pelo FRED); mes_referencia DERIVADO (mes do release - 1)
2023-02-14,8:30 AM,January 2023,FRED release/dates id=10 (Consumer Price Index); hora=padrão BLS 8:30 ET (nao declarada pelo FRED); mes_referencia DERIVADO (mes do release - 1)
2023-03-14,8:30 AM,February 2023,FRED release/dates id=10 (Consumer Price Index); hora=padrão BLS 8:30 ET (nao declarada pelo FRED); mes_referencia DERIVADO (mes do release - 1)
2023-04-12,8:30 AM,March 2023,FRED release/dates id=10 (Consumer Price Index); hora=padrão BLS 8:30 ET (nao declarada pelo FRED); mes_referencia DERIVADO (mes do release - 1)
2023-05-10,8:30 AM,April 2023,FRED release/dates id=10 (Consumer Price Index); hora=padrão BLS 8:30 ET (nao declarada pelo FRED); mes_referencia DERIVADO (mes do release - 1)
2023-06-13,8:30 AM,May 2023,FRED release/dates id=10 (Consumer Price Index); hora=padrão BLS 8:30 ET (nao declarada pelo FRED); mes_referencia DERIVADO (mes do release - 1)
2023-07-12,8:30 AM,June 2023,FRED release/dates id=10 (Consumer Price Index); hora=padrão BLS 8:30 ET (nao declarada pelo FRED); mes_referencia DERIVADO (mes do release - 1)
2023-08-10,8:30 AM,July 2023,FRED release/dates id=10 (Consumer Price Index); hora=padrão BLS 8:30 ET (nao declarada pelo FRED); mes_referencia DERIVADO (mes do release - 1)
2023-09-13,8:30 AM,August 2023,FRED release/dates id=10 (Consumer Price Index); hora=padrão BLS 8:30 ET (nao declarada pelo FRED); mes_referencia DERIVADO (mes do release - 1)
2023-10-12,8:30 AM,September 2023,FRED release/dates id=10 (Consumer Price Index); hora=padrão BLS 8:30 ET (nao declarada pelo FRED); mes_referencia DERIVADO (mes do release - 1)
2023-11-14,8:30 AM,October 2023,FRED release/dates id=10 (Consumer Price Index); hora=padrão BLS 8:30 ET (nao declarada pelo FRED); mes_referencia DERIVADO (mes do release - 1)
2023-12-12,8:30 AM,November 2023,FRED release/dates id=10 (Consumer Price Index); hora=padrão BLS 8:30 ET (nao declarada pelo FRED); mes_referencia DERIVADO (mes do release - 1)
2024-01-11,8:30 AM,December 2023,FRED release/dates id=10 (Consumer Price Index); hora=padrão BLS 8:30 ET (nao declarada pelo FRED); mes_referencia DERIVADO (mes do release - 1)
2024-02-09,8:30 AM,January 2024,FRED release/dates id=10 (Consumer Price Index); hora=padrão BLS 8:30 ET (nao declarada pelo FRED); mes_referencia DERIVADO (mes do release - 1)
2024-02-13,8:30 AM,January 2024,FRED release/dates id=10 (Consumer Price Index); hora=padrão BLS 8:30 ET (nao declarada pelo FRED); mes_referencia DERIVADO (mes do release - 1)
2024-03-12,8:30 AM,February 2024,FRED release/dates id=10 (Consumer Price Index); hora=padrão BLS 8:30 ET (nao declarada pelo FRED); mes_referencia DERIVADO (mes do release - 1)
2024-04-10,8:30 AM,March 2024,FRED release/dates id=10 (Consumer Price Index); hora=padrão BLS 8:30 ET (nao declarada pelo FRED); mes_referencia DERIVADO (mes do release - 1)
2024-05-15,8:30 AM,April 2024,FRED release/dates id=10 (Consumer Price Index); hora=padrão BLS 8:30 ET (nao declarada pelo FRED); mes_referencia DERIVADO (mes do release - 1)
2024-06-12,8:30 AM,May 2024,FRED release/dates id=10 (Consumer Price Index); hora=padrão BLS 8:30 ET (nao declarada pelo FRED); mes_referencia DERIVADO (mes do release - 1)
2024-07-11,8:30 AM,June 2024,FRED release/dates id=10 (Consumer Price Index); hora=padrão BLS 8:30 ET (nao declarada pelo FRED); mes_referencia DERIVADO (mes do release - 1)
2024-08-14,8:30 AM,July 2024,FRED release/dates id=10 (Consumer Price Index); hora=padrão BLS 8:30 ET (nao declarada pelo FRED); mes_referencia DERIVADO (mes do release - 1)
2024-09-11,8:30 AM,August 2024,FRED release/dates id=10 (Consumer Price Index); hora=padrão BLS 8:30 ET (nao declarada pelo FRED); mes_referencia DERIVADO (mes do release - 1)
2024-10-10,8:30 AM,September 2024,FRED release/dates id=10 (Consumer Price Index); hora=padrão BLS 8:30 ET (nao declarada pelo FRED); mes_referencia DERIVADO (mes do release - 1)
2024-11-13,8:30 AM,October 2024,FRED release/dates id=10 (Consumer Price Index); hora=padrão BLS 8:30 ET (nao declarada pelo FRED); mes_referencia DERIVADO (mes do release - 1)
2024-12-11,8:30 AM,November 2024,FRED release/dates id=10 (Consumer Price Index); hora=padrão BLS 8:30 ET (nao declarada pelo FRED); mes_referencia DERIVADO (mes do release - 1)
2025-01-15,8:30 AM,December 2024,FRED release/dates id=10 (Consumer Price Index); hora=padrão BLS 8:30 ET (nao declarada pelo FRED); mes_referencia DERIVADO (mes do release - 1)
2025-02-12,8:30 AM,January 2025,FRED release/dates id=10 (Consumer Price Index); hora=padrão BLS 8:30 ET (nao declarada pelo FRED); mes_referencia DERIVADO (mes do release - 1)
2025-03-12,8:30 AM,February 2025,FRED release/dates id=10 (Consumer Price Index); hora=padrão BLS 8:30 ET (nao declarada pelo FRED); mes_referencia DERIVADO (mes do release - 1)
2025-04-10,8:30 AM,March 2025,FRED release/dates id=10 (Consumer Price Index); hora=padrão BLS 8:30 ET (nao declarada pelo FRED); mes_referencia DERIVADO (mes do release - 1)
2025-05-13,8:30 AM,April 2025,FRED release/dates id=10 (Consumer Price Index); hora=padrão BLS 8:30 ET (nao declarada pelo FRED); mes_referencia DERIVADO (mes do release - 1)
2025-06-11,8:30 AM,May 2025,FRED release/dates id=10 (Consumer Price Index); hora=padrão BLS 8:30 ET (nao declarada pelo FRED); mes_referencia DERIVADO (mes do release - 1)
2025-07-15,8:30 AM,June 2025,FRED release/dates id=10 (Consumer Price Index); hora=padrão BLS 8:30 ET (nao declarada pelo FRED); mes_referencia DERIVADO (mes do release - 1)
2025-08-12,8:30 AM,July 2025,FRED release/dates id=10 (Consumer Price Index); hora=padrão BLS 8:30 ET (nao declarada pelo FRED); mes_referencia DERIVADO (mes do release - 1)
2025-09-11,8:30 AM,August 2025,FRED release/dates id=10 (Consumer Price Index); hora=padrão BLS 8:30 ET (nao declarada pelo FRED); mes_referencia DERIVADO (mes do release - 1)
2025-10-24,8:30 AM,September 2025,FRED release/dates id=10 (Consumer Price Index); hora=padrão BLS 8:30 ET (nao declarada pelo FRED); mes_referencia DERIVADO (mes do release - 1)
2025-12-18,8:30 AM,November 2025,FRED release/dates id=10 (Consumer Price Index); hora=padrão BLS 8:30 ET (nao declarada pelo FRED); mes_referencia DERIVADO (mes do release - 1)
2026-01-13,8:30 AM,December 2025,FRED release/dates id=10 (Consumer Price Index); hora=padrão BLS 8:30 ET (nao declarada pelo FRED); mes_referencia DERIVADO (mes do release - 1)
2026-02-13,8:30 AM,January 2026,FRED release/dates id=10 (Consumer Price Index); hora=padrão BLS 8:30 ET (nao declarada pelo FRED); mes_referencia DERIVADO (mes do release - 1)
2026-03-11,8:30 AM,February 2026,FRED release/dates id=10 (Consumer Price Index); hora=padrão BLS 8:30 ET (nao declarada pelo FRED); mes_referencia DERIVADO (mes do release - 1)
2026-04-10,8:30 AM,March 2026,FRED release/dates id=10 (Consumer Price Index); hora=padrão BLS 8:30 ET (nao declarada pelo FRED); mes_referencia DERIVADO (mes do release - 1)
2026-05-12,8:30 AM,April 2026,FRED release/dates id=10 (Consumer Price Index); hora=padrão BLS 8:30 ET (nao declarada pelo FRED); mes_referencia DERIVADO (mes do release - 1)
2026-06-10,8:30 AM,May 2026,FRED release/dates id=10 (Consumer Price Index); hora=padrão BLS 8:30 ET (nao declarada pelo FRED); mes_referencia DERIVADO (mes do release - 1)
2026-07-14,8:30 AM,June 2026,FRED release/dates id=10 (Consumer Price Index); hora=padrão BLS 8:30 ET (nao declarada pelo FRED); mes_referencia DERIVADO (mes do release - 1)
2026-08-12,8:30 AM,July 2026,FRED release/dates id=10 (Consumer Price Index); hora=padrão BLS 8:30 ET (nao declarada pelo FRED); mes_referencia DERIVADO (mes do release - 1)
2026-09-11,8:30 AM,August 2026,FRED release/dates id=10 (Consumer Price Index); hora=padrão BLS 8:30 ET (nao declarada pelo FRED); mes_referencia DERIVADO (mes do release - 1)
2026-10-14,8:30 AM,September 2026,FRED release/dates id=10 (Consumer Price Index); hora=padrão BLS 8:30 ET (nao declarada pelo FRED); mes_referencia DERIVADO (mes do release - 1)
2026-11-10,8:30 AM,October 2026,FRED release/dates id=10 (Consumer Price Index); hora=padrão BLS 8:30 ET (nao declarada pelo FRED); mes_referencia DERIVADO (mes do release - 1)
2026-12-10,8:30 AM,November 2026,FRED release/dates id=10 (Consumer Price Index); hora=padrão BLS 8:30 ET (nao declarada pelo FRED); mes_referencia DERIVADO (mes do release - 1)
